gid,role,role_score,cluster_id,priority_score,evidence,rank,rule_fired,alt_role,sink_status,truncated,p_forward,is_seed,depth,in_deg,out_deg,in_kzt,out_kzt,in_tx,out_tx,out_in_ratio,fast_share,unseen_inflow_kzt,seed_in,seed_out,pagerank,betweenness,flags,prio_role,prio_flow,prio_centrality,prio_seed,prio_flags
100000008165763100,consolidator,1.0,5,0.8866,"Получает от 15 плательщиков: 1,17 млн ₸, 26 переводов (в среднем 45 тыс ₸); seed среди плательщиков: 1; дальше ушло 109% полученного 17 получателям; 4 плательщика за один день (12.07)",1,R3: in_deg=15≥4,distributor,not_sink,False,1.0,False,1,15,17,1165815.0,1267858.0,26,17,1.0875,0.5411,102043.0,1,0,0.00091024,0.00034529,burst_in;repeat_route;repeat_amounts;anomaly;unseen_inflow,0.315,0.2442,0.194,0.0333,0.1
100000008603629100,coordinator,0.9,8,0.864,"Хаб: собирает от 19 плательщиков (1,82 млн ₸) и раздаёт 61 получателю (4,99 млн ₸); связан с 4 кластерами с seed",2,"R1 хаб: in_deg=19≥8, out_deg=61≥20",distributor,not_sink,False,1.0,False,2,19,61,1817300.0,4986156.0,45,74,2.7437,1.0,3168856.0,0,0,0.00119181,0.00576053,fast_transit;burst_in;burst_out;in_cycle;repeat_route;repeat_amounts;anomaly;unseen_inflow,0.315,0.2493,0.1996,0.0,0.1
100000000331309100,coordinator,0.875,3,0.8558,"Мост между 7 кластерами с seed (посредничество в топ-1%); получил 985 тыс ₸ от 5 плательщиков (8 переводов), отправил 23,00 млн ₸ 99 получателям (126 переводов)",3,"R1 мост: посредничество 0.0046 (топ-1%), кластеров с seed=7",distributor,not_sink,False,1.0,False,2,5,99,984635.0,23001375.0,8,126,23.3603,1.0,22016740.0,0,0,0.00087569,0.00455723,fast_transit;burst_in;burst_out;in_cycle;repeat_route;anomaly;unseen_inflow,0.3062,0.25,0.1996,0.0,0.1
100000008346837100,coordinator,0.75,21,0.834,"Мост между 6 кластерами с seed (посредничество в топ-1%); получил 254 тыс ₸ от 9 плательщиков (12 переводов), отправил 1,26 млн ₸ 25 получателям (26 переводов)",4,"R1 мост: посредничество 0.0090 (топ-1%), кластеров с seed=6",consolidator,not_sink,False,1.0,False,2,9,25,254359.0,1258643.0,12,26,4.9483,0.8278,1004284.0,0,1,0.00054741,0.00898116,fast_transit;burst_in;in_cycle;anomaly;unseen_inflow,0.2625,0.2382,0.2,0.0333,0.1
100000004015047100,consolidator,0.75,7,0.8323,"Получает от 9 плательщиков: 919 тыс ₸, 18 переводов (в среднем 51 тыс ₸); seed среди плательщиков: 3; дальше ушло 8% полученного 1 получателю",5,R3: in_deg=9≥4,-,not_sink,False,1.0,False,1,9,1,919104.0,69195.0,18,7,0.0753,0.0479,0.0,3,1,0.0022786,2.289e-05,in_cycle;anomaly,0.2362,0.2312,0.1982,0.1,0.0667
100000003115284100,consolidator,0.682,14,0.8218,"Получает от 8 плательщиков: 2,16 млн ₸, 15 переводов (в среднем 144 тыс ₸); seed среди плательщиков: 2; дальше ушло 24% полученного 2 получателям; 7 плательщиков за один день (19.07)",6,R3: in_deg=8≥4,-,not_sink,False,1.0,False,1,8,2,2160500.0,517000.0,15,4,0.2393,0.2361,0.0,2,0,0.00152864,0.0001278,burst_in;in_cycle;repeat_route;repeat_amounts,0.2148,0.2453,0.1949,0.0667,0.1
100000002578405100,distributor,1.0,11,0.8184,"Веерная раздача: 3,11 млн ₸ 116 получателям (120 переводов, в среднем 26 тыс ₸); получил 1,20 млн ₸ от 2 плательщиков; 9 получателей за один день (08.07)",7,R2: out_deg=116≥10 и ≥3×in_deg,-,not_sink,False,1.0,False,2,2,116,1200351.0,3108352.0,7,120,2.5895,1.0,1908001.0,0,0,0.00057001,0.000171,fast_transit;burst_out;in_cycle;repeat_route;anomaly;unseen_inflow,0.28,0.2479,0.1905,0.0,0.1
100000008304139100,distributor,0.64,5,0.8183,"Веерная раздача: 1,69 млн ₸ 24 получателям (43 перевода, в среднем 39 тыс ₸); получил 189 тыс ₸ от 4 плательщиков",8,R2: out_deg=24≥10 и ≥3×in_deg,consolidator,not_sink,False,1.0,False,1,4,24,189329.75,1692997.0,4,43,8.9421,0.9044,1503667.25,1,2,0.00031362,0.0013103,fast_transit;in_cycle;anomaly;unseen_inflow,0.1792,0.2419,0.1972,0.1,0.1
100000002398779100,consolidator,0.909,1,0.8158,"Получает от 13 плательщиков: 1,10 млн ₸, 28 переводов (в среднем 39 тыс ₸); дальше ушло 6% полученного 1 получателю; 7 плательщиков за один день (09.07)",9,R3: in_deg=13≥4,-,not_sink,False,1.0,False,2,13,1,1095690.0,66000.0,28,3,0.0602,0.0602,0.0,0,0,0.0016005,1.278e-05,burst_in;repeat_route;anomaly,0.2863,0.2343,0.1951,0.0,0.1
100000001697501100,distributor,0.78,11,0.8158,"Веерная раздача: 1,48 млн ₸ 38 получателям (55 переводов, в среднем 27 тыс ₸); получил 124 тыс ₸ от 3 плательщиков; 6 получателей за один день (08.07)",10,R2: out_deg=38≥10 и ≥3×in_deg,-,not_sink,False,1.0,False,1,3,38,123700.0,1482606.0,3,55,11.9855,1.0,1358906.0,1,1,0.0005916,0.00020548,fast_transit;burst_out;in_cycle;anomaly;unseen_inflow,0.2184,0.2393,0.1915,0.0667,0.1
100000003684369100,coordinator,0.925,5,0.8148,"Хаб: собирает от 24 плательщиков (3,85 млн ₸) и раздаёт 62 получателям (8,59 млн ₸); связан с 5 кластерами с seed; seed среди плательщиков: 1",11,"R1 хаб: in_deg=24≥8, out_deg=62≥20",consolidator,not_sink,False,1.0,True,0,24,62,3848436.0,8588655.0,58,67,2.2317,0.9776,4740219.0,1,0,0.00202029,0.00230307,fast_transit;burst_in;burst_out;in_cycle;repeat_route;repeat_amounts,0.2914,0.2248,0.1786,0.03,0.09
100000004070318100,coordinator,0.5,1,0.7991,"Платит 3 известным участникам (seed); получил 207 тыс ₸ от 4 плательщиков (6 переводов), отправил 552 тыс ₸ 19 получателям (37 переводов); seed среди плательщиков: 1",12,R1 платит seed: seed-получателей=3≥3,distributor,not_sink,False,1.0,False,1,4,19,207246.55,551860.0,6,37,2.6628,1.0,344613.45,1,3,0.00031412,0.00207327,fast_transit;in_cycle;anomaly;unseen_inflow,0.175,0.2258,0.1983,0.1,0.1
100000008686313100,consolidator,0.591,1,0.7946,"Получает от 6 плательщиков: 1,91 млн ₸, 16 переводов (в среднем 120 тыс ₸); seed среди плательщиков: 1; дальше ушло 17% полученного 7 получателям",13,R3: in_deg=6≥4,-,not_sink,False,1.0,False,1,6,7,1912716.0,333800.0,16,13,0.1745,0.1243,0.0,1,1,0.00046763,0.00198483,in_cycle;repeat_route;anomaly,0.1862,0.2438,0.198,0.0667,0.1
100000005287097100,transit,0.762,6,0.7841,"Получил 127 тыс ₸ от 2 плательщиков (5 переводов), отправил 697 тыс ₸ 9 получателям (42 перевода); отправил в 5,5× больше полученного → есть невидимые входящие; 80% полученного ушло за ≤2 дн",14,R4: out/in=5.48>1.2 (невидимые входящие),-,not_sink,False,1.0,False,1,2,9,127173.0,697300.0,5,42,5.4831,0.8018,570127.0,1,2,0.00030271,0.00078322,fast_transit;in_cycle;anomaly;unseen_inflow,0.16,0.2281,0.196,0.1,0.1
100000005910114100,coordinator,0.5,8,0.7821,"Мост между 4 кластерами с seed (посредничество в топ-1%); получил 326 тыс ₸ от 3 плательщиков (3 перевода), отправил 1,47 млн ₸ 19 получателям (56 переводов)",15,"R1 мост: посредничество 0.0058 (топ-1%), кластеров с seed=4",distributor,not_sink,False,1.0,False,3,3,19,326144.0,1469993.0,3,56,4.5072,0.8161,1143849.0,0,2,0.00036165,0.00584221,fast_transit;burst_out;in_cycle;unseen_inflow,0.175,0.2407,0.1997,0.0667,0.1
100000008477350100,coordinator,0.642,1,0.7707,"Хаб: собирает от 11 плательщиков (610 тыс ₸) и раздаёт 39 получателям (3,37 млн ₸); связан с 2 кластерами с seed",16,"R1 хаб: in_deg=11≥8, out_deg=39≥20",distributor,not_sink,False,1.0,False,2,11,39,610100.0,3374866.0,14,44,5.5317,0.7237,2764766.0,0,0,0.00103424,0.00251719,burst_out;in_cycle;repeat_route;anomaly;unseen_inflow,0.2247,0.2471,0.1988,0.0,0.1
100000005382566100,consolidator,1.0,33,0.7703,"Получает от 7 плательщиков: 393 тыс ₸, 11 переводов (в среднем 36 тыс ₸); seed среди плательщиков: 6; дальше ушло 13% полученного 1 получателю",17,R3: in_deg=7≥4,-,not_sink,False,1.0,True,0,7,1,393066.0,50000.0,11,1,0.1272,0.1272,0.0,6,1,0.00211326,4.637e-05,in_cycle,0.2835,0.1888,0.1781,0.09,0.03
100000004135268100,transit,0.937,29,0.7696,"Получил 1,24 млн ₸ от 2 плательщиков (3 перевода), отправил 1,00 млн ₸ 3 получателям (4 перевода); дальше ушло 81%; 69% полученного ушло за ≤2 дн; seed среди плательщиков: 1",18,R4: out/in=0.81∈[0.8;1.2],-,not_sink,False,1.0,False,1,2,3,1239000.0,1000200.0,3,4,0.8073,0.686,0.0,1,1,0.00174053,1.19e-06,in_cycle;repeat_route,0.1968,0.2437,0.1958,0.0667,0.0667
100000006866783100,coordinator,0.875,1,0.769,"Мост между 7 кластерами с seed (посредничество в топ-1%); получил 839 тыс ₸ от 13 плательщиков (31 перевод), отправил 3,95 млн ₸ 67 получателям (90 переводов)",19,"R1 мост: посредничество 0.0060 (топ-1%), кластеров с seed=7",distributor,not_sink,False,1.0,True,0,13,67,838812.0,3948037.0,31,90,4.7067,1.0,3109225.0,0,0,0.00087037,0.00604523,fast_transit;burst_in;burst_out;in_cycle;repeat_route;repeat_amounts,0.2756,0.2235,0.1798,0.0,0.09
100000000437046100,coordinator,0.625,1,0.7666,"Мост между 5 кластерами с seed (посредничество в топ-1%); получил 1,11 млн ₸ от 9 плательщиков (20 переводов), отправил 7,61 млн ₸ 42 получателям (73 перевода)",20,"R1 мост: посредничество 0.0022 (топ-1%), кластеров с seed=5",distributor,not_sink,False,1.0,False,2,9,42,1107200.0,7606224.0,20,73,6.8698,0.8963,6499024.0,0,0,0.00079249,0.00219715,fast_transit;burst_in;burst_out;in_cycle;repeat_route;repeat_amounts;anomaly;unseen_inflow,0.2188,0.2494,0.1984,0.0,0.1
100000008733194100,coordinator,0.667,21,0.7656,"Платит 4 известным участникам (seed); получил 251 тыс ₸ от 4 плательщиков (4 перевода), отправил 160 тыс ₸ 8 получателям (8 переводов)",21,R1 платит seed: seed-получателей=4≥3,consolidator,not_sink,False,1.0,False,2,4,8,251424.0,159695.0,4,8,0.6352,0.4519,0.0,0,4,0.00047073,0.00020045,in_cycle,0.2334,0.2074,0.1914,0.1,0.0333
100000004156082100,distributor,0.66,19,0.7618,"Веерная раздача: 2,32 млн ₸ 26 получателям (29 переводов, в среднем 80 тыс ₸); получил 377 тыс ₸ от 5 плательщиков; 7 получателей за один день (31.07)",22,R2: out_deg=26≥10 и ≥3×in_deg,consolidator,not_sink,False,1.0,False,1,5,26,377366.11,2319556.0,7,29,6.1467,1.0,1942189.8900000001,1,0,0.00086697,0.00204004,fast_transit;burst_out;in_cycle;repeat_route;anomaly;unseen_inflow,0.1848,0.2454,0.1982,0.0333,0.1
100000008636603100,coordinator,0.625,6,0.7603,"Мост между 5 кластерами с seed (посредничество в топ-1%); получил 35 тыс ₸ от 2 плательщиков (2 перевода), отправил 159 тыс ₸ 6 получателям (7 переводов)",23,"R1 мост: посредничество 0.0035 (топ-1%), кластеров с seed=5",-,not_sink,False,1.0,False,2,2,6,35460.0,159375.0,2,7,4.4945,1.0,123915.0,0,3,0.0003387,0.00347457,fast_transit;in_cycle;unseen_inflow,0.2188,0.1756,0.1993,0.1,0.0667
100000008748914100,distributor,0.53,5,0.7585,"Веерная раздача: 4,47 млн ₸ 13 получателям (21 перевод, в среднем 213 тыс ₸); получил 180 тыс ₸ от 2 плательщиков; 6 получателей за один день (23.07)",24,R2: out_deg=13≥10 и ≥3×in_deg,-,not_sink,False,1.0,False,1,2,13,180000.0,4471847.0,9,21,24.8436,1.0,4291847.0,1,1,0.00079083,0.00064061,fast_transit;burst_out;in_cycle;repeat_route;anomaly;unseen_inflow,0.1484,0.2481,0.1953,0.0667,0.1
100000004299488100,consolidator,0.591,1,0.7576,"Получает от 6 плательщиков: 1,75 млн ₸, 22 перевода (в среднем 80 тыс ₸); seed среди плательщиков: 1; дальше ушло 20% полученного 2 получателям; 3 плательщика за один день (08.07)",25,R3: in_deg=6≥4,-,not_sink,False,1.0,False,1,6,2,1749000.0,344999.0,22,14,0.1973,0.1841,0.0,1,0,0.00146212,2.081e-05,burst_in;in_cycle;repeat_route;anomaly,0.1862,0.2433,0.1948,0.0333,0.1
100000004351795100,distributor,0.54,1,0.7573,"Веерная раздача: 1,72 млн ₸ 14 получателям (37 переводов, в среднем 46 тыс ₸); получил 118 тыс ₸ от 3 плательщиков; 5 получателей за один день (30.07)",26,R2: out_deg=14≥10 и ≥3×in_deg,-,not_sink,False,1.0,False,1,3,14,118333.0,1715161.0,3,37,14.4944,1.0,1596828.0,1,1,0.00031352,0.00242852,fast_transit;burst_out;in_cycle;anomaly;unseen_inflow,0.1512,0.2409,0.1986,0.0667,0.1
100000007055802100,consolidator,0.591,1,0.7571,"Получает от 6 плательщиков: 2,02 млн ₸, 34 перевода (в среднем 60 тыс ₸); seed среди плательщиков: 1; дальше ушло 30% полученного 1 получателю; 4 плательщика за один день (18.07)",27,R3: in_deg=6≥4,-,not_sink,False,1.0,False,1,6,1,2024999.0,605000.0,34,7,0.2988,0.2015,0.0,1,0,0.00118192,4.36e-06,burst_in;in_cycle;repeat_route;repeat_amounts;anomaly,0.1862,0.2452,0.1923,0.0333,0.1
100000008489922100,distributor,0.76,2,0.7563,"Веерная раздача: 3,79 млн ₸ 36 получателям (41 перевод, в среднем 92 тыс ₸); получил 262 тыс ₸ от 3 плательщиков; 7 получателей за один день (16.07)",28,R2: out_deg=36≥10 и ≥3×in_deg,-,not_sink,False,1.0,False,3,3,36,262010.0,3789900.0,5,41,14.4647,0.8893,3527890.0,0,0,0.0005859,0.00087219,fast_transit;burst_out;in_cycle;unseen_inflow,0.2128,0.2473,0.1962,0.0,0.1
100000003796063100,distributor,0.55,3,0.749,"Веерная раздача: 959 тыс ₸ 15 получателям (23 перевода, в среднем 42 тыс ₸); получил 35 тыс ₸ от 1 плательщика; 5 получателей за один день (12.07)",29,R2: out_deg=15≥10 и ≥3×in_deg,-,not_sink,False,1.0,False,3,1,15,35000.0,959150.0,1,23,27.4043,1.0,924150.0,0,2,0.00068526,0.00117893,fast_transit;burst_out;in_cycle;unseen_inflow,0.154,0.2313,0.1971,0.0667,0.1
100000004071080100,consolidator,0.727,1,0.7485,"Получает от 9 плательщиков: 239 тыс ₸, 16 переводов (в среднем 15 тыс ₸); seed среди плательщиков: 1; дальше ушло 19% полученного 2 получателям",30,R3: in_deg=9≥4,-,not_sink,False,1.0,False,1,9,2,238600.0,46500.0,16,5,0.1949,0.1697,0.0,1,0,0.001369,2.814e-05,in_cycle;repeat_route;repeat_amounts,0.229,0.1923,0.1939,0.0333,0.1
100000006518161100,transit,0.9,6,0.7434,"Получил 594 тыс ₸ от 3 плательщиков (13 переводов), отправил 596 тыс ₸ 2 получателям (13 переводов); дальше ушло 100%; 50% полученного ушло за ≤2 дн; seed среди плательщиков: 1",31,R4: out/in=1.00∈[0.8;1.2],-,not_sink,False,1.0,False,1,3,2,594200.0,595899.0,13,13,1.0029,0.5022,1699.0,1,0,0.00081081,5.786e-05,in_cycle;repeat_route;anomaly,0.189,0.235,0.186,0.0333,0.1
100000006889963100,consolidator,0.5,3,0.7395,"Получает от 4 плательщиков: 1,43 млн ₸, 6 переводов (в среднем 238 тыс ₸); seed среди плательщиков: 2; дальше ушло 31% полученного 1 получателю; 4 плательщика за один день (21.07)",32,R3: in_deg=4≥4,-,not_sink,False,1.0,False,1,4,1,1431000.0,443475.8,6,3,0.3099,0.3099,0.0,2,0,0.00042726,2.516e-05,burst_in;repeat_route;repeat_amounts,0.1575,0.2417,0.1737,0.0667,0.1
100000005704413100,distributor,0.72,12,0.7383,"Веерная раздача: 1,36 млн ₸ 32 получателям (35 переводов, в среднем 39 тыс ₸); получил 98 тыс ₸ от 3 плательщиков; 6 получателей за один день (14.07)",33,R2: out_deg=32≥10 и ≥3×in_deg,-,not_sink,False,1.0,False,3,3,32,97834.67,1363593.0,4,35,13.9377,1.0,1265758.33,0,0,0.00059969,0.00256276,fast_transit;burst_out;in_cycle;repeat_route;unseen_inflow,0.2016,0.2378,0.1989,0.0,0.1
100000002731501100,transit,0.844,27,0.7377,"Получил 570 тыс ₸ от 3 плательщиков (7 переводов), отправил 834 тыс ₸ 7 получателям (20 переводов); отправил в 1,5× больше полученного → есть невидимые входящие; 35% полученного ушло за ≤2 дн",34,R4: out/in=1.46>1.2 (невидимые входящие),-,not_sink,False,1.0,False,1,3,7,570370.0,833960.0,7,20,1.4621,0.3506,263590.0,1,1,0.00048558,4.46e-06,burst_in;in_cycle;repeat_route;anomaly;unseen_inflow,0.1772,0.2372,0.1565,0.0667,0.1
100000002527114100,distributor,1.0,11,0.736,"Веерная раздача: 3,29 млн ₸ 111 получателям (113 переводов, в среднем 29 тыс ₸); получил 129 тыс ₸ от 3 плательщиков; 11 получателей за один день (22.07)",35,R2: out_deg=111≥10 и ≥3×in_deg,-,not_sink,False,1.0,True,0,3,111,129000.0,3289249.0,4,113,25.4981,1.0,3160249.0,0,0,0.00081111,0.00019339,fast_transit;burst_out;in_cycle,0.252,0.2219,0.1721,0.0,0.09
100000004390333100,transit,0.755,1,0.7351,"Получил 65 тыс ₸ от 2 плательщиков (2 перевода), отправил 506 тыс ₸ 9 получателям (14 переводов); отправил в 7,8× больше полученного → есть невидимые входящие; 100% полученного ушло за ≤2 дн",36,R4: out/in=7.85>1.2 (невидимые входящие),-,not_sink,False,1.0,False,1,2,9,64558.0,506500.0,2,14,7.8457,1.0,441942.0,1,2,0.00029521,0.00015842,fast_transit;in_cycle;unseen_inflow,0.1585,0.2198,0.1901,0.1,0.0667
100000005339662100,consolidator,0.5,19,0.735,"Получает от 4 плательщиков: 203 тыс ₸, 9 переводов (в среднем 23 тыс ₸); seed среди плательщиков: 1; отправил 4 получателям в 1,5× больше полученного (невидимые входящие)",37,R3: in_deg=4≥4,-,not_sink,False,1.0,False,1,4,4,202939.0,295160.0,9,15,1.4544,0.6341,92221.0,1,1,0.00165674,0.00013962,in_cycle;repeat_route;anomaly,0.1575,0.2154,0.1955,0.0667,0.1
100000004403675100,consolidator,0.5,33,0.7335,"Получает от 4 плательщиков: 183 тыс ₸, 8 переводов (в среднем 23 тыс ₸); seed среди плательщиков: 2; отправил 5 получателям в 1,4× больше полученного (невидимые входящие)",38,R3: in_deg=4≥4,-,not_sink,False,1.0,False,1,4,5,182980.0,264699.0,8,6,1.4466,0.4082,81719.0,2,1,0.00074007,0.00278767,in_cycle;repeat_route,0.1575,0.2102,0.1991,0.1,0.0667
100000003635170100,transit,0.907,53,0.7333,"Получил 268 тыс ₸ от 3 плательщиков (13 переводов), отправил 254 тыс ₸ 4 получателям (10 переводов); дальше ушло 94%; 53% полученного ушло за ≤2 дн; seed среди плательщиков: 1",39,R4: out/in=0.94∈[0.8;1.2],-,not_sink,False,1.0,False,1,3,4,268500.0,253500.0,13,10,0.9441,0.5345,0.0,1,0,0.00114819,0.00018804,in_cycle;repeat_route;repeat_amounts,0.1905,0.2176,0.1919,0.0333,0.1
100000003880331100,distributor,0.56,8,0.7328,"Веерная раздача: 3,90 млн ₸ 16 получателям (31 перевод, в среднем 126 тыс ₸); получил 100 тыс ₸ от 1 плательщика; 6 получателей за один день (16.07)",40,R2: out_deg=16≥10 и ≥3×in_deg,-,not_sink,False,1.0,False,3,1,16,100000.0,3904908.0,1,31,39.0491,1.0,3804908.0,0,1,0.00030766,0.00065965,fast_transit;burst_out;in_cycle;unseen_inflow,0.1568,0.2472,0.1955,0.0333,0.1
100000003016635100,coordinator,0.75,6,0.7309,"Мост между 6 кластерами с seed (посредничество в топ-1%); получил 587 тыс ₸ от 8 плательщиков (36 переводов), отправил 9,41 млн ₸ 73 получателям (151 перевод)",41,"R1 мост: посредничество 0.0072 (топ-1%), кластеров с seed=6",distributor,not_sink,False,1.0,True,0,8,73,586981.0,9414081.0,36,151,16.0381,1.0,8827100.0,0,0,0.00118964,0.00721547,fast_transit;burst_in;burst_out;in_cycle;repeat_route;repeat_amounts,0.2362,0.2247,0.1799,0.0,0.09
100000008547948100,distributor,0.66,2,0.7306,"Веерная раздача: 5,19 млн ₸ 26 получателям (31 перевод, в среднем 167 тыс ₸); получил 213 тыс ₸ от 6 плательщиков",42,R2: out_deg=26≥10 и ≥3×in_deg,consolidator,not_sink,False,1.0,False,2,6,26,212665.0,5185600.0,7,31,24.3839,1.0,4972935.0,0,0,0.0004277,0.00113221,fast_transit;burst_in;in_cycle;repeat_route;anomaly;unseen_inflow,0.1848,0.2489,0.1969,0.0,0.1
100000001857829100,consolidator,0.591,8,0.7304,"Получает от 6 плательщиков: 889 тыс ₸, 9 переводов (в среднем 99 тыс ₸); отправил 16 получателям в 2,7× больше полученного (невидимые входящие); 3 плательщика за один день (10.07)",43,R3: in_deg=6≥4,distributor,not_sink,False,1.0,False,2,6,16,888535.0,2390993.0,9,16,2.6909,0.9899,1502458.0,0,0,0.00062048,0.0019596,fast_transit;burst_in;burst_out;in_cycle;anomaly;unseen_inflow,0.1862,0.2463,0.1979,0.0,0.1
100000003701161100,consolidator,0.5,25,0.7279,"Получает от 4 плательщиков: 1,53 млн ₸, 13 переводов (в среднем 117 тыс ₸); seed среди плательщиков: 1; дальше ушло 23% полученного 3 получателям",44,R3: in_deg=4≥4,-,not_sink,False,1.0,False,1,4,3,1527103.0,349000.0,13,7,0.2285,0.1768,0.0,1,0,0.00164882,0.00021301,in_cycle;repeat_route;repeat_amounts,0.1575,0.2418,0.1953,0.0333,0.1
100000004400305100,coordinator,0.5,1,0.7232,"Мост между 4 кластерами с seed (посредничество в топ-1%); получил 223 тыс ₸ от 7 плательщиков (9 переводов), отправил 5,83 млн ₸ 82 получателям (101 перевод)",45,"R1 мост: посредничество 0.0026 (топ-1%), кластеров с seed=4",distributor,not_sink,False,1.0,False,2,7,82,222800.0,5830181.0,9,101,26.1678,1.0,5607381.0,0,0,0.00038582,0.00260915,fast_transit;burst_out;in_cycle;repeat_route;repeat_amounts;anomaly;unseen_inflow,0.175,0.2492,0.199,0.0,0.1
100000004486525100,consolidator,0.682,1,0.7229,"Получает от 8 плательщиков: 361 тыс ₸, 21 перевод (в среднем 17 тыс ₸); дальше ушло 75% полученного 2 получателям; 5 плательщиков за один день (03.07)",46,R3: in_deg=8≥4,-,not_sink,False,1.0,False,2,8,2,360924.0,271045.0,21,3,0.751,0.3042,0.0,0,0,0.0008058,4.76e-06,burst_in;repeat_amounts;anomaly,0.2148,0.2225,0.1856,0.0,0.1
100000008324800100,transit,0.92,46,0.7226,"Получил 526 тыс ₸ от 3 плательщиков (17 переводов), отправил 511 тыс ₸ 1 получателю (13 переводов); дальше ушло 97%; 60% полученного ушло за ≤2 дн",47,R4: out/in=0.97∈[0.8;1.2],-,not_sink,False,1.0,False,2,3,1,526500.0,511000.0,17,13,0.9706,0.5983,0.0,0,0,0.00185178,1.922e-05,in_cycle;repeat_route;anomaly,0.1932,0.2329,0.1965,0.0,0.1
100000005933757100,coordinator,0.5,10,0.722,"Мост между 4 кластерами с seed (посредничество в топ-1%); получил 1,25 млн ₸ от 4 плательщиков (6 переводов), отправил 3,00 млн ₸ 34 получателям (46 переводов)",48,"R1 мост: посредничество 0.0039 (топ-1%), кластеров с seed=4",distributor,not_sink,False,1.0,False,2,4,34,1246000.0,3002628.0,6,46,2.4098,1.0,1756628.0,0,0,0.00099799,0.00389279,fast_transit;burst_out;in_cycle;repeat_route;anomaly;unseen_inflow,0.175,0.2477,0.1994,0.0,0.1
100000002224132100,consolidator,0.545,4,0.7216,"Получает от 5 плательщиков: 3,95 млн ₸, 10 переводов (в среднем 395 тыс ₸); отправил 4 получателям в 3,1× больше полученного (невидимые входящие)",49,R3: in_deg=5≥4,-,not_sink,False,1.0,False,2,5,4,3951020.0,12115000.0,10,25,3.0663,0.4007,8163980.0,0,0,0.00599573,6.24e-06,in_cycle;repeat_route;anomaly;unseen_inflow,0.1717,0.2499,0.2,0.0,0.1
100000007639767100,consolidator,0.5,8,0.7197,"Получает от 4 плательщиков: 91 тыс ₸, 4 перевода (в среднем 23 тыс ₸); seed среди плательщиков: 1; отправил 10 получателям в 9,0× больше полученного (невидимые входящие)",50,R3: in_deg=4≥4,distributor,not_sink,False,1.0,False,1,4,10,90913.0,822244.0,4,13,9.0443,0.4403,731331.0,1,2,0.00030144,0.00251122,in_cycle;unseen_inflow,0.1575,0.2301,0.1988,0.1,0.0333
100000003242289100,distributor,0.63,17,0.7188,"Веерная раздача: 2,38 млн ₸ 23 получателям (26 переводов, в среднем 91 тыс ₸); получил 551 тыс ₸ от 3 плательщиков",51,R2: out_deg=23≥10 и ≥3×in_deg,-,not_sink,False,1.0,False,2,3,23,550791.0,2377741.0,8,26,4.317,0.8062,1826950.0,0,0,0.00043972,0.00100135,fast_transit;in_cycle;repeat_route;anomaly;unseen_inflow,0.1764,0.2458,0.1966,0.0,0.1
100000008710791100,distributor,0.63,2,0.7188,"Веерная раздача: 5,52 млн ₸ 23 получателям (25 переводов, в среднем 221 тыс ₸); получил 182 тыс ₸ от 3 плательщиков; 5 получателей за один день (29.07)",52,R2: out_deg=23≥10 и ≥3×in_deg,-,not_sink,False,1.0,False,2,3,23,181510.0,5521511.0,3,25,30.4199,0.9339,5340001.0,0,0,0.00033426,0.00031461,fast_transit;burst_out;anomaly;unseen_inflow,0.1764,0.249,0.1934,0.0,0.1
100000005782781100,consolidator,0.591,7,0.7187,"Получает от 6 плательщиков: 172 тыс ₸, 10 переводов (в среднем 17 тыс ₸); отправил 10 получателям в 7,4× больше полученного (невидимые входящие); 3 плательщика за один день (10.07)",53,R3: in_deg=6≥4,distributor,not_sink,False,1.0,False,2,6,10,171888.0,1263597.0,10,10,7.3513,0.9407,1091709.0,0,0,0.00048751,0.00056832,fast_transit;burst_in;burst_out;in_cycle;unseen_inflow,0.1862,0.2374,0.1951,0.0,0.1
100000000089154100,distributor,0.55,5,0.7166,"Веерная раздача: 426 тыс ₸ 15 получателям (21 перевод, в среднем 20 тыс ₸); получил 10 тыс ₸ от 1 плательщика",54,R2: out_deg=15≥10 и ≥3×in_deg,-,not_sink,False,1.0,False,1,1,15,10000.0,425500.0,1,21,42.55,1.0,415500.0,1,2,0.00028745,0.00010895,fast_transit;in_cycle;unseen_inflow,0.154,0.2091,0.1868,0.1,0.0667
100000008461532100,transit,0.828,23,0.7124,"Получил 565 тыс ₸ от 2 плательщиков (2 перевода), отправил 2,53 млн ₸ 8 получателям (9 переводов); отправил в 4,5× больше полученного → есть невидимые входящие; 100% полученного ушло за ≤2 дн",55,R4: out/in=4.48>1.2 (невидимые входящие),-,not_sink,False,1.0,False,2,2,8,565300.0,2530090.0,2,9,4.4757,1.0,1964790.0,0,0,0.00074525,0.00027126,fast_transit;burst_out;in_cycle;unseen_inflow,0.1739,0.246,0.1925,0.0,0.1
100000001937767100,transit,0.7,10,0.7115,"Получил 53 тыс ₸ от 1 плательщика (1 перевод), отправил 1,93 млн ₸ 4 получателям (6 переводов); отправил в 36,5× больше полученного → есть невидимые входящие; 100% полученного ушло за ≤2 дн",56,R4: out/in=36.47>1.2 (невидимые входящие),-,not_sink,False,1.0,False,1,1,4,53000.0,1933000.0,1,6,36.4717,1.0,1880000.0,1,1,0.00089214,5.67e-05,fast_transit;in_cycle;unseen_inflow,0.147,0.2424,0.1887,0.0667,0.0667
100000008637537100,consolidator,0.5,20,0.7109,"Получает от 3 плательщиков: 620 тыс ₸, 22 перевода (в среднем 28 тыс ₸); seed среди плательщиков: 2; отправил 3 получателям в 3,8× больше полученного (невидимые входящие)",57,R3: seed-плательщиков=2≥2,-,not_sink,False,1.0,True,0,3,3,619890.0,2351495.0,22,30,3.7934,0.8816,1731605.0,2,2,0.00082873,7.754e-05,fast_transit;in_cycle;repeat_route;repeat_amounts,0.1418,0.2213,0.1678,0.09,0.09
100000002957787100,coordinator,0.5,1,0.7109,"Мост между 4 кластерами с seed (посредничество в топ-1%); получил 85 тыс ₸ от 4 плательщиков (7 переводов), отправил 1,28 млн ₸ 34 получателям (41 перевод)",58,"R1 мост: посредничество 0.0043 (топ-1%), кластеров с seed=4",distributor,not_sink,False,1.0,False,2,4,34,84956.0,1276153.96,7,41,15.0214,1.0,1191197.96,0,0,0.00061383,0.00427665,fast_transit;burst_out;in_cycle;repeat_route;anomaly;unseen_inflow,0.175,0.2364,0.1995,0.0,0.1
100000005171642100,transit,0.989,24,0.7102,"Получил 697 тыс ₸ от 2 плательщиков (5 переводов), отправил 684 тыс ₸ 1 получателю (4 перевода); дальше ушло 98%; 94% полученного ушло за ≤2 дн",59,R4: out/in=0.98∈[0.8;1.2],-,not_sink,False,1.0,False,3,2,1,696800.0,683600.0,5,4,0.9811,0.9443,0.0,0,0,0.00276718,4e-07,fast_transit;in_cycle,0.2077,0.2368,0.1991,0.0,0.0667
100000007594394100,consolidator,0.591,16,0.7079,"Получает от 6 плательщиков: 395 тыс ₸, 6 переводов (в среднем 66 тыс ₸); отправил 1 получателю в 8,5× больше полученного (невидимые входящие)",60,R3: in_deg=6≥4,-,not_sink,False,1.0,False,2,6,1,395385.0,3376312.0,6,40,8.5393,1.0,2980927.0,0,0,0.00040559,3.62e-05,fast_transit;in_cycle;anomaly;unseen_inflow,0.1862,0.2469,0.1748,0.0,0.1
100000008730846100,consolidator,0.636,14,0.7073,"Получает от 7 плательщиков: 155 тыс ₸, 11 переводов (в среднем 14 тыс ₸); отправил 3 получателям в 2,3× больше полученного (невидимые входящие); 4 плательщика за один день (21.07)",61,R3: in_deg=7≥4,-,not_sink,False,1.0,False,2,7,3,155042.0,363370.0,11,4,2.3437,1.0,208328.0,0,0,0.00053606,0.00014091,fast_transit;burst_in;repeat_route;repeat_amounts;unseen_inflow,0.2003,0.2173,0.1897,0.0,0.1
100000008547844100,distributor,0.59,2,0.7063,"Веерная раздача: 2,04 млн ₸ 19 получателям (21 перевод, в среднем 97 тыс ₸); получил 178 тыс ₸ от 3 плательщиков",62,R2: out_deg=19≥10 и ≥3×in_deg,-,not_sink,False,1.0,False,2,3,19,177600.0,2042199.0,3,21,11.4989,1.0,1864599.0,0,0,0.00034434,0.00178761,fast_transit;in_cycle;anomaly;unseen_inflow,0.1652,0.2434,0.1977,0.0,0.1
100000004847758100,distributor,0.55,5,0.7063,"Веерная раздача: 489 тыс ₸ 15 получателям (23 перевода, в среднем 21 тыс ₸); получил 115 тыс ₸ от 4 плательщиков",63,R2: out_deg=15≥10 и ≥3×in_deg,consolidator,not_sink,False,1.0,False,1,4,15,115171.0,488800.0,4,23,4.2441,0.5156,373629.0,1,1,0.00030474,0.00135859,in_cycle;anomaly;unseen_inflow,0.154,0.2215,0.1974,0.0667,0.0667
100000008748408100,distributor,0.61,7,0.703,"Веерная раздача: 1,50 млн ₸ 21 получателю (22 перевода, в среднем 68 тыс ₸); получил 360 тыс ₸ от 1 плательщика; 6 получателей за один день (28.07)",64,R2: out_deg=21≥10 и ≥3×in_deg,-,not_sink,False,1.0,False,1,1,21,360000.0,1499960.0,2,22,4.1666,1.0,1139960.0,1,0,0.00033405,7.13e-06,fast_transit;burst_out;repeat_route;anomaly;unseen_inflow,0.1708,0.2414,0.1574,0.0333,0.1
100000005578559100,distributor,0.61,12,0.6999,"Веерная раздача: 893 тыс ₸ 21 получателю (23 перевода, в среднем 39 тыс ₸); получил 131 тыс ₸ от 2 плательщиков; 7 получателей за один день (06.07)",65,R2: out_deg=21≥10 и ≥3×in_deg,-,not_sink,False,1.0,False,2,2,21,131000.0,893163.67,2,23,6.818,1.0,762163.67,0,0,0.00039102,0.00096675,fast_transit;burst_out;in_cycle;anomaly;unseen_inflow,0.1708,0.2327,0.1964,0.0,0.1
100000003923946100,transit,0.853,7,0.6981,"Получил 282 тыс ₸ от 1 плательщика (3 перевода), отправил 675 тыс ₸ 4 получателям (4 перевода); отправил в 2,4× больше полученного → есть невидимые входящие; 72% полученного ушло за ≤2 дн",66,R4: out/in=2.39>1.2 (невидимые входящие),-,not_sink,False,1.0,False,1,1,4,282000.0,675000.0,3,4,2.3936,0.7163,393000.0,1,1,0.00038942,1.98e-06,in_cycle;repeat_route;unseen_inflow,0.1791,0.231,0.1546,0.0667,0.0667
100000000661912100,consolidator,0.545,1,0.6969,"Получает от 5 плательщиков: 393 тыс ₸, 9 переводов (в среднем 44 тыс ₸); seed среди плательщиков: 1; дальше ушло 110% полученного 2 получателям",67,R3: in_deg=5≥4,-,not_sink,False,1.0,False,1,5,2,393036.0,430700.0,9,8,1.0958,0.695,37664.0,1,0,0.00174916,0.00133369,in_cycle;repeat_route,0.1717,0.2279,0.1973,0.0333,0.0667
100000008466579100,distributor,0.57,2,0.6969,"Веерная раздача: 1,93 млн ₸ 17 получателям (20 переводов, в среднем 97 тыс ₸); получил 37 тыс ₸ от 2 плательщиков; 5 получателей за один день (18.07)",68,R2: out_deg=17≥10 и ≥3×in_deg,-,not_sink,False,1.0,False,2,2,17,36952.0,1933000.0,2,20,52.3111,1.0,1896048.0,0,0,0.00035341,0.00050563,fast_transit;burst_out;in_cycle;unseen_inflow,0.1596,0.2423,0.1949,0.0,0.1
100000001530983100,consolidator,0.5,6,0.6954,"Получает от 4 плательщиков: 564 тыс ₸, 4 перевода (в среднем 141 тыс ₸); seed среди плательщиков: 2; отправил 11 получателям в 3,2× больше полученного (невидимые входящие)",69,R3: in_deg=4≥4,distributor,not_sink,False,1.0,False,1,4,11,564158.0,1829538.0,4,17,3.243,0.5075,1265380.0,2,0,0.00035609,0.00033207,burst_out;unseen_inflow,0.1575,0.244,0.1939,0.0667,0.0333
100000008413748100,distributor,0.58,17,0.6947,"Веерная раздача: 1,38 млн ₸ 18 получателям (21 перевод, в среднем 66 тыс ₸); получил 26 тыс ₸ от 2 плательщиков; 14 получателей за один день (08.07)",70,R2: out_deg=18≥10 и ≥3×in_deg,-,not_sink,False,1.0,False,2,2,18,26480.0,1377320.22,2,21,52.0136,1.0,1350840.22,0,0,0.00039089,0.00062472,fast_transit;burst_out;in_cycle;unseen_inflow,0.1624,0.2371,0.1952,0.0,0.1
100000004707703100,transit,0.917,6,0.6925,"Получил 239 тыс ₸ от 2 плательщиков (3 перевода), отправил 232 тыс ₸ 5 получателям (6 переводов); дальше ушло 97%; 59% полученного ушло за ≤2 дн; seed среди плательщиков: 1",71,R4: out/in=0.97∈[0.8;1.2],-,not_sink,False,1.0,False,1,2,5,239300.0,231650.0,3,6,0.968,0.585,0.0,1,2,0.00063556,0.0001071,-,0.1926,0.2132,0.1867,0.1,0.0
100000008512552100,consolidator,0.5,17,0.6919,"Получает от 4 плательщиков: 394 тыс ₸, 9 переводов (в среднем 44 тыс ₸); отправил 6 получателям в 3,3× больше полученного (невидимые входящие)",72,R3: in_deg=4≥4,-,not_sink,False,1.0,False,2,4,6,394360.0,1302275.0,9,11,3.3022,1.0,907915.0,0,0,0.00042588,0.00043073,fast_transit;in_cycle;repeat_route;unseen_inflow,0.1575,0.24,0.1944,0.0,0.1
100000000343175100,coordinator,0.546,14,0.6918,"Хаб: собирает от 8 плательщиков (179 тыс ₸) и раздаёт 31 получателю (4,00 млн ₸); связан с 8 кластерами с seed; seed среди плательщиков: 1",73,"R1 хаб: in_deg=8≥8, out_deg=31≥20",distributor,not_sink,False,1.0,True,0,8,31,178712.0,4000039.0,14,33,22.3826,0.9692,3821327.0,1,0,0.00071326,0.00109469,fast_transit;burst_out;repeat_amounts,0.172,0.2227,0.1771,0.03,0.09
100000002838861100,consolidator,0.545,12,0.6892,"Получает от 5 плательщиков: 555 тыс ₸, 5 переводов (в среднем 111 тыс ₸); seed среди плательщиков: 2; дальше ушло 2% полученного 1 получателю",74,R3: in_deg=5≥4,-,not_sink,False,1.0,False,1,5,1,554523.95,10000.0,5,1,0.018,0.0,0.0,2,0,0.00211992,1.942e-05,in_cycle,0.1717,0.2195,0.198,0.0667,0.0333
100000005612411100,transit,0.831,5,0.6867,"Получил 116 тыс ₸ от 3 плательщиков (4 перевода), отправил 507 тыс ₸ 8 получателям (8 переводов); отправил в 4,4× больше полученного → есть невидимые входящие; 100% полученного ушло за ≤2 дн",75,R4: out/in=4.39>1.2 (невидимые входящие),-,not_sink,False,1.0,False,1,3,8,115500.0,506997.0,4,8,4.3896,1.0,391497.0,1,0,0.00032721,0.00015535,fast_transit;repeat_route;unseen_inflow,0.1745,0.2222,0.19,0.0333,0.0667
100000001732159100,consolidator,0.5,20,0.6864,"Получает от 2 плательщиков: 2,38 млн ₸, 30 переводов (в среднем 79 тыс ₸); seed среди плательщиков: 2; дальше ушло 63% полученного 4 получателям",76,R3: seed-плательщиков=2≥2,-,not_sink,False,1.0,True,0,2,4,2378100.0,1505966.0,30,23,0.6333,0.3995,0.0,2,2,0.00109506,2.027e-05,in_cycle;repeat_route,0.1418,0.2223,0.1723,0.09,0.06
100000002849158100,transit,0.946,2,0.6807,"Получил 723 тыс ₸ от 3 плательщиков (3 перевода), отправил 1,31 млн ₸ 1 получателю (3 перевода); отправил в 1,8× больше полученного → есть невидимые входящие; 100% полученного ушло за ≤2 дн",77,R4: out/in=1.82>1.2 (невидимые входящие),-,not_sink,False,1.0,False,3,3,1,723000.0,1313000.0,3,3,1.816,1.0,590000.0,0,0,0.00033625,2.279e-05,fast_transit;burst_in;unseen_inflow,0.1987,0.2429,0.1725,0.0,0.0667
100000008731444100,transit,0.904,8,0.6805,"Получил 439 тыс ₸ от 3 плательщиков (5 переводов), отправил 880 тыс ₸ 9 получателям (9 переводов); отправил в 2,0× больше полученного → есть невидимые входящие; 86% полученного ушло за ≤2 дн",78,R4: out/in=2.00>1.2 (невидимые входящие),-,not_sink,False,1.0,False,2,3,9,439000.0,879767.8,5,9,2.004,0.8565,440767.80000000005,0,0,0.00035336,0.00012412,fast_transit;repeat_route;unseen_inflow,0.1898,0.2358,0.1883,0.0,0.0667
100000004759121100,consolidator,0.591,1,0.6799,"Получает от 6 плательщиков: 710 тыс ₸, 10 переводов (в среднем 71 тыс ₸); seed среди плательщиков: 1; дальше ушло 44% полученного 2 получателям",79,R3: in_deg=6≥4,-,not_sink,False,1.0,False,1,6,2,710000.0,312000.0,10,6,0.4394,0.1479,0.0,1,0,0.00141518,7.708e-05,in_cycle,0.1862,0.2325,0.1945,0.0333,0.0333
100000007442518100,consolidator,0.545,15,0.6792,"Получает от 5 плательщиков: 510 тыс ₸, 8 переводов (в среднем 64 тыс ₸); seed среди плательщиков: 1; отправил 9 получателям в 8,7× больше полученного (невидимые входящие)",80,R3: in_deg=5≥4,-,not_sink,False,1.0,False,1,5,9,510000.0,4419999.0,8,12,8.6667,0.6569,3909999.0,1,0,0.00064877,0.00025224,in_cycle;unseen_inflow,0.1717,0.2487,0.1922,0.0333,0.0333
100000008137435100,transit,0.7,25,0.6782,"Получил 94 тыс ₸ от 2 плательщиков (2 перевода), отправил 1,42 млн ₸ 6 получателям (7 переводов); отправил в 15,1× больше полученного → есть невидимые входящие; 100% полученного ушло за ≤2 дн",81,R4: out/in=15.12>1.2 (невидимые входящие),-,not_sink,False,1.0,False,1,2,6,93906.0,1419700.0,2,7,15.1183,1.0,1325794.0,1,0,0.00031428,0.00029841,fast_transit;in_cycle;unseen_inflow,0.147,0.2383,0.1929,0.0333,0.0667
100000006707582100,distributor,0.54,14,0.6775,"Веерная раздача: 961 тыс ₸ 14 получателям (15 переводов, в среднем 64 тыс ₸); получил 40 тыс ₸ от 2 плательщиков; 5 получателей за один день (20.07)",82,R2: out_deg=14≥10 и ≥3×in_deg,-,not_sink,False,1.0,False,1,2,14,39520.0,961138.0,2,15,24.3203,0.4433,921618.0,1,0,0.00053806,0.00036347,burst_out;in_cycle;unseen_inflow,0.1512,0.232,0.1943,0.0333,0.0667
100000008460102100,distributor,0.71,59,0.6771,"Веерная раздача: 477 тыс ₸ 31 получателю (34 перевода, в среднем 14 тыс ₸); получил 18 тыс ₸ от 1 плательщика; 8 получателей за один день (24.07)",83,R2: out_deg=31≥10 и ≥3×in_deg,-,not_sink,False,1.0,False,3,1,31,17500.0,476570.0,1,34,27.2326,1.0,459070.0,0,0,0.00029969,0.00097772,fast_transit;burst_out;unseen_inflow,0.1988,0.2151,0.1965,0.0,0.0667
100000006972210100,consolidator,0.75,12,0.6747,"Получает от 3 плательщиков: 489 тыс ₸, 4 перевода (в среднем 122 тыс ₸); seed среди плательщиков: 3; дальше не отправлял",84,R3: seed-плательщиков=3≥2,terminal,confirmed_sink,False,0.0,False,1,3,0,488775.0,0.0,4,0,0.0,-1.0,0.0,3,0,0.0003463,0.0,-,0.2362,0.2145,0.1239,0.1,0.0
100000008723830100,transit,0.997,6,0.6734,"Получил 460 тыс ₸ от 2 плательщиков (2 перевода), отправил 455 тыс ₸ 1 получателю (1 перевод); дальше ушло 99%; 99% полученного ушло за ≤2 дн; seed среди плательщиков: 1",85,R4: out/in=0.99∈[0.8;1.2],-,not_sink,False,1.0,False,1,2,1,459785.0,455000.0,2,1,0.9896,0.9874,0.0,1,0,0.00034023,1.962e-05,fast_transit,0.2094,0.2302,0.1671,0.0333,0.0333
100000002371751100,transit,0.965,58,0.6719,"Получил 200 тыс ₸ от 1 плательщика (5 переводов), отправил 250 тыс ₸ 1 получателю (1 перевод); отправил в 1,2× больше полученного → есть невидимые входящие; 85% полученного ушло за ≤2 дн",86,R4: out/in=1.25>1.2 (невидимые входящие),-,not_sink,False,1.0,False,1,1,1,200000.0,250000.0,5,1,1.25,0.85,50000.0,1,0,0.00052859,2e-07,fast_transit;repeat_route,0.2026,0.211,0.1583,0.0333,0.0667
100000008193577100,transit,0.741,36,0.6715,"Получил 154 тыс ₸ от 2 плательщиков (6 переводов), отправил 480 тыс ₸ 5 получателям (16 переводов); отправил в 3,1× больше полученного → есть невидимые входящие; 32% полученного ушло за ≤2 дн",87,R4: out/in=3.11>1.2 (невидимые входящие),-,not_sink,False,1.0,False,1,2,5,154300.0,480180.0,6,16,3.112,0.324,325880.0,1,1,0.00123895,9.9e-07,in_cycle;unseen_inflow,0.1556,0.2228,0.1931,0.0667,0.0333
100000000201868100,transit,1.0,6,0.6709,"Получил 190 тыс ₸ от 1 плательщика (1 перевод), отправил 190 тыс ₸ 1 получателю (1 перевод); дальше ушло 100%; 100% полученного ушло за ≤2 дн",88,R4: out/in=1.00∈[0.8;1.2],-,not_sink,False,1.0,False,2,1,1,190000.0,190000.0,1,1,1.0,1.0,0.0,0,0,0.00097464,0.0,fast_transit;in_cycle,0.21,0.2042,0.1899,0.0,0.0667
100000000332284100,consolidator,0.773,3,0.6694,"Получает от 10 плательщиков: 107 тыс ₸, 12 переводов (в среднем 9 тыс ₸); отправил 3 получателям в 2,7× больше полученного (невидимые входящие); 3 плательщика за один день (31.07)",89,R3: in_deg=10≥4,-,not_sink,False,1.0,False,2,10,3,107426.0,289500.0,12,3,2.6949,0.2048,182074.0,0,0,0.00071709,0.00010914,burst_in;unseen_inflow,0.2435,0.2056,0.1869,0.0,0.0333
100000001965374100,transit,0.766,4,0.6693,"Получил 1,76 млн ₸ от 2 плательщиков (8 переводов), отправил 3,08 млн ₸ 3 получателям (5 переводов); отправил в 1,8× больше полученного → есть невидимые входящие; 8% полученного ушло за ≤2 дн",90,R4: out/in=1.75>1.2 (невидимые входящие),-,not_sink,False,1.0,False,2,2,3,1759720.0,3082100.0,8,5,1.7515,0.075,1322380.0,0,0,0.00128166,1.59e-06,in_cycle;repeat_route;unseen_inflow,0.1609,0.2484,0.1933,0.0,0.0667
100000004160650100,distributor,0.5,27,0.6692,"Веерная раздача: 1,49 млн ₸ 10 получателям (40 переводов, в среднем 37 тыс ₸); получил 75 тыс ₸ от 2 плательщиков; 5 получателей за один день (27.07)",91,R2: out_deg=10≥10 и ≥3×in_deg,-,not_sink,False,1.0,False,2,2,10,75100.0,1489827.0,4,40,19.8379,1.0,1414727.0,0,1,0.00036923,5.35e-06,fast_transit;burst_out;in_cycle;repeat_route;anomaly;unseen_inflow,0.14,0.2389,0.1569,0.0333,0.1
100000008389800100,transit,0.903,6,0.6672,"Получил 189 тыс ₸ от 3 плательщиков (3 перевода), отправил 402 тыс ₸ 7 получателям (8 переводов); отправил в 2,1× больше полученного → есть невидимые входящие; 89% полученного ушло за ≤2 дн",92,R4: out/in=2.12>1.2 (невидимые входящие),-,not_sink,False,1.0,False,2,3,7,189000.0,401620.0,3,8,2.125,0.8857,212620.0,0,0,0.0005051,0.00015931,fast_transit;in_cycle;unseen_inflow,0.1896,0.2206,0.1903,0.0,0.0667
100000004820260100,transit,0.928,19,0.6667,"Получил 234 тыс ₸ от 1 плательщика (12 переводов), отправил 215 тыс ₸ 3 получателям (10 переводов); дальше ушло 92%; 64% полученного ушло за ≤2 дн",93,R4: out/in=0.92∈[0.8;1.2],-,not_sink,False,1.0,False,2,1,3,234200.0,215350.0,12,10,0.9195,0.6413,0.0,0,0,0.00140146,1.962e-05,in_cycle;repeat_route,0.1949,0.2107,0.1944,0.0,0.0667
100000002217161100,transit,0.821,41,0.666,"Получил 405 тыс ₸ от 2 плательщиков (15 переводов), отправил 995 тыс ₸ 7 получателям (19 переводов); отправил в 2,5× больше полученного → есть невидимые входящие; 57% полученного ушло за ≤2 дн",94,R4: out/in=2.46>1.2 (невидимые входящие),-,not_sink,False,1.0,False,2,2,7,404750.0,995132.0,15,19,2.4586,0.5732,590382.0,0,0,0.00089157,0.00015515,in_cycle;anomaly;unseen_inflow,0.1724,0.237,0.1899,0.0,0.0667
100000007939160100,terminal,0.902,40,0.6659,"Получил 795 тыс ₸ от 1 плательщика (2 перевода), дальше ушло 2%; seed среди плательщиков: 1",95,"R5: out/in=0.02≤0.1, in=795 тыс ₸",-,confirmed_sink,False,1.0,False,1,1,2,795000.0,14300.0,2,2,0.018,0.0,0.0,1,1,0.00066535,4e-07,in_cycle,0.1578,0.2273,0.1808,0.0667,0.0333
100000004150593100,distributor,0.51,6,0.6652,"Веерная раздача: 871 тыс ₸ 11 получателям (16 переводов, в среднем 54 тыс ₸); получил 57 тыс ₸ от 1 плательщика; 7 получателей за один день (11.07)",96,R2: out_deg=11≥10 и ≥3×in_deg,-,not_sink,False,1.0,False,2,1,11,57000.0,871165.0,2,16,15.2836,1.0,814165.0,0,0,0.00030663,0.00022164,fast_transit;burst_out;in_cycle;unseen_inflow,0.1428,0.2306,0.1917,0.0,0.1
100000003589877100,transit,0.912,2,0.6647,"Получил 176 тыс ₸ от 2 плательщиков (2 перевода), отправил 416 тыс ₸ 6 получателям (6 переводов); отправил в 2,4× больше полученного → есть невидимые входящие; 100% полученного ушло за ≤2 дн",97,R4: out/in=2.36>1.2 (невидимые входящие),-,not_sink,False,1.0,False,1,2,6,176000.0,416129.0,2,6,2.3644,1.0,240129.0,1,0,0.00030698,9.546e-05,fast_transit;unseen_inflow,0.1915,0.2208,0.1858,0.0333,0.0333
100000008603331100,transit,0.7,2,0.6647,"Получил 40 тыс ₸ от 2 плательщиков (3 перевода), отправил 742 тыс ₸ 6 получателям (6 переводов); отправил в 18,8× больше полученного → есть невидимые входящие; 100% полученного ушло за ≤2 дн",98,R4: out/in=18.78>1.2 (невидимые входящие),-,not_sink,False,1.0,False,2,2,6,39500.0,741774.0,3,6,18.7791,1.0,702274.0,0,0,0.00034423,0.00019577,fast_transit;in_cycle;repeat_route;unseen_inflow,0.147,0.2264,0.1913,0.0,0.1
100000007629096100,consolidator,0.5,8,0.6641,"Получает от 4 плательщиков: 1,08 млн ₸, 5 переводов (в среднем 215 тыс ₸); дальше ушло 71% полученного 1 получателю",99,R3: in_deg=4≥4,-,not_sink,False,1.0,False,2,4,1,1075170.0,765205.0,5,5,0.7117,0.6652,0.0,0,0,0.00247241,1.526e-05,in_cycle;repeat_route,0.1575,0.241,0.1989,0.0,0.0667
100000003299365100,transit,1.0,5,0.6623,"Получил 200 тыс ₸ от 1 плательщика (1 перевод), отправил 200 тыс ₸ 1 получателю (1 перевод); дальше ушло 100%; 100% полученного ушло за ≤2 дн; seed среди плательщиков: 1",100,R4: out/in=1.00∈[0.8;1.2],-,not_sink,False,1.0,False,1,1,1,200000.0,200000.0,1,1,1.0,1.0,0.0,1,1,0.00032562,0.0,fast_transit;in_cycle,0.21,0.2064,0.1125,0.0667,0.0667
100000002723538100,distributor,0.52,8,0.6617,"Веерная раздача: 560 тыс ₸ 12 получателям (14 переводов, в среднем 40 тыс ₸); получил 106 тыс ₸ от 3 плательщиков",101,R2: out_deg=12≥10 и ≥3×in_deg,-,not_sink,False,1.0,False,2,3,12,105647.0,560499.0,3,14,5.3054,1.0,454852.0,0,1,0.00032031,0.00029089,fast_transit;in_cycle;unseen_inflow,0.1456,0.2233,0.1928,0.0333,0.0667
100000004188160100,transit,0.863,6,0.6617,"Получил 88 тыс ₸ от 2 плательщиков (5 переводов), отправил 134 тыс ₸ 5 получателям (6 переводов); отправил в 1,5× больше полученного → есть невидимые входящие; 47% полученного ушло за ≤2 дн",102,R4: out/in=1.52>1.2 (невидимые входящие),-,not_sink,False,1.0,False,1,2,5,87862.0,133846.0,5,6,1.5234,0.4685,45984.0,1,1,0.00029683,0.0024601,in_cycle,0.1812,0.1818,0.1987,0.0667,0.0333
100000008465789100,distributor,0.56,2,0.6617,"Веерная раздача: 1,86 млн ₸ 16 получателям (17 переводов, в среднем 109 тыс ₸); получил 30 тыс ₸ от 1 плательщика",103,R2: out_deg=16≥10 и ≥3×in_deg,-,not_sink,False,1.0,False,3,1,16,30099.0,1858100.0,1,17,61.7329,1.0,1828001.0,0,0,0.00028989,0.0008451,fast_transit;in_cycle;unseen_inflow,0.1568,0.2421,0.1961,0.0,0.0667
100000005242320100,distributor,0.61,9,0.6613,"Веерная раздача: 8,94 млн ₸ 21 получателю (29 переводов, в среднем 308 тыс ₸); получил 366 тыс ₸ от 2 плательщиков",104,R2: out_deg=21≥10 и ≥3×in_deg,-,not_sink,False,1.0,False,2,2,21,365700.0,8936295.0,2,29,24.4361,1.0,8570595.0,0,0,0.00050012,2.972e-05,fast_transit;anomaly;unseen_inflow,0.1708,0.2496,0.1743,0.0,0.0667
100000004140487100,distributor,0.5,5,0.6599,"Веерная раздача: 263 тыс ₸ 10 получателям (19 переводов, в среднем 14 тыс ₸); получил 25 тыс ₸ от 1 плательщика; 6 получателей за один день (23.07)",105,R2: out_deg=10≥10 и ≥3×in_deg,-,not_sink,False,1.0,False,3,1,10,24510.0,262600.0,1,19,10.714,1.0,238090.0,0,1,0.00028943,0.00032537,fast_transit;burst_out;in_cycle;unseen_inflow,0.14,0.1928,0.1937,0.0333,0.1
100000006579678100,transit,0.587,6,0.6594,"Получил 193 тыс ₸ от 2 плательщиков (2 перевода), отправил 1,67 млн ₸ 6 получателям (15 переводов); отправил в 8,6× больше полученного → есть невидимые входящие; 22% полученного ушло за ≤2 дн",106,R4: out/in=8.65>1.2 (невидимые входящие),-,not_sink,False,1.0,False,1,2,6,192930.0,1668800.0,2,15,8.6498,0.2225,1475870.0,1,1,0.00062564,0.00044894,in_cycle;unseen_inflow,0.1233,0.2415,0.1946,0.0667,0.0333
100000004962193100,consolidator,0.682,1,0.6585,"Получает от 8 плательщиков: 900 тыс ₸, 11 переводов (в среднем 82 тыс ₸); дальше не отправлял; 5 плательщиков за один день (08.07)",107,R3: in_deg=8≥4,terminal,confirmed_sink,False,0.0,False,2,8,0,900468.0,0.0,11,0,0.0,-1.0,0.0,0,0,0.00065732,0.0,burst_in,0.2148,0.2299,0.1804,0.0,0.0333
100000006274203100,terminal,0.947,16,0.658,"Получил 3,42 млн ₸ от 2 плательщиков (41 перевод), дальше ушло 2%",108,"R5: out/in=0.02≤0.1, in=3,42 млн ₸",-,confirmed_sink,False,1.0,False,3,2,3,3417512.0,72000.0,41,3,0.0211,0.0015,0.0,0,1,0.00063211,3.734e-05,in_cycle,0.1657,0.2468,0.1788,0.0333,0.0333
100000004527381100,transit,0.916,19,0.6578,"Получил 119 тыс ₸ от 1 плательщика (1 перевод), отправил 274 тыс ₸ 1 получателю (1 перевод); отправил в 2,3× больше полученного → есть невидимые входящие; 100% полученного ушло за ≤2 дн",109,R4: out/in=2.29>1.2 (невидимые входящие),-,not_sink,False,1.0,False,2,1,1,119333.17,273866.11,1,1,2.295,1.0,154532.94,0,0,0.0003755,0.00032139,fast_transit;in_cycle;unseen_inflow,0.1924,0.2052,0.1936,0.0,0.0667
100000008517538100,distributor,0.57,2,0.6576,"Веерная раздача: 1,44 млн ₸ 17 получателям (18 переводов, в среднем 80 тыс ₸); получил 156 тыс ₸ от 3 плательщиков",110,R2: out_deg=17≥10 и ≥3×in_deg,-,not_sink,False,1.0,False,3,3,17,155500.0,1439000.0,6,18,9.254,0.9936,1283500.0,0,0,0.00030702,0.00024581,fast_transit;repeat_route;unseen_inflow,0.1596,0.2392,0.1921,0.0,0.0667
100000005456919100,terminal,0.84,36,0.6549,"Получил 480 тыс ₸ от 2 плательщиков (10 переводов), дальше ушло 1%; seed среди плательщиков: 1",111,"R5: out/in=0.01≤0.1, in=480 тыс ₸",-,confirmed_sink,False,1.0,False,1,2,1,479950.0,5000.0,10,1,0.0104,0.0104,0.0,1,1,0.00137003,0.0,in_cycle,0.147,0.214,0.194,0.0667,0.0333
100000004077081100,transit,0.831,5,0.6544,"Получил 140 тыс ₸ от 1 плательщика (1 перевод), отправил 615 тыс ₸ 4 получателям (6 переводов); отправил в 4,4× больше полученного → есть невидимые входящие; 100% полученного ушло за ≤2 дн",112,R4: out/in=4.39>1.2 (невидимые входящие),-,not_sink,False,1.0,False,3,1,4,140000.0,615000.0,1,6,4.3929,1.0,475000.0,0,1,0.00029011,0.00011599,fast_transit;unseen_inflow,0.1745,0.2256,0.1875,0.0333,0.0333
100000001872484100,transit,0.563,42,0.6532,"Получил 871 тыс ₸ от 1 плательщика (13 переводов), отправил 515 тыс ₸ 3 получателям (9 переводов); дальше ушло 59%; 9% полученного ушло за ≤2 дн; seed среди плательщиков: 1",113,R4: out/in=0.59≥0.5,-,not_sink,False,1.0,False,1,1,3,871400.0,514580.0,13,9,0.5905,0.0911,0.0,1,1,0.00227398,5.9e-07,in_cycle,0.1182,0.2369,0.1981,0.0667,0.0333
100000008561016100,transit,1.0,2,0.6511,"Получил 180 тыс ₸ от 1 плательщика (2 перевода), отправил 185 тыс ₸ 1 получателю (4 перевода); дальше ушло 103%; 100% полученного ушло за ≤2 дн",114,R4: out/in=1.03∈[0.8;1.2],-,not_sink,False,1.0,False,3,1,1,180000.0,185000.0,2,4,1.0278,1.0,5000.0,0,0,0.00029484,2.239e-05,fast_transit;repeat_route,0.21,0.2023,0.1722,0.0,0.0667
100000005074393100,consolidator,0.5,21,0.651,"Получает от 4 плательщиков: 563 тыс ₸, 5 переводов (в среднем 113 тыс ₸); seed среди плательщиков: 1; отправил 6 получателям в 1,2× больше полученного (невидимые входящие)",115,R3: in_deg=4≥4,-,not_sink,False,1.0,False,1,4,6,563026.0,685500.0,5,10,1.2175,0.0808,122474.0,1,0,0.00106008,0.00021697,in_cycle;unseen_inflow,0.1575,0.2352,0.1916,0.0333,0.0333
100000003741418100,consolidator,0.727,3,0.651,"Получает от 9 плательщиков: 152 тыс ₸, 13 переводов (в среднем 12 тыс ₸); дальше ушло 26% полученного 3 получателям",116,R3: in_deg=9≥4,-,not_sink,False,1.0,False,2,9,3,151900.0,39920.0,13,3,0.2628,0.0,0.0,0,0,0.0006325,5.275e-05,in_cycle;repeat_amounts,0.229,0.1749,0.1804,0.0,0.0667
100000004076740100,transit,0.835,35,0.651,"Получил 93 тыс ₸ от 3 плательщиков (5 переводов), отправил 125 тыс ₸ 6 получателям (10 переводов); отправил в 1,3× больше полученного → есть невидимые входящие; 25% полученного ушло за ≤2 дн",117,R4: out/in=1.34>1.2 (невидимые входящие),-,not_sink,False,1.0,False,1,3,6,93250.0,125000.0,5,10,1.3405,0.2466,31750.0,1,0,0.00074145,0.00043516,in_cycle;repeat_route,0.1753,0.1812,0.1945,0.0333,0.0667
100000006069103100,transit,0.839,6,0.6504,"Получил 229 тыс ₸ от 3 плательщиков (3 перевода), отправил 270 тыс ₸ 3 получателям (4 перевода); дальше ушло 118%; 20% полученного ушло за ≤2 дн; seed среди плательщиков: 1",118,R4: out/in=1.18∈[0.8;1.2],-,not_sink,False,1.0,False,1,3,3,228818.0,270000.0,3,4,1.18,0.1967,41182.0,1,0,0.00115163,5.806e-05,in_cycle,0.1762,0.2155,0.192,0.0333,0.0333
100000003718221100,transit,0.953,25,0.6503,"Получил 350 тыс ₸ от 2 плательщиков (6 переводов), отправил 424 тыс ₸ 4 получателям (8 переводов); отправил в 1,2× больше полученного → есть невидимые входящие; 77% полученного ушло за ≤2 дн",119,R4: out/in=1.21>1.2 (невидимые входящие),-,not_sink,False,1.0,False,2,2,4,350000.0,423500.0,6,8,1.21,0.7714,73500.0,0,0,0.00104347,3.923e-05,in_cycle,0.2001,0.2262,0.1907,0.0,0.0333
100000003366154100,transit,0.914,5,0.6493,"Получил 125 тыс ₸ от 1 плательщика (1 перевод), отправил 289 тыс ₸ 3 получателям (3 перевода); отправил в 2,3× больше полученного → есть невидимые входящие; 100% полученного ушло за ≤2 дн",120,R4: out/in=2.31>1.2 (невидимые входящие),-,not_sink,False,1.0,False,1,1,3,125000.0,289170.0,1,3,2.3134,1.0,164170.0,1,0,0.0003106,6.147e-05,fast_transit;unseen_inflow,0.1919,0.2079,0.1828,0.0333,0.0333
100000002781227100,transit,0.844,60,0.649,"Получил 191 тыс ₸ от 2 плательщиков (8 переводов), отправил 212 тыс ₸ 3 получателям (10 переводов); дальше ушло 111%; 22% полученного ушло за ≤2 дн; seed среди плательщиков: 1",121,R4: out/in=1.11∈[0.8;1.2],-,not_sink,False,1.0,False,1,2,3,191167.62,212420.0,8,10,1.1112,0.2206,21252.380000000005,1,0,0.00232659,0.00013296,in_cycle,0.1772,0.2067,0.1983,0.0333,0.0333
100000004041163100,transit,0.6,33,0.6487,"Получил 50 тыс ₸ от 1 плательщика (1 перевод), отправил 866 тыс ₸ 2 получателям (6 переводов); отправил в 17,3× больше полученного → есть невидимые входящие; 96% полученного ушло за ≤2 дн",122,R4: out/in=17.32>1.2 (невидимые входящие),-,not_sink,False,1.0,True,0,1,2,50000.0,866000.0,1,6,17.32,0.96,816000.0,1,2,0.00208475,2.338e-05,fast_transit;in_cycle,0.1134,0.2074,0.1779,0.09,0.06
100000007511163100,transit,0.945,6,0.6484,"Получил 64 тыс ₸ от 2 плательщиков (2 перевода), отправил 82 тыс ₸ 3 получателям (3 перевода); отправил в 1,3× больше полученного → есть невидимые входящие; 77% полученного ушло за ≤2 дн",123,R4: out/in=1.29>1.2 (невидимые входящие),-,not_sink,False,1.0,False,1,2,3,63666.0,82052.0,2,3,1.2888,0.7696,18386.0,1,1,0.0003396,0.00013646,in_cycle,0.1984,0.1609,0.1891,0.0667,0.0333
100000007908818100,consolidator,0.5,5,0.6476,"Получает от 4 плательщиков: 727 тыс ₸, 4 перевода (в среднем 182 тыс ₸); seed среди плательщиков: 2; дальше ушло 42% полученного 6 получателям",124,R3: in_deg=4≥4,-,not_sink,False,1.0,False,1,4,6,727475.0,302000.0,4,13,0.4151,0.0206,0.0,2,0,0.00047538,0.00017754,-,0.1575,0.2328,0.1907,0.0667,0.0
100000000267734100,transit,0.81,7,0.6475,"Получил 180 тыс ₸ от 2 плательщиков (4 перевода), отправил 282 тыс ₸ 7 получателям (8 переводов); отправил в 1,6× больше полученного → есть невидимые входящие; 22% полученного ушло за ≤2 дн",125,R4: out/in=1.57>1.2 (невидимые входящие),-,not_sink,False,1.0,False,1,2,7,180000.0,282000.0,4,8,1.5667,0.2222,102000.0,1,0,0.00053732,3.57e-06,in_cycle;repeat_route;unseen_inflow,0.1701,0.2125,0.1649,0.0333,0.0667
100000003404627100,consolidator,0.5,20,0.6472,"Получает от 4 плательщиков: 878 тыс ₸, 5 переводов (в среднем 176 тыс ₸); seed среди плательщиков: 1; дальше не отправлял; 3 плательщика за один день (13.07)",126,R3: in_deg=4≥4,terminal,confirmed_sink,False,0.0,False,1,4,0,877700.0,0.0,5,0,0.0,-1.0,0.0,1,0,0.00137858,0.0,burst_in,0.1575,0.2289,0.1941,0.0333,0.0333
100000002718366100,consolidator,0.591,2,0.6454,"Получает от 6 плательщиков: 2,52 млн ₸, 10 переводов (в среднем 252 тыс ₸); дальше не отправлял; 3 плательщика за один день (28.07)",127,R3: in_deg=6≥4,terminal,confirmed_sink,False,0.0,False,2,6,0,2525000.0,0.0,10,0,0.0,-1.0,0.0,0,0,0.0006812,0.0,burst_in,0.1862,0.2444,0.1815,0.0,0.0333
100000008172352100,transit,0.872,64,0.6448,"Получил 90 тыс ₸ от 3 плательщиков (3 перевода), отправил 290 тыс ₸ 7 получателям (8 переводов); отправил в 3,2× больше полученного → есть невидимые входящие; 100% полученного ушло за ≤2 дн",128,R4: out/in=3.21>1.2 (невидимые входящие),-,not_sink,False,1.0,False,1,3,7,90265.0,289510.0,3,8,3.2073,1.0,199245.0,1,0,0.00037527,0.00018673,fast_transit;unseen_inflow,0.1831,0.2041,0.1909,0.0333,0.0333
100000000706545100,terminal,0.823,6,0.6447,"Получил 1,07 млн ₸ от 3 плательщиков (8 переводов), дальше ушло 7%; seed среди плательщиков: 1",129,"R5: out/in=0.07≤0.1, in=1,07 млн ₸",-,confirmed_sink,False,1.0,False,1,3,1,1070300.0,75800.0,8,3,0.0708,0.0,0.0,1,0,0.00322663,1.962e-05,in_cycle,0.144,0.2342,0.1998,0.0333,0.0333
100000008545727100,transit,0.7,12,0.6447,"Получил 30 тыс ₸ от 1 плательщика (1 перевод), отправил 1,87 млн ₸ 6 получателям (7 переводов); отправил в 62,2× больше полученного → есть невидимые входящие; 100% полученного ушло за ≤2 дн",130,R4: out/in=62.22>1.2 (невидимые входящие),-,not_sink,False,1.0,False,2,1,6,30000.0,1866500.0,1,7,62.2167,1.0,1836500.0,0,0,0.0003387,0.0001342,fast_transit;in_cycle;unseen_inflow,0.147,0.2422,0.1888,0.0,0.0667
100000001380054100,transit,0.699,43,0.644,"Получил 127 тыс ₸ от 2 плательщиков (2 перевода), отправил 360 тыс ₸ 3 получателям (4 перевода); отправил в 2,8× больше полученного → есть невидимые входящие; 6% полученного ушло за ≤2 дн",131,R4: out/in=2.83>1.2 (невидимые входящие),-,not_sink,False,1.0,False,1,2,3,127050.0,360000.0,2,4,2.8335,0.0555,232950.0,1,1,0.00071643,2.77e-06,in_cycle;unseen_inflow,0.1468,0.2143,0.1829,0.0667,0.0333
100000002152857100,transit,0.703,24,0.6436,"Получил 105 тыс ₸ от 1 плательщика (1 перевод), отправил 1,23 млн ₸ 5 получателям (6 переводов); отправил в 11,7× больше полученного → есть невидимые входящие; 100% полученного ушло за ≤2 дн",132,R4: out/in=11.71>1.2 (невидимые входящие),-,not_sink,False,1.0,False,1,1,5,105000.0,1230000.0,1,6,11.7143,1.0,1125000.0,1,0,0.00029971,0.00031347,fast_transit;unseen_inflow,0.1476,0.2361,0.1932,0.0333,0.0333
100000003265158100,consolidator,0.5,28,0.6434,"Получает от 3 плательщиков: 146 тыс ₸, 3 перевода (в среднем 49 тыс ₸); seed среди плательщиков: 2; дальше ушло 106% полученного 2 получателям",133,R3: seed-плательщиков=2≥2,-,not_sink,False,1.0,False,1,3,2,146100.4,154200.0,3,4,1.0554,0.872,8099.600000000006,2,0,0.00038467,0.00017655,fast_transit,0.1575,0.1953,0.1906,0.0667,0.0333
100000000274067100,transit,0.682,7,0.6418,"Получил 518 тыс ₸ от 2 плательщиков (9 переводов), отправил 2,97 млн ₸ 3 получателям (9 переводов); отправил в 5,7× больше полученного → есть невидимые входящие; 43% полученного ушло за ≤2 дн",134,R4: out/in=5.73>1.2 (невидимые входящие),-,not_sink,False,1.0,False,1,2,3,517704.0,2969000.0,9,9,5.7349,0.4302,2451296.0,1,0,0.0004137,1.19e-06,in_cycle;repeat_route;unseen_inflow,0.1432,0.2467,0.152,0.0333,0.0667
100000002741024100,consolidator,0.545,8,0.6396,"Получает от 5 плательщиков: 818 тыс ₸, 9 переводов (в среднем 91 тыс ₸); дальше ушло 53% полученного 6 получателям",135,R3: in_deg=5≥4,-,not_sink,False,1.0,False,2,5,6,817980.85,434989.0,9,7,0.5318,0.0345,0.0,0,0,0.00285519,0.00011869,in_cycle,0.1717,0.2353,0.1993,0.0,0.0333
100000002267998100,transit,0.816,25,0.6384,"Получил 420 тыс ₸ от 2 плательщиков (4 перевода), отправил 1,11 млн ₸ 3 получателям (12 переводов); отправил в 2,7× больше полученного → есть невидимые входящие; 60% полученного ушло за ≤2 дн",136,R4: out/in=2.65>1.2 (невидимые входящие),-,not_sink,False,1.0,False,2,2,3,420000.0,1115000.0,4,12,2.6548,0.5952,695000.0,0,0,0.00158483,5.885e-05,in_cycle;unseen_inflow,0.1714,0.2387,0.195,0.0,0.0333
100000008121806100,transit,0.853,8,0.6384,"Получил 67 тыс ₸ от 1 плательщика (1 перевод), отправил 249 тыс ₸ 4 получателям (6 переводов); отправил в 3,7× больше полученного → есть невидимые входящие; 100% полученного ушло за ≤2 дн",137,R4: out/in=3.71>1.2 (невидимые входящие),-,not_sink,False,1.0,False,3,1,4,67000.0,248509.0,1,6,3.7091,1.0,181509.0,0,0,0.00030037,0.00078086,fast_transit;in_cycle;unseen_inflow,0.1791,0.1967,0.1959,0.0,0.0667
100000004892144100,terminal,0.9,4,0.6383,"Получил 4,50 млн ₸ от 2 плательщиков (7 переводов), дальше ушло 4%",138,"R5: out/in=0.04≤0.1, in=4,50 млн ₸",-,confirmed_sink,False,1.0,False,3,2,1,4500000.0,180300.0,7,1,0.0401,0.0,0.0,0,0,0.0027832,0.0,in_cycle,0.1575,0.2482,0.1992,0.0,0.0333
100000002733905100,transit,0.687,11,0.638,"Получил 100 тыс ₸ от 3 плательщиков (5 переводов), отправил 718 тыс ₸ 2 получателям (3 перевода); отправил в 7,2× больше полученного → есть невидимые входящие; 60% полученного ушло за ≤2 дн",139,R4: out/in=7.18>1.2 (невидимые входящие),-,not_sink,False,1.0,False,2,3,2,100000.0,717839.0,5,3,7.1784,0.6,617839.0,0,0,0.00291696,1.78e-06,in_cycle;repeat_route;unseen_inflow,0.1443,0.2276,0.1994,0.0,0.0667
100000001660397100,transit,0.952,1,0.6378,"Получил 49 тыс ₸ от 2 плательщиков (2 перевода), отправил 49 тыс ₸ 3 получателям (4 перевода); дальше ушло 101%; 76% полученного ушло за ≤2 дн; seed среди плательщиков: 1",140,R4: out/in=1.01∈[0.8;1.2],-,not_sink,False,1.0,False,1,2,3,48600.0,49000.0,2,4,1.0082,0.7613,400.0,1,1,0.00029515,0.0005033,in_cycle,0.1999,0.143,0.1948,0.0667,0.0333
100000000552584100,terminal,0.943,4,0.6369,"Получил 2,50 млн ₸ от 1 плательщика (3 перевода), дальше ушло 2%",141,"R5: out/in=0.02≤0.1, in=2,50 млн ₸",-,confirmed_sink,False,1.0,False,3,1,1,2500000.0,57500.0,3,1,0.023,0.0,0.0,0,0,0.00132544,0.0,in_cycle,0.165,0.2449,0.1937,0.0,0.0333
100000004670388100,transit,0.828,45,0.6369,"Получил 160 тыс ₸ от 1 плательщика (1 перевод), отправил 720 тыс ₸ 2 получателям (4 перевода); отправил в 4,5× больше полученного → есть невидимые входящие; 100% полученного ушло за ≤2 дн",142,R4: out/in=4.49>1.2 (невидимые входящие),-,not_sink,False,1.0,False,3,1,2,160354.0,720000.0,1,4,4.4901,1.0,559646.0,0,0,0.00051402,1.962e-05,fast_transit;in_cycle;unseen_inflow,0.1739,0.2292,0.1671,0.0,0.0667
100000000667713100,transit,0.644,6,0.6346,"Получил 119 тыс ₸ от 2 плательщиков (10 переводов), отправил 79 тыс ₸ 6 получателям (7 переводов); дальше ушло 66%; 31% полученного ушло за ≤2 дн; seed среди плательщиков: 1",143,R4: out/in=0.66≥0.5,-,not_sink,False,1.0,False,1,2,6,119495.0,79236.0,10,7,0.6631,0.3134,0.0,1,1,0.00032011,0.00013968,in_cycle;repeat_route,0.1352,0.1765,0.1895,0.0667,0.0667
100000008213966100,transit,0.865,37,0.6344,"Получил 187 тыс ₸ от 3 плательщиков (7 переводов), отправил 437 тыс ₸ 1 получателю (8 переводов); отправил в 2,3× больше полученного → есть невидимые входящие; 76% полученного ушло за ≤2 дн",144,R4: out/in=2.34>1.2 (невидимые входящие),-,not_sink,False,1.0,False,2,3,1,187004.0,436900.0,7,8,2.3363,0.7594,249896.0,0,0,0.00193355,4.32e-05,in_cycle;unseen_inflow,0.1816,0.2223,0.1972,0.0,0.0333
100000008314203100,consolidator,0.5,20,0.6337,"Получает от 2 плательщиков: 382 тыс ₸, 10 переводов (в среднем 38 тыс ₸); seed среди плательщиков: 2; дальше ушло 86% полученного 2 получателям",145,R3: seed-плательщиков=2≥2,-,not_sink,False,1.0,True,0,2,2,382076.0,327000.0,10,13,0.8559,0.3638,0.0,2,2,0.00050299,0.0,in_cycle;repeat_route,0.1418,0.2019,0.14,0.09,0.06
100000000291906100,transit,0.887,45,0.633,"Получил 388 тыс ₸ от 2 плательщиков (3 перевода), отправил 456 тыс ₸ 2 получателям (6 переводов); дальше ушло 117%; 43% полученного ушло за ≤2 дн",146,R4: out/in=1.17∈[0.8;1.2],-,not_sink,False,1.0,False,2,2,2,388000.0,455854.0,3,6,1.1749,0.4339,67854.0,0,0,0.00076294,7.807e-05,in_cycle,0.1863,0.2285,0.1849,0.0,0.0333
100000004221668100,consolidator,0.5,24,0.6318,"Получает от 4 плательщиков: 1,13 млн ₸, 8 переводов (в среднем 141 тыс ₸); дальше ушло 65% полученного 3 получателям",147,R3: in_deg=4≥4,-,not_sink,False,1.0,False,2,4,3,1128300.0,731440.0,8,10,0.6483,0.6183,0.0,0,0,0.00309017,4.56e-06,in_cycle,0.1575,0.2413,0.1996,0.0,0.0333
100000002175422100,transit,0.642,22,0.6316,"Получил 68 тыс ₸ от 3 плательщиков (5 переводов), отправил 1,62 млн ₸ 6 получателям (14 переводов); отправил в 23,7× больше полученного → есть невидимые входящие; 71% полученного ушло за ≤2 дн",148,R4: out/in=23.67>1.2 (невидимые входящие),-,not_sink,False,1.0,False,2,3,6,68500.0,1621188.0,5,14,23.667,0.708,1552688.0,0,0,0.00084589,0.00015872,in_cycle;repeat_route;unseen_inflow,0.1348,0.2399,0.1902,0.0,0.0667
100000002738256100,transit,1.0,29,0.6305,"Получил 150 тыс ₸ от 1 плательщика (1 перевод), отправил 175 тыс ₸ 1 получателю (1 перевод); дальше ушло 117%; 100% полученного ушло за ≤2 дн",149,R4: out/in=1.17∈[0.8;1.2],-,not_sink,False,1.0,False,2,1,1,150200.0,175000.0,1,1,1.1651,1.0,24800.0,0,0,0.00050731,0.0,fast_transit;in_cycle,0.21,0.1976,0.1562,0.0,0.0667
100000005820746100,terminal,0.925,4,0.6285,"Получил 1,99 млн ₸ от 1 плательщика (2 перевода), дальше ушло 3%",150,"R5: out/in=0.03≤0.1, in=1,99 млн ₸",-,confirmed_sink,False,1.0,False,3,1,1,1989000.0,60000.0,2,1,0.0302,0.0,0.0,0,0,0.00098946,0.0,in_cycle,0.1619,0.243,0.1903,0.0,0.0333
100000006534886100,transit,0.875,6,0.6276,"Получил 72 тыс ₸ от 1 плательщика (5 переводов), отправил 168 тыс ₸ 1 получателю (8 переводов); отправил в 2,3× больше полученного → есть невидимые входящие; 81% полученного ушло за ≤2 дн",151,R4: out/in=2.34>1.2 (невидимые входящие),-,not_sink,False,1.0,False,2,1,1,71700.0,167500.0,5,8,2.3361,0.8103,95800.0,0,0,0.0011277,0.0,fast_transit;in_cycle,0.1838,0.1855,0.1917,0.0,0.0667
100000002547110100,consolidator,0.591,2,0.6275,"Получает от 6 плательщиков: 1,50 млн ₸, 10 переводов (в среднем 150 тыс ₸); дальше не отправлял; 5 плательщиков за один день (16.07)",152,R3: in_deg=6≥4,terminal,confirmed_sink,False,0.0,False,3,6,0,1500000.0,0.0,10,0,0.0,-1.0,0.0,0,0,0.00055163,0.0,burst_in,0.1862,0.2381,0.1699,0.0,0.0333
100000002894076100,consolidator,0.5,7,0.6274,"Получает от 4 плательщиков: 1,12 млн ₸, 6 переводов (в среднем 187 тыс ₸); seed среди плательщиков: 2; дальше не отправлял; 3 плательщика за один день (14.07)",153,R3: in_deg=4≥4,terminal,confirmed_sink,False,0.0,False,1,4,0,1122782.0,0.0,6,0,0.0,-1.0,0.0,2,0,0.00038268,0.0,burst_in,0.1575,0.2339,0.136,0.0667,0.0333
100000007864477100,transit,0.88,1,0.6266,"Получил 76 тыс ₸ от 2 плательщиков (2 перевода), отправил 204 тыс ₸ 6 получателям (10 переводов); отправил в 2,7× больше полученного → есть невидимые входящие; 92% полученного ушло за ≤2 дн",154,R4: out/in=2.68>1.2 (невидимые входящие),-,not_sink,False,1.0,False,3,2,6,76000.0,203500.0,2,10,2.6776,0.9211,127500.0,0,1,0.00030477,7.542e-05,fast_transit;unseen_inflow,0.1848,0.1912,0.1839,0.0333,0.0333
100000004717647100,transit,0.593,30,0.6265,"Получил 300 тыс ₸ от 1 плательщика (2 перевода), отправил 2,24 млн ₸ 5 получателям (10 переводов); отправил в 7,5× больше полученного → есть невидимые входящие; 16% полученного ушло за ≤2 дн",155,R4: out/in=7.47>1.2 (невидимые входящие),-,not_sink,False,1.0,False,3,1,5,300000.0,2240000.0,2,10,7.4667,0.1567,1940000.0,0,0,0.00102336,7.767e-05,in_cycle;repeat_route;unseen_inflow,0.1245,0.2448,0.1905,0.0,0.0667
100000003854444100,distributor,0.54,16,0.6258,"Веерная раздача: 2,32 млн ₸ 14 получателям (14 переводов, в среднем 166 тыс ₸); получил 210 тыс ₸ от 1 плательщика; 5 получателей за один день (26.07)",156,R2: out_deg=14≥10 и ≥3×in_deg,-,not_sink,False,1.0,False,2,1,14,210000.0,2322909.0,4,14,11.0615,0.7619,2112909.0,0,0,0.00046676,0.00107526,burst_out;unseen_inflow,0.1512,0.2446,0.1967,0.0,0.0333
100000003004487100,consolidator,0.5,22,0.6257,"Получает от 4 плательщиков: 184 тыс ₸, 9 переводов (в среднем 20 тыс ₸); seed среди плательщиков: 1; отправил 2 получателям в 1,4× больше полученного (невидимые входящие)",157,R3: in_deg=4≥4,-,not_sink,False,1.0,False,1,4,2,183702.8,265015.0,9,3,1.4426,0.0505,81312.20000000001,1,0,0.00035087,0.0001928,in_cycle,0.1575,0.2104,0.1911,0.0333,0.0333
100000004480280100,transit,0.829,5,0.6251,"Получил 147 тыс ₸ от 1 плательщика (1 перевод), отправил 296 тыс ₸ 2 получателям (7 переводов); отправил в 2,0× больше полученного → есть невидимые входящие; 48% полученного ушло за ≤2 дн",158,R4: out/in=2.02>1.2 (невидимые входящие),-,not_sink,False,1.0,False,1,1,2,146694.0,295850.0,1,7,2.0168,0.484,149156.0,1,1,0.00031494,3.572e-05,unseen_inflow,0.1741,0.2096,0.1747,0.0667,0.0
100000003016438100,transit,0.971,2,0.6242,"Получил 200 тыс ₸ от 1 плательщика (1 перевод), отправил 300 тыс ₸ 1 получателю (3 перевода); отправил в 1,5× больше полученного → есть невидимые входящие; 100% полученного ушло за ≤2 дн",159,R4: out/in=1.50>1.2 (невидимые входящие),-,not_sink,False,1.0,False,3,1,1,200000.0,300000.0,1,3,1.5,1.0,100000.0,0,0,0.00031668,2.14e-05,fast_transit;unseen_inflow,0.2039,0.2161,0.1709,0.0,0.0333
100000003213473100,distributor,0.51,1,0.6238,"Веерная раздача: 240 тыс ₸ 11 получателям (12 переводов, в среднем 20 тыс ₸); получил 58 тыс ₸ от 1 плательщика",160,R2: out_deg=11≥10 и ≥3×in_deg,-,not_sink,False,1.0,False,3,1,11,57500.0,240000.0,2,12,4.1739,0.7826,182500.0,0,2,0.00028881,0.00010973,in_cycle;unseen_inflow,0.1428,0.194,0.187,0.0667,0.0333
100000007382543100,transit,0.828,37,0.6228,"Получил 218 тыс ₸ от 3 плательщиков (3 перевода), отправил 427 тыс ₸ 5 получателям (8 переводов); отправил в 2,0× больше полученного → есть невидимые входящие; 46% полученного ушло за ≤2 дн",161,R4: out/in=1.96>1.2 (невидимые входящие),-,not_sink,False,1.0,False,2,3,5,218000.0,427000.0,3,8,1.9587,0.4587,209000.0,0,0,0.00119049,0.00024448,in_cycle;unseen_inflow,0.1739,0.223,0.1926,0.0,0.0333
100000000594783100,terminal,0.855,4,0.6227,"Получил 2,63 млн ₸ от 1 плательщика (10 переводов), дальше ушло 6%",162,"R5: out/in=0.06≤0.1, in=2,63 млн ₸",-,confirmed_sink,False,1.0,False,3,1,2,2635000.0,152500.0,10,2,0.0579,0.0579,0.0,0,0,0.00138159,0.0,in_cycle,0.1496,0.2456,0.1942,0.0,0.0333
100000008710843100,distributor,0.53,13,0.6217,"Веерная раздача: 1,99 млн ₸ 13 получателям (14 переводов, в среднем 142 тыс ₸); получил 34 тыс ₸ от 2 плательщиков",163,R2: out_deg=13≥10 и ≥3×in_deg,-,not_sink,False,1.0,False,2,2,13,33944.0,1985500.0,3,14,58.4934,0.4419,1951556.0,0,0,0.00029288,0.00123575,in_cycle;unseen_inflow,0.1484,0.2428,0.1972,0.0,0.0333
100000008254069100,transit,0.713,33,0.6215,"Получил 10 тыс ₸ от 1 плательщика (2 перевода), отправил 108 тыс ₸ 5 получателям (6 переводов); отправил в 10,5× больше полученного → есть невидимые входящие; 98% полученного ушло за ≤2 дн",164,R4: out/in=10.54>1.2 (невидимые входящие),-,not_sink,False,1.0,False,2,1,5,10200.0,107500.0,2,6,10.5392,0.9804,97300.0,0,2,0.00034249,9.351e-05,fast_transit;in_cycle,0.1497,0.1529,0.1855,0.0667,0.0667
100000005527892100,transit,0.795,18,0.6211,"Получил 220 тыс ₸ от 3 плательщиков (3 перевода), отправил 552 тыс ₸ 8 получателям (8 переводов); отправил в 2,5× больше полученного → есть невидимые входящие; 45% полученного ушло за ≤2 дн",165,R4: out/in=2.51>1.2 (невидимые входящие),-,not_sink,False,1.0,False,1,3,8,220001.0,552419.0,3,8,2.511,0.4545,332418.0,1,0,0.00031243,0.00049557,unseen_inflow,0.1669,0.2261,0.1948,0.0333,0.0
100000001899164100,consolidator,0.5,28,0.6189,"Получает от 4 плательщиков: 292 тыс ₸, 5 переводов (в среднем 58 тыс ₸); seed среди плательщиков: 1; дальше ушло 26% полученного 3 получателям",166,R3: in_deg=4≥4,-,not_sink,False,1.0,False,1,4,3,291675.0,76500.0,5,3,0.2623,0.0,0.0,1,0,0.00117656,0.00012662,in_cycle,0.1575,0.2025,0.1923,0.0333,0.0333
100000002032323100,transit,0.861,2,0.6175,"Получил 300 тыс ₸ от 1 плательщика (1 перевод), отправил 1,05 млн ₸ 1 получателю (2 перевода); отправил в 3,5× больше полученного → есть невидимые входящие; 100% полученного ушло за ≤2 дн",167,R4: out/in=3.50>1.2 (невидимые входящие),-,not_sink,False,1.0,False,3,1,1,300000.0,1050000.0,1,2,3.5,1.0,750000.0,0,0,0.00040405,1.962e-05,fast_transit;unseen_inflow,0.1808,0.2362,0.1671,0.0,0.0333
100000008743913100,distributor,0.53,13,0.6174,"Веерная раздача: 1,85 млн ₸ 13 получателям (13 переводов, в среднем 142 тыс ₸); получил 149 тыс ₸ от 3 плательщиков",168,R2: out_deg=13≥10 и ≥3×in_deg,-,not_sink,False,1.0,False,2,3,13,149300.0,1850600.0,3,13,12.3952,0.9397,1701300.0,0,0,0.00033211,0.00030607,fast_transit;unseen_inflow,0.1484,0.2425,0.1931,0.0,0.0333
100000001677929100,transit,0.839,7,0.6171,"Получил 127 тыс ₸ от 3 плательщиков (3 перевода), отправил 286 тыс ₸ 2 получателям (4 перевода); отправил в 2,3× больше полученного → есть невидимые входящие; 61% полученного ушло за ≤2 дн",169,R4: out/in=2.26>1.2 (невидимые входящие),-,not_sink,False,1.0,False,2,3,2,126777.0,286098.0,3,4,2.2567,0.6056,159321.0,0,0,0.00333409,1.19e-06,in_cycle;unseen_inflow,0.1762,0.2076,0.1999,0.0,0.0333
100000008223661100,transit,0.838,2,0.6158,"Получил 202 тыс ₸ от 2 плательщиков (2 перевода), отправил 263 тыс ₸ 5 получателям (5 переводов); отправил в 1,3× больше полученного → есть невидимые входящие; 24% полученного ушло за ≤2 дн",170,R4: out/in=1.30>1.2 (невидимые входящие),-,not_sink,False,1.0,False,3,2,5,202000.0,262580.0,2,5,1.2999,0.2437,60580.0,0,1,0.00031467,0.00032542,-,0.176,0.2127,0.1938,0.0333,0.0
100000008560717100,consolidator,0.636,3,0.6147,"Получает от 7 плательщиков: 529 тыс ₸, 9 переводов (в среднем 59 тыс ₸); seed среди плательщиков: 1; дальше ушло 5% полученного 1 получателю",171,R3: in_deg=7≥4,-,not_sink,False,1.0,False,1,7,1,529000.0,25000.0,9,1,0.0473,0.0,0.0,1,0,0.00033083,1.922e-05,-,0.2003,0.219,0.162,0.0333,0.0
100000004906181100,transit,0.7,32,0.6143,"Получил 100 тыс ₸ от 1 плательщика (1 перевод), отправил 2,47 млн ₸ 7 получателям (33 перевода); отправил в 24,7× больше полученного → есть невидимые входящие; 100% полученного ушло за ≤2 дн",172,R4: out/in=24.73>1.2 (невидимые входящие),-,not_sink,False,1.0,False,3,1,7,100000.0,2473417.91,1,33,24.7342,1.0,2373417.91,0,0,0.00028881,0.00013454,fast_transit;unseen_inflow,0.147,0.2451,0.1889,0.0,0.0333
100000003946524100,transit,0.8,5,0.6136,"Получил 134 тыс ₸ от 2 плательщиков (2 перевода), отправил 145 тыс ₸ 2 получателям (2 перевода); дальше ушло 108%; seed среди плательщиков: 1",173,R4: out/in=1.08∈[0.8;1.2],-,not_sink,False,1.0,False,1,2,2,133757.0,144750.0,2,2,1.0822,0.0,10993.0,1,0,0.00032606,0.00011948,in_cycle,0.168,0.1911,0.1879,0.0333,0.0333
100000004398811100,transit,0.9,5,0.6135,"Получил 426 тыс ₸ от 1 плательщика (1 перевод), отправил 1,04 млн ₸ 3 получателям (4 перевода); отправил в 2,4× больше полученного → есть невидимые входящие; 96% полученного ушло за ≤2 дн",174,R4: out/in=2.44>1.2 (невидимые входящие),-,not_sink,False,1.0,False,2,1,3,426000.0,1040672.0,1,4,2.4429,0.9648,614672.0,0,0,0.00034969,1.49e-06,fast_transit;unseen_inflow,0.189,0.238,0.1532,0.0,0.0333
100000008742053100,distributor,0.52,9,0.6127,"Веерная раздача: 2,79 млн ₸ 12 получателям (12 переводов, в среднем 232 тыс ₸); получил 10 тыс ₸ от 1 плательщика; 5 получателей за один день (30.07)",175,R2: out_deg=12≥10 и ≥3×in_deg,-,not_sink,False,1.0,False,3,1,12,10000.0,2789000.0,1,12,278.9,0.0,2779000.0,0,0,0.00028627,0.00012107,burst_out;unseen_inflow,0.1456,0.2457,0.1881,0.0,0.0333
100000008546855100,consolidator,0.591,16,0.6123,"Получает от 6 плательщиков: 72 тыс ₸, 8 переводов (в среднем 9 тыс ₸); дальше ушло 14% полученного 2 получателям; 5 плательщиков за один день (27.07)",176,R3: in_deg=6≥4,-,not_sink,False,1.0,False,2,6,2,71790.0,10000.0,8,2,0.1393,0.1393,0.0,0,0,0.00142698,5.885e-05,burst_in;in_cycle;repeat_route;repeat_amounts,0.1862,0.1316,0.1946,0.0,0.1
100000003457710100,transit,0.843,3,0.6119,"Получил 327 тыс ₸ от 1 плательщика (1 перевод), отправил 1,31 млн ₸ 1 получателю (2 перевода); отправил в 4,0× больше полученного → есть невидимые входящие; 100% полученного ушло за ≤2 дн",177,R4: out/in=4.00>1.2 (невидимые входящие),-,not_sink,False,1.0,False,3,1,1,326555.0,1306000.0,1,2,3.9993,1.0,979445.0,0,0,0.00029615,1.922e-05,fast_transit;unseen_inflow,0.177,0.2395,0.162,0.0,0.0333
100000004159526100,consolidator,0.5,10,0.6106,"Получает от 4 плательщиков: 275 тыс ₸, 4 перевода (в среднем 69 тыс ₸); seed среди плательщиков: 1; дальше ушло 25% полученного 4 получателям",178,R3: in_deg=4≥4,-,not_sink,False,1.0,False,1,4,4,275037.0,68000.0,4,6,0.2472,0.1091,0.0,1,0,0.0008532,9.788e-05,in_cycle,0.1575,0.1993,0.1871,0.0333,0.0333
100000002603769100,terminal,1.0,1,0.6102,"Получил 1,19 млн ₸ от 3 плательщиков (3 перевода), дальше ушло 0%; seed среди плательщиков: 1",179,"R5: out/in=0.00≤0.1, in=1,19 млн ₸",-,confirmed_sink,False,0.0,False,1,3,0,1185368.0,0.0,3,0,0.0,-1.0,0.0,1,0,0.00054154,0.0,-,0.175,0.2348,0.1671,0.0333,0.0
100000002645993100,transit,0.951,1,0.6098,"Получил 50 тыс ₸ от 2 плательщиков (4 перевода), отправил 87 тыс ₸ 5 получателям (9 переводов); отправил в 1,8× больше полученного → есть невидимые входящие; 100% полученного ушло за ≤2 дн",180,R4: out/in=1.75>1.2 (невидимые входящие),-,not_sink,False,1.0,False,3,2,5,49650.0,86980.0,4,9,1.7519,1.0,37330.0,0,0,0.00029331,9.388e-05,fast_transit;in_cycle,0.1997,0.1578,0.1856,0.0,0.0667
100000002605308100,terminal,1.0,10,0.6083,"Получил 2,57 млн ₸ от 3 плательщиков (7 переводов), дальше ушло 0%",181,"R5: out/in=0.00≤0.1, in=2,57 млн ₸",-,confirmed_sink,False,0.0,False,2,3,0,2569521.84,0.0,7,0,0.0,-1.0,0.0,0,0,0.00088498,0.0,-,0.175,0.245,0.1883,0.0,0.0
100000002193259100,transit,0.966,28,0.6064,"Получил 48 тыс ₸ от 2 плательщиков (2 перевода), отправил 58 тыс ₸ 3 получателям (3 перевода); отправил в 1,2× больше полученного → есть невидимые входящие; 83% полученного ушло за ≤2 дн",182,R4: out/in=1.21>1.2 (невидимые входящие),-,not_sink,False,1.0,False,2,2,3,48000.0,58000.0,2,3,1.2083,0.8333,10000.0,0,0,0.00089084,6.44e-05,fast_transit;in_cycle,0.2029,0.1484,0.1884,0.0,0.0667
100000008192264100,transit,1.0,3,0.606,"Получил 163 тыс ₸ от 1 плательщика (1 перевод), отправил 188 тыс ₸ 1 получателю (2 перевода); дальше ушло 115%; 100% полученного ушло за ≤2 дн",183,R4: out/in=1.15∈[0.8;1.2],-,not_sink,False,1.0,False,3,1,1,162810.0,187910.0,1,2,1.1542,1.0,25100.0,0,0,0.00029085,1.922e-05,fast_transit,0.21,0.2006,0.162,0.0,0.0333
100000003823811100,coordinator,0.5,33,0.6057,"Платит 3 известным участникам (seed); получил 30 тыс ₸ от 1 плательщика (1 перевод), отправил 66 тыс ₸ 3 получателям (3 перевода)",184,R1 платит seed: seed-получателей=3≥3,-,not_sink,False,1.0,False,2,1,3,30000.0,66130.0,1,3,2.2043,0.0,36130.0,0,3,0.00035698,0.00012452,-,0.175,0.1423,0.1883,0.1,0.0
100000008512827100,distributor,0.5,9,0.6056,"Веерная раздача: 1,94 млн ₸ 10 получателям (10 переводов, в среднем 194 тыс ₸); получил 108 тыс ₸ от 3 плательщиков",185,R2: out_deg=10≥10 и ≥3×in_deg,-,not_sink,False,1.0,False,2,3,10,107949.0,1944500.0,3,10,18.0131,0.9074,1836551.0,0,0,0.00033526,0.00013727,fast_transit;unseen_inflow,0.14,0.2431,0.1891,0.0,0.0333
100000008111003100,consolidator,0.591,5,0.6045,"Получает от 6 плательщиков: 223 тыс ₸, 9 переводов (в среднем 25 тыс ₸); дальше ушло 16% полученного 1 получателю",186,R3: in_deg=6≥4,-,not_sink,False,1.0,False,2,6,1,222716.0,35000.0,9,1,0.1572,0.1572,0.0,0,0,0.00046962,0.00088191,in_cycle,0.1862,0.1887,0.1963,0.0,0.0333
100000001072022100,terminal,1.0,5,0.6035,"Получил 1,68 млн ₸ от 3 плательщиков (6 переводов), дальше ушло 0%; seed среди плательщиков: 1",187,"R5: out/in=0.00≤0.1, in=1,68 млн ₸",-,confirmed_sink,False,0.0,False,1,3,0,1684000.0,0.0,6,0,0.0,-1.0,0.0,1,0,0.00050213,0.0,-,0.175,0.2398,0.1554,0.0333,0.0
100000008430691100,transit,0.7,54,0.6032,"Получил 20 тыс ₸ от 1 плательщика (1 перевод), отправил 605 тыс ₸ 2 получателям (2 перевода); отправил в 30,2× больше полученного → есть невидимые входящие; 100% полученного ушло за ≤2 дн",188,R4: out/in=30.25>1.2 (невидимые входящие),-,not_sink,False,1.0,False,3,1,2,20000.0,604900.0,1,2,30.245,1.0,584900.0,0,0,0.00030698,1.962e-05,fast_transit;in_cycle;unseen_inflow,0.147,0.2224,0.1671,0.0,0.0667
100000001166289100,terminal,0.841,11,0.6029,"Получил 721 тыс ₸ от 2 плательщиков (10 переводов), дальше ушло 3%",189,"R5: out/in=0.03≤0.1, in=721 тыс ₸",-,confirmed_sink,False,1.0,False,2,2,1,721039.0,25000.0,10,1,0.0347,0.0347,0.0,0,0,0.00200213,0.0,in_cycle,0.1472,0.2251,0.1973,0.0,0.0333
100000005660203100,terminal,0.711,6,0.6023,"Получил 573 тыс ₸ от 1 плательщика (12 переводов), дальше ушло 7%",190,"R5: out/in=0.07≤0.1, in=573 тыс ₸",-,confirmed_sink,False,1.0,False,2,1,2,572899.0,41000.0,12,5,0.0716,0.0716,0.0,0,0,0.00094925,1.942e-05,in_cycle;repeat_route,0.1244,0.2216,0.1896,0.0,0.0667
100000003528285100,consolidator,0.5,5,0.6014,"Получает от 4 плательщиков: 119 тыс ₸, 5 переводов (в среднем 24 тыс ₸); отправил 4 получателям в 4,6× больше полученного (невидимые входящие)",191,R3: in_deg=4≥4,-,not_sink,False,1.0,False,3,4,4,118870.0,548000.0,5,6,4.6101,0.6814,429130.0,0,1,0.00040428,0.00011505,unseen_inflow,0.1575,0.2234,0.1871,0.0333,0.0
100000005519998100,transit,0.868,35,0.6011,"Получил 182 тыс ₸ от 3 плательщиков (5 переводов), отправил 188 тыс ₸ 3 получателям (8 переводов); дальше ушло 103%; 34% полученного ушло за ≤2 дн",192,R4: out/in=1.03∈[0.8;1.2],-,not_sink,False,1.0,False,2,3,3,182000.0,188000.0,5,8,1.033,0.3407,6000.0,0,0,0.00065246,5.984e-05,in_cycle,0.1823,0.203,0.1826,0.0,0.0333
100000000933075100,transit,0.982,28,0.6004,"Получил 40 тыс ₸ от 1 плательщика (1 перевод), отправил 55 тыс ₸ 2 получателям (2 перевода); отправил в 1,4× больше полученного → есть невидимые входящие; 100% полученного ушло за ≤2 дн",193,R4: out/in=1.38>1.2 (невидимые входящие),-,not_sink,False,1.0,False,3,1,2,40000.0,55000.0,1,2,1.375,1.0,15000.0,0,0,0.0008087,2.14e-05,fast_transit;in_cycle,0.2062,0.1416,0.1859,0.0,0.0667
100000004715209100,transit,0.7,2,0.5999,"Получил 5 тыс ₸ от 1 плательщика (1 перевод), отправил 350 тыс ₸ 5 получателям (17 переводов); отправил в 70,1× больше полученного → есть невидимые входящие; 100% полученного ушло за ≤2 дн",194,R4: out/in=70.09>1.2 (невидимые входящие),-,not_sink,False,1.0,False,3,1,5,5000.0,350450.0,1,17,70.09,1.0,345450.0,0,0,0.00028754,7.767e-05,fast_transit;in_cycle;unseen_inflow,0.147,0.2016,0.1846,0.0,0.0667
100000004677680100,transit,0.753,14,0.5997,"Получил 63 тыс ₸ от 2 плательщиков (2 перевода), отправил 168 тыс ₸ 1 получателю (3 перевода); отправил в 2,7× больше полученного → есть невидимые входящие; 29% полученного ушло за ≤2 дн",195,R4: out/in=2.67>1.2 (невидимые входящие),-,not_sink,False,1.0,False,1,2,1,63000.0,168000.0,2,3,2.6667,0.2857,105000.0,1,0,0.00109283,4.121e-05,in_cycle;unseen_inflow,0.1581,0.1835,0.1914,0.0333,0.0333
100000008722417100,transit,0.88,3,0.5991,"Получил 332 тыс ₸ от 1 плательщика (1 перевод), отправил 720 тыс ₸ 3 получателям (6 переводов); отправил в 2,2× больше полученного → есть невидимые входящие; 78% полученного ушло за ≤2 дн",196,R4: out/in=2.17>1.2 (невидимые входящие),-,not_sink,False,1.0,False,3,1,3,331900.0,720000.0,1,6,2.1693,0.7834,388100.0,0,0,0.00029633,5.766e-05,unseen_inflow,0.1848,0.2331,0.1812,0.0,0.0
100000008752616100,transit,0.669,2,0.5991,"Получил 65 тыс ₸ от 2 плательщиков (2 перевода), отправил 1,26 млн ₸ 7 получателям (7 переводов); отправил в 19,6× больше полученного → есть невидимые входящие; 84% полученного ушло за ≤2 дн",197,R4: out/in=19.61>1.2 (невидимые входящие),-,not_sink,False,1.0,False,2,2,7,64510.0,1265000.0,2,7,19.6094,0.845,1200490.0,0,0,0.00031306,0.00013876,fast_transit;unseen_inflow,0.1405,0.236,0.1893,0.0,0.0333
100000007390016100,transit,0.665,46,0.5981,"Получил 511 тыс ₸ от 1 плательщика (13 переводов), отправил 346 тыс ₸ 1 получателю (14 переводов); дальше ушло 68%; 38% полученного ушло за ≤2 дн",198,R4: out/in=0.68≥0.5,-,not_sink,False,1.0,False,3,1,1,511000.0,346500.0,13,14,0.6781,0.3816,0.0,0,0,0.001843,0.0,in_cycle,0.1396,0.2286,0.1964,0.0,0.0333
100000008086440100,transit,0.838,1,0.5981,"Получил 200 тыс ₸ от 1 плательщика (1 перевод), отправил 161 тыс ₸ 5 получателям (6 переводов); дальше ушло 81%; 19% полученного ушло за ≤2 дн",199,R4: out/in=0.81∈[0.8;1.2],-,not_sink,False,1.0,False,3,1,5,199733.0,161300.0,1,6,0.8076,0.1903,0.0,0,0,0.00033767,0.0001052,in_cycle,0.176,0.2022,0.1867,0.0,0.0333
100000001330685100,terminal,0.897,3,0.597,"Получил 2,44 млн ₸ от 3 плательщиков (7 переводов), дальше ушло 4%; seed среди плательщиков: 1",200,"R5: out/in=0.04≤0.1, in=2,44 млн ₸",-,confirmed_sink,False,1.0,False,1,3,1,2435923.0,100500.0,7,1,0.0413,0.0,0.0,1,0,0.00043822,1.922e-05,-,0.157,0.2447,0.162,0.0333,0.0
100000004336312100,transit,0.858,35,0.5966,"Получил 90 тыс ₸ от 3 плательщиков (7 переводов), отправил 73 тыс ₸ 2 получателям (3 перевода); дальше ушло 80%; 29% полученного ушло за ≤2 дн",201,R4: out/in=0.80∈[0.8;1.2],-,not_sink,False,1.0,False,2,3,2,90415.0,72650.0,7,3,0.8035,0.2876,0.0,0,0,0.00069601,3.378e-05,burst_in;in_cycle,0.1802,0.1676,0.1821,0.0,0.0667
100000008724461100,transit,0.99,2,0.5965,"Получил 100 тыс ₸ от 1 плательщика (1 перевод), отправил 130 тыс ₸ 1 получателю (1 перевод); отправил в 1,3× больше полученного → есть невидимые входящие; 100% полученного ушло за ≤2 дн",202,R4: out/in=1.30>1.2 (невидимые входящие),-,not_sink,False,1.0,False,3,1,1,100111.0,130000.0,1,1,1.2986,1.0,29889.0,0,0,0.00029073,2.239e-05,fast_transit,0.2079,0.1832,0.1722,0.0,0.0333
100000001303311100,consolidator,0.545,13,0.5961,"Получает от 5 плательщиков: 1,32 млн ₸, 5 переводов (в среднем 265 тыс ₸); дальше не отправлял; 4 плательщика за один день (30.07)",203,R3: in_deg=5≥4,-,truncated_time,False,0.0,False,3,5,0,1324000.0,0.0,5,0,0.0,-1.0,0.0,0,0,0.0005017,0.0,burst_in;late_inflow,0.1717,0.2359,0.1552,0.0,0.0333
100000008746449100,distributor,0.5,2,0.596,"Веерная раздача: 1,01 млн ₸ 10 получателям (10 переводов, в среднем 101 тыс ₸); получил 10 тыс ₸ от 1 плательщика; 7 получателей за один день (27.07)",204,R2: out_deg=10≥10 и ≥3×in_deg,-,not_sink,False,1.0,False,3,1,10,10000.0,1009000.0,1,10,100.9,0.0,999000.0,0,0,0.000287,0.00016598,burst_out;unseen_inflow,0.14,0.2323,0.1904,0.0,0.0333
100000008144528100,consolidator,0.545,6,0.5958,"Получает от 5 плательщиков: 1,07 млн ₸, 13 переводов (в среднем 82 тыс ₸); дальше не отправлял",205,R3: in_deg=5≥4,terminal,confirmed_sink,False,0.0,False,2,5,0,1068202.6,0.0,13,0,0.0,-1.0,0.0,0,0,0.00105554,0.0,-,0.1717,0.2333,0.1908,0.0,0.0
100000008188026100,transit,0.646,19,0.5958,"Получил 86 тыс ₸ от 2 плательщиков (5 переводов), отправил 338 тыс ₸ 4 получателям (4 перевода); отправил в 3,9× больше полученного → есть невидимые входящие; seed среди плательщиков: 1",206,R4: out/in=3.91>1.2 (невидимые входящие),-,not_sink,False,1.0,False,1,2,4,86468.0,337983.17,5,4,3.9088,0.0,251515.16999999998,1,0,0.0002993,8.203e-05,in_cycle;unseen_inflow,0.1357,0.2083,0.1851,0.0333,0.0333
100000007170072100,transit,0.999,8,0.5956,"Получил 100 тыс ₸ от 1 плательщика (1 перевод), отправил 100 тыс ₸ 2 получателям (9 переводов); дальше ушло 100%; 100% полученного ушло за ≤2 дн",207,R4: out/in=0.99∈[0.8;1.2],-,not_sink,False,1.0,False,3,1,2,100000.0,99500.0,1,9,0.995,0.995,0.0,0,0,0.00030766,3.844e-05,fast_transit,0.2098,0.1767,0.1758,0.0,0.0333
100000002748180100,transit,0.7,9,0.5954,"Получил 10 тыс ₸ от 1 плательщика (1 перевод), отправил 680 тыс ₸ 8 получателям (9 переводов); отправил в 68,7× больше полученного → есть невидимые входящие; 100% полученного ушло за ≤2 дн",208,R4: out/in=68.66>1.2 (невидимые входящие),-,not_sink,False,1.0,False,1,1,8,9900.0,679743.0,1,9,68.6609,1.0,669843.0,1,0,0.00028721,8.52e-06,fast_transit;unseen_inflow,0.147,0.2241,0.1577,0.0333,0.0333
100000001887715100,transit,0.644,13,0.5953,"Получил 1,33 млн ₸ от 3 плательщиков (4 перевода), отправил 750 тыс ₸ 1 получателю (1 перевод); дальше ушло 56%; 56% полученного ушло за ≤2 дн",209,R4: out/in=0.56≥0.5,-,not_sink,False,1.0,False,3,3,1,1331500.0,750000.0,4,1,0.5633,0.5633,0.0,0,0,0.00073093,2.259e-05,burst_in,0.1352,0.2432,0.1835,0.0,0.0333
100000005183943100,terminal,0.918,40,0.5952,"Получил 681 тыс ₸ от 1 плательщика (9 переводов), дальше ушло 0%; seed среди плательщиков: 1",210,"R5: out/in=0.00≤0.1, in=681 тыс ₸",-,confirmed_sink,False,0.0,False,1,1,0,680900.0,0.0,9,0,0.0,-1.0,0.0,1,0,0.00061084,0.0,-,0.1606,0.2239,0.1773,0.0333,0.0
100000008258458100,transit,0.7,39,0.5952,"Получил 19 тыс ₸ от 1 плательщика (1 перевод), отправил 1,56 млн ₸ 2 получателям (4 перевода); отправил в 82,0× больше полученного → есть невидимые входящие; 100% полученного ушло за ≤2 дн",211,R4: out/in=82.00>1.2 (невидимые входящие),-,not_sink,False,1.0,False,3,1,2,19000.0,1557988.0,1,4,81.9994,1.0,1538988.0,0,0,0.00029126,3.844e-05,fast_transit;unseen_inflow,0.147,0.2391,0.1758,0.0,0.0333
100000008258083100,transit,0.582,15,0.5951,"Получил 3,15 млн ₸ от 2 плательщиков (13 переводов), отправил 2,05 млн ₸ 2 получателям (6 переводов); дальше ушло 65%; 4% полученного ушло за ≤2 дн",212,R4: out/in=0.65≥0.5,-,not_sink,False,1.0,False,2,2,2,3149500.0,2045650.0,13,6,0.6495,0.0373,0.0,0,0,0.00105004,7.767e-05,in_cycle,0.1222,0.2488,0.1907,0.0,0.0333
100000007544358100,transit,0.814,6,0.5949,"Получил 322 тыс ₸ от 2 плательщиков (2 перевода), отправил 350 тыс ₸ 1 получателю (3 перевода); дальше ушло 109%; 7% полученного ушло за ≤2 дн; seed среди плательщиков: 1",213,R4: out/in=1.09∈[0.8;1.2],-,not_sink,False,1.0,False,1,2,1,322500.0,350000.0,2,3,1.0853,0.0698,27500.0,1,0,0.00034057,1.962e-05,-,0.1709,0.2235,0.1671,0.0333,0.0
100000001102676100,transit,1.0,5,0.5948,"Получил 50 тыс ₸ от 1 плательщика (1 перевод), отправил 50 тыс ₸ 1 получателю (1 перевод); дальше ушло 100%; 100% полученного ушло за ≤2 дн",214,R4: out/in=1.00∈[0.8;1.2],-,not_sink,False,1.0,False,2,1,1,50000.0,50000.0,1,1,1.0,1.0,0.0,0,1,0.00031303,2.398e-05,fast_transit,0.21,0.145,0.1731,0.0333,0.0333
100000008758168100,transit,0.673,13,0.5947,"Получил 75 тыс ₸ от 2 плательщиков (2 перевода), отправил 1,53 млн ₸ 5 получателям (5 переводов); отправил в 20,3× больше полученного → есть невидимые входящие; 87% полученного ушло за ≤2 дн",215,R4: out/in=20.34>1.2 (невидимые входящие),-,not_sink,False,1.0,False,2,2,5,75410.0,1533600.0,2,5,20.3368,0.8674,1458190.0,0,0,0.00031837,5.602e-05,fast_transit;unseen_inflow,0.1413,0.2394,0.1806,0.0,0.0333
100000004209339100,transit,0.815,53,0.5945,"Получил 138 тыс ₸ от 1 плательщика (6 переводов), отправил 238 тыс ₸ 2 получателям (11 переводов); отправил в 1,7× больше полученного → есть невидимые входящие; 31% полученного ушло за ≤2 дн",216,R4: out/in=1.72>1.2 (невидимые входящие),-,not_sink,False,1.0,False,2,1,2,138500.0,238500.0,6,11,1.722,0.3105,100000.0,0,0,0.00081953,2.1e-05,in_cycle;unseen_inflow,0.1711,0.2037,0.1863,0.0,0.0333
100000003509750100,transit,0.942,7,0.5938,"Получил 82 тыс ₸ от 3 плательщиков (4 перевода), отправил 78 тыс ₸ 3 получателям (5 переводов); дальше ушло 95%; 71% полученного ушло за ≤2 дн",217,R4: out/in=0.95∈[0.8;1.2],-,not_sink,False,1.0,False,2,3,3,82290.0,78400.0,4,5,0.9527,0.7097,0.0,0,0,0.00168705,1.98e-06,in_cycle,0.1978,0.167,0.1956,0.0,0.0333
100000005778283100,consolidator,0.5,7,0.5935,"Получает от 3 плательщиков: 616 тыс ₸, 3 перевода (в среднем 205 тыс ₸); seed среди плательщиков: 2; дальше не отправлял",218,R3: seed-плательщиков=2≥2,terminal,confirmed_sink,False,0.0,False,1,3,0,615760.0,0.0,3,0,0.0,-1.0,0.0,2,0,0.00043758,0.0,-,0.1575,0.2219,0.1475,0.0667,0.0
100000001526235100,transit,0.718,47,0.5935,"Получил 82 тыс ₸ от 3 плательщиков (4 перевода), отправил 433 тыс ₸ 8 получателям (9 переводов); отправил в 5,3× больше полученного → есть невидимые входящие; 55% полученного ушло за ≤2 дн",219,R4: out/in=5.28>1.2 (невидимые входящие),-,not_sink,False,1.0,False,2,3,8,82000.0,432750.0,4,9,5.2774,0.5549,350750.0,0,0,0.00087786,0.0002566,in_cycle;unseen_inflow,0.1508,0.2171,0.1923,0.0,0.0333
100000004017410100,transit,0.617,35,0.5933,"Получил 194 тыс ₸ от 2 плательщиков (6 переводов), отправил 1,33 млн ₸ 5 получателям (11 переводов); отправил в 6,9× больше полученного → есть невидимые входящие; 22% полученного ушло за ≤2 дн",220,R4: out/in=6.87>1.2 (невидимые входящие),-,not_sink,False,1.0,False,3,2,5,193650.0,1330915.0,6,11,6.8728,0.2202,1137265.0,0,0,0.00113154,4.059e-05,in_cycle;unseen_inflow,0.1296,0.2385,0.1918,0.0,0.0333
100000002173161100,terminal,1.0,6,0.593,"Получил 1,43 млн ₸ от 3 плательщиков (5 переводов), дальше ушло 0%; seed среди плательщиков: 1",221,"R5: out/in=0.00≤0.1, in=1,43 млн ₸",-,confirmed_sink,False,0.0,False,1,3,0,1427500.0,0.0,5,0,0.0,-1.0,0.0,1,0,0.00043541,0.0,-,0.175,0.2373,0.1473,0.0333,0.0
100000003154105100,transit,0.782,52,0.593,"Получил 60 тыс ₸ от 1 плательщика (1 перевод), отправил 338 тыс ₸ 7 получателям (9 переводов); отправил в 5,6× больше полученного → есть невидимые входящие; 92% полученного ушло за ≤2 дн",222,R4: out/in=5.63>1.2 (невидимые входящие),-,not_sink,False,1.0,False,3,1,7,60000.0,338000.0,1,9,5.6333,0.9167,278000.0,0,0,0.00055068,0.00014009,fast_transit;unseen_inflow,0.1642,0.2059,0.1896,0.0,0.0333
100000006240939100,transit,0.818,24,0.5921,"Получил 160 тыс ₸ от 1 плательщика (1 перевод), отправил 778 тыс ₸ 5 получателям (5 переводов); отправил в 4,9× больше полученного → есть невидимые входящие; 100% полученного ушло за ≤2 дн",223,R4: out/in=4.86>1.2 (невидимые входящие),-,not_sink,False,1.0,False,2,1,5,160000.0,778015.0,1,5,4.8626,1.0,618015.0,0,0,0.00031875,4.16e-06,fast_transit;unseen_inflow,0.1718,0.2309,0.1561,0.0,0.0333
100000001788284100,transit,0.7,47,0.592,"Получил 8 тыс ₸ от 1 плательщика (1 перевод), отправил 297 тыс ₸ 5 получателям (8 переводов); отправил в 37,1× больше полученного → есть невидимые входящие; 100% полученного ушло за ≤2 дн",224,R4: out/in=37.09>1.2 (невидимые входящие),-,not_sink,False,1.0,False,3,1,5,8000.0,296700.0,1,8,37.0875,1.0,288700.0,0,0,0.00029938,5.944e-05,fast_transit;in_cycle;unseen_inflow,0.147,0.196,0.1824,0.0,0.0667
100000001637376100,transit,0.932,3,0.5919,"Получил 117 тыс ₸ от 1 плательщика (1 перевод), отправил 234 тыс ₸ 1 получателю (2 перевода); отправил в 2,0× больше полученного → есть невидимые входящие; 99% полученного ушло за ≤2 дн",225,R4: out/in=2.01>1.2 (невидимые входящие),-,not_sink,False,1.0,False,3,1,1,116700.0,234250.0,1,2,2.0073,0.994,117550.0,0,0,0.00028935,1.922e-05,fast_transit;unseen_inflow,0.1957,0.2008,0.162,0.0,0.0333
100000004005964100,transit,0.659,27,0.591,"Получил 98 тыс ₸ от 3 плательщиков (9 переводов), отправил 72 тыс ₸ 3 получателям (5 переводов); дальше ушло 74%; 20% полученного ушло за ≤2 дн; seed среди плательщиков: 1",226,R4: out/in=0.74≥0.5,-,not_sink,False,1.0,False,1,3,3,97900.0,72000.0,9,5,0.7354,0.2043,0.0,1,1,0.00040452,5e-07,in_cycle;repeat_amounts,0.1384,0.1702,0.1491,0.0667,0.0667
100000002872399100,terminal,1.0,7,0.5908,"Получил 1,09 млн ₸ от 1 плательщика (9 переводов), дальше ушло 0%",227,"R5: out/in=0.00≤0.1, in=1,09 млн ₸",-,confirmed_sink,False,0.0,False,3,1,0,1090000.0,0.0,9,0,0.0,-1.0,0.0,0,0,0.00070577,0.0,-,0.175,0.2335,0.1823,0.0,0.0
100000008587459100,transit,0.65,1,0.5902,"Получил 182 тыс ₸ от 2 плательщиков (2 перевода), отправил 686 тыс ₸ 2 получателям (4 перевода); отправил в 3,8× больше полученного → есть невидимые входящие",228,R4: out/in=3.78>1.2 (невидимые входящие),-,not_sink,False,1.0,False,2,2,2,181507.0,686500.0,2,4,3.7822,0.0,504993.0,0,1,0.00030076,1.772e-05,in_cycle;unseen_inflow,0.1365,0.2288,0.1583,0.0333,0.0333
100000001609499100,terminal,0.611,1,0.5899,"Получил 263 тыс ₸ от 3 плательщиков (3 перевода), дальше ушло 8%; seed среди плательщиков: 1",229,"R5: out/in=0.08≤0.1, in=263 тыс ₸",-,confirmed_sink,False,1.0,False,1,3,2,263113.0,21000.0,3,2,0.0798,0.038,0.0,1,1,0.00032091,0.00018422,in_cycle,0.1069,0.1922,0.1908,0.0667,0.0333
100000003054328100,transit,0.981,9,0.5881,"Получил 140 тыс ₸ от 1 плательщика (1 перевод), отправил 194 тыс ₸ 2 получателям (2 перевода); отправил в 1,4× больше полученного → есть невидимые входящие; 100% полученного ушло за ≤2 дн",230,R4: out/in=1.38>1.2 (невидимые входящие),-,not_sink,False,1.0,False,2,1,2,140000.0,193720.0,1,2,1.3837,1.0,53720.0,0,0,0.00033591,7.9e-07,fast_transit,0.206,0.1984,0.1504,0.0,0.0333
100000005514161100,consolidator,0.5,7,0.588,"Получает от 4 плательщиков: 402 тыс ₸, 7 переводов (в среднем 57 тыс ₸); seed среди плательщиков: 1; дальше ушло 12% полученного 1 получателю",231,R3: in_deg=4≥4,-,not_sink,False,1.0,False,1,4,1,401500.0,50000.0,7,1,0.1245,0.0,0.0,1,0,0.00080614,4.042e-05,-,0.1575,0.2114,0.1858,0.0333,0.0
100000002480800100,terminal,0.889,5,0.5879,"Получил 569 тыс ₸ от 2 плательщиков (2 перевода), дальше ушло 0%; seed среди плательщиков: 1",232,"R5: out/in=0.00≤0.1, in=569 тыс ₸",-,confirmed_sink,False,0.0,False,1,2,0,569251.0,0.0,2,0,0.0,-1.0,0.0,1,0,0.00064108,0.0,-,0.1556,0.2196,0.1794,0.0333,0.0
100000000791285100,transit,0.651,23,0.5873,"Получил 1,12 млн ₸ от 1 плательщика (2 перевода), отправил 650 тыс ₸ 3 получателям (3 перевода); дальше ушло 58%; 55% полученного ушло за ≤2 дн",233,R4: out/in=0.58≥0.5,-,not_sink,False,1.0,False,3,1,3,1120000.0,650000.0,2,3,0.5804,0.5536,0.0,0,0,0.00056643,3.884e-05,in_cycle,0.1367,0.2402,0.177,0.0,0.0333
100000005357705100,transit,0.764,8,0.5872,"Получил 53 тыс ₸ от 1 плательщика (1 перевод), отправил 387 тыс ₸ 4 получателям (5 переводов); отправил в 7,4× больше полученного → есть невидимые входящие; 100% полученного ушло за ≤2 дн",234,R4: out/in=7.36>1.2 (невидимые входящие),-,not_sink,False,1.0,False,3,1,4,52595.0,387080.0,1,5,7.3596,1.0,334485.0,0,0,0.00029627,7.688e-05,fast_transit;unseen_inflow,0.1604,0.2093,0.1841,0.0,0.0333
100000008443341100,transit,0.917,1,0.5872,"Получил 34 тыс ₸ от 2 плательщиков (2 перевода), отправил 50 тыс ₸ 3 получателям (4 перевода); отправил в 1,4× больше полученного → есть невидимые входящие; 71% полученного ушло за ≤2 дн",235,R4: out/in=1.45>1.2 (невидимые входящие),-,not_sink,False,1.0,False,1,2,3,34500.0,50000.0,2,4,1.4493,0.7101,15500.0,1,0,0.00066897,0.0003601,in_cycle,0.1926,0.1338,0.1942,0.0333,0.0333
100000001463701100,terminal,0.902,14,0.587,"Получил 621 тыс ₸ от 2 плательщиков (2 перевода), дальше ушло 0%; seed среди плательщиков: 1",236,"R5: out/in=0.00≤0.1, in=621 тыс ₸",-,confirmed_sink,False,0.0,False,1,2,0,621000.0,0.0,2,0,0.0,-1.0,0.0,1,0,0.00057221,0.0,-,0.1578,0.222,0.1738,0.0333,0.0
100000002306369100,transit,0.658,5,0.5869,"Получил 73 тыс ₸ от 1 плательщика (1 перевод), отправил 261 тыс ₸ 6 получателям (9 переводов); отправил в 3,6× больше полученного → есть невидимые входящие; seed среди плательщиков: 1",237,R4: out/in=3.57>1.2 (невидимые входящие),-,not_sink,False,1.0,False,1,1,6,73166.0,260900.0,1,9,3.5659,0.0,187734.0,1,0,0.0002993,7.025e-05,in_cycle;unseen_inflow,0.1382,0.1985,0.1835,0.0333,0.0333
100000001282143100,consolidator,0.545,9,0.5867,"Получает от 5 плательщиков: 1,70 млн ₸, 6 переводов (в среднем 283 тыс ₸); дальше не отправлял; 4 плательщика за один день (29.07)",238,R3: in_deg=5≥4,terminal,confirmed_sink,False,0.0,False,3,5,0,1700000.0,0.0,6,0,0.0,-1.0,0.0,0,0,0.00040176,0.0,burst_in,0.1717,0.2401,0.1415,0.0,0.0333
100000003148220100,transit,0.758,70,0.5865,"Получил 6 тыс ₸ от 1 плательщика (1 перевод), отправил 43 тыс ₸ 2 получателям (4 перевода); отправил в 7,7× больше полученного → есть невидимые входящие; 100% полученного ушло за ≤2 дн",239,R4: out/in=7.68>1.2 (невидимые входящие),-,not_sink,False,1.0,False,1,1,2,5650.0,43400.0,1,4,7.6814,1.0,37750.0,1,1,0.00091824,4e-07,fast_transit;in_cycle,0.1592,0.1046,0.1894,0.0667,0.0667
100000007898453100,transit,0.7,5,0.5863,"Получил 25 тыс ₸ от 1 плательщика (1 перевод), отправил 320 тыс ₸ 2 получателям (2 перевода); отправил в 12,9× больше полученного → есть невидимые входящие; 100% полученного ушло за ≤2 дн",240,R4: out/in=12.93>1.2 (невидимые входящие),-,not_sink,False,1.0,False,2,1,2,24750.0,320000.0,1,2,12.9293,1.0,295250.0,0,0,0.00033302,2.398e-05,fast_transit;in_cycle;unseen_inflow,0.147,0.1995,0.1731,0.0,0.0667
100000000580561100,transit,0.6,40,0.586,"Получил 28 тыс ₸ от 2 плательщиков (3 перевода), отправил 1,49 млн ₸ 3 получателям (13 переводов); отправил в 53,2× больше полученного → есть невидимые входящие; 85% полученного ушло за ≤2 дн",241,R4: out/in=53.18>1.2 (невидимые входящие),-,not_sink,False,1.0,True,0,2,3,27980.0,1488077.0,3,13,53.1836,0.8463,1460097.0,0,0,0.00083499,1.19e-06,fast_transit;in_cycle;repeat_route,0.1134,0.2146,0.168,0.0,0.09
100000001411870100,terminal,0.974,7,0.5858,"Получил 900 тыс ₸ от 2 плательщиков (4 перевода), дальше ушло 0%; seed среди плательщиков: 1",242,"R5: out/in=0.00≤0.1, in=900 тыс ₸",-,confirmed_sink,False,0.0,False,1,2,0,900000.0,0.0,4,0,0.0,-1.0,0.0,1,0,0.00047804,0.0,-,0.1704,0.2297,0.1523,0.0333,0.0
100000002433697100,transit,0.969,3,0.5847,"Получил 130 тыс ₸ от 1 плательщика (1 перевод), отправил 110 тыс ₸ 1 получателю (1 перевод); дальше ушло 85%; 85% полученного ушло за ≤2 дн",243,R4: out/in=0.85∈[0.8;1.2],-,not_sink,False,1.0,False,3,1,1,130000.0,110000.0,1,1,0.8462,0.8462,0.0,0,0,0.00028978,1.922e-05,fast_transit,0.2035,0.1858,0.162,0.0,0.0333
100000005140601100,transit,0.781,8,0.5836,"Получил 53 тыс ₸ от 3 плательщиков (4 перевода), отправил 195 тыс ₸ 2 получателям (5 переводов); отправил в 3,7× больше полученного → есть невидимые входящие; 64% полученного ушло за ≤2 дн",244,R4: out/in=3.71>1.2 (невидимые входящие),-,not_sink,False,1.0,False,2,3,2,52685.0,195300.0,4,5,3.7069,0.6394,142615.0,0,0,0.00270573,1.962e-05,in_cycle;unseen_inflow,0.164,0.1873,0.199,0.0,0.0333
100000001445848100,transit,0.653,41,0.5822,"Получил 546 тыс ₸ от 1 плательщика (13 переводов), отправил 352 тыс ₸ 1 получателю (14 переводов); дальше ушло 64%; 40% полученного ушло за ≤2 дн",245,R4: out/in=0.64≥0.5,-,not_sink,False,1.0,False,3,1,1,546000.0,351850.0,13,14,0.6444,0.4038,0.0,0,0,0.00070202,0.0,in_cycle,0.1371,0.2295,0.1822,0.0,0.0333
100000004569484100,transit,0.764,12,0.5811,"Получил 98 тыс ₸ от 2 плательщиков (3 перевода), отправил 156 тыс ₸ 4 получателям (4 перевода); отправил в 1,6× больше полученного → есть невидимые входящие",246,R4: out/in=1.59>1.2 (невидимые входящие),-,not_sink,False,1.0,False,3,2,4,98312.0,156000.0,3,4,1.5868,0.0,57688.0,0,0,0.00031938,0.0027934,in_cycle,0.1604,0.1882,0.1992,0.0,0.0333
100000001162560100,distributor,0.52,12,0.5808,"Веерная раздача: 2,90 млн ₸ 12 получателям (14 переводов, в среднем 207 тыс ₸); получил 331 тыс ₸ от 1 плательщика",247,R2: out_deg=12≥10 и ≥3×in_deg,-,not_sink,False,1.0,False,1,1,12,331300.0,2904398.0,2,14,8.7667,0.5192,2573098.0,1,0,0.00032115,2.97e-06,unseen_inflow,0.1456,0.2462,0.1556,0.0333,0.0
100000001611488100,terminal,0.943,3,0.5793,"Получил 779 тыс ₸ от 2 плательщиков (3 перевода), дальше ушло 0%",248,"R5: out/in=0.00≤0.1, in=779 тыс ₸",-,confirmed_sink,False,0.0,False,3,2,0,779300.0,0.0,3,0,0.0,-1.0,0.0,0,0,0.00087754,0.0,-,0.165,0.2263,0.188,0.0,0.0
100000006704530100,transit,0.8,23,0.5791,"Получил 450 тыс ₸ от 1 плательщика (1 перевод), отправил 428 тыс ₸ 3 получателям (5 переводов); дальше ушло 95%",249,R4: out/in=0.95∈[0.8;1.2],-,not_sink,False,1.0,False,3,1,3,450500.0,428000.0,1,5,0.9501,0.0,0.0,0,0,0.00039854,5.885e-05,-,0.168,0.2291,0.182,0.0,0.0
100000005584222100,transit,0.615,1,0.5791,"Получил 193 тыс ₸ от 2 плательщиков (6 переводов), отправил 109 тыс ₸ 2 получателям (3 перевода); дальше ушло 56%; 42% полученного ушло за ≤2 дн; seed среди плательщиков: 1",250,R4: out/in=0.56≥0.5,-,not_sink,False,1.0,False,1,2,2,192717.0,108587.0,6,3,0.5635,0.4151,0.0,1,0,0.00087592,3.864e-05,in_cycle,0.1291,0.1954,0.1879,0.0333,0.0333
100000000413678100,transit,0.804,8,0.5783,"Получил 306 тыс ₸ от 2 плательщиков (2 перевода), отправил 528 тыс ₸ 3 получателям (18 переводов); отправил в 1,7× больше полученного → есть невидимые входящие; 25% полученного ушло за ≤2 дн",251,R4: out/in=1.72>1.2 (невидимые входящие),-,not_sink,False,1.0,False,3,2,3,306500.0,528198.0,2,18,1.7233,0.2545,221698.0,0,0,0.0003007,5.766e-05,unseen_inflow,0.1688,0.2283,0.1812,0.0,0.0
100000005168487100,transit,0.772,14,0.5783,"Получил 15 тыс ₸ от 1 плательщика (1 перевод), отправил 104 тыс ₸ 1 получателю (14 переводов); отправил в 6,9× больше полученного → есть невидимые входящие; 100% полученного ушло за ≤2 дн",252,R4: out/in=6.90>1.2 (невидимые входящие),-,not_sink,False,1.0,False,2,1,1,15000.0,103510.0,1,14,6.9007,1.0,88510.0,0,0,0.00181255,0.0,fast_transit;in_cycle,0.1621,0.1534,0.1962,0.0,0.0667
100000005610717100,consolidator,0.5,1,0.5782,"Получает от 4 плательщиков: 484 тыс ₸, 6 переводов (в среднем 81 тыс ₸); дальше ушло 55% полученного 1 получателю",253,R3: in_deg=4≥4,-,not_sink,False,1.0,False,3,4,1,484500.0,265200.0,6,7,0.5474,0.4586,0.0,0,0,0.00034454,1.922e-05,repeat_route,0.1575,0.2253,0.162,0.0,0.0333
100000006734214100,consolidator,0.545,3,0.5771,"Получает от 5 плательщиков: 610 тыс ₸, 10 переводов (в среднем 61 тыс ₸); дальше ушло 6% полученного 3 получателям",254,R3: in_deg=5≥4,-,not_sink,False,1.0,False,3,5,3,610000.0,36000.0,10,4,0.059,0.0426,0.0,0,0,0.00060639,5.944e-05,-,0.1717,0.2231,0.1824,0.0,0.0
100000008647905100,transit,0.772,16,0.5766,"Получил 50 тыс ₸ от 1 плательщика (1 перевод), отправил 344 тыс ₸ 2 получателям (2 перевода); отправил в 6,9× больше полученного → есть невидимые входящие; 100% полученного ушло за ≤2 дн",255,R4: out/in=6.88>1.2 (невидимые входящие),-,not_sink,False,1.0,False,2,1,2,50000.0,344222.0,1,2,6.8844,1.0,294222.0,0,0,0.00032871,3.844e-05,fast_transit;unseen_inflow,0.1621,0.2054,0.1758,0.0,0.0333
100000006977207100,distributor,0.55,18,0.5765,"Веерная раздача: 4,16 млн ₸ 15 получателям (15 переводов, в среднем 277 тыс ₸); получил 414 тыс ₸ от 1 плательщика",256,R2: out_deg=15≥10 и ≥3×in_deg,-,not_sink,False,1.0,False,2,1,15,414000.0,4157018.0,1,15,10.0411,0.0,3743018.0,0,0,0.00034789,3.277e-05,unseen_inflow,0.154,0.248,0.1745,0.0,0.0
100000004744306100,transit,0.786,33,0.5765,"Получил 69 тыс ₸ от 1 плательщика (1 перевод), отправил 92 тыс ₸ 2 получателям (3 перевода); отправил в 1,3× больше полученного → есть невидимые входящие; seed среди плательщиков: 1",257,R4: out/in=1.33>1.2 (невидимые входящие),-,not_sink,False,1.0,False,1,1,2,69000.0,92000.0,1,3,1.3333,0.0,23000.0,1,1,0.00046078,3.923e-05,-,0.1651,0.1671,0.1776,0.0667,0.0
100000002293421100,transit,0.873,1,0.5764,"Получил 41 тыс ₸ от 2 плательщиков (6 переводов), отправил 47 тыс ₸ 2 получателям (5 переводов); дальше ушло 115%; 37% полученного ушло за ≤2 дн",258,R4: out/in=1.15∈[0.8;1.2],-,not_sink,False,1.0,False,2,2,2,41000.0,47000.0,6,5,1.1463,0.3659,6000.0,0,0,0.00097483,1.962e-05,in_cycle;repeat_amounts,0.1833,0.1363,0.19,0.0,0.0667
100000003834495100,terminal,0.815,1,0.5762,"Получил 602 тыс ₸ от 3 плательщиков (5 переводов), дальше ушло 3%",259,"R5: out/in=0.03≤0.1, in=602 тыс ₸",-,confirmed_sink,False,1.0,False,3,3,1,602441.0,20000.0,5,1,0.0332,0.0332,0.0,0,0,0.00062086,2.87e-06,repeat_route,0.1426,0.2221,0.1781,0.0,0.0333
100000005394708100,transit,0.904,33,0.5762,"Получил 26 тыс ₸ от 1 плательщика (1 перевод), отправил 65 тыс ₸ 1 получателю (1 перевод); отправил в 2,5× больше полученного → есть невидимые входящие; 100% полученного ушло за ≤2 дн",260,R4: out/in=2.50>1.2 (невидимые входящие),-,not_sink,False,1.0,False,1,1,1,26000.0,65000.0,1,1,2.5,1.0,39000.0,1,1,0.00034518,2e-07,fast_transit,0.1898,0.1391,0.1472,0.0667,0.0333
100000002963189100,transit,0.516,10,0.5761,"Получил 490 тыс ₸ от 1 плательщика (3 перевода), отправил 5,22 млн ₸ 7 получателям (15 переводов); отправил в 10,7× больше полученного → есть невидимые входящие",261,R4: out/in=10.65>1.2 (невидимые входящие),-,not_sink,False,1.0,False,3,1,7,490000.0,5219000.0,3,15,10.651,0.0,4729000.0,0,0,0.00042407,8.541e-05,in_cycle;unseen_inflow,0.1084,0.2491,0.1853,0.0,0.0333
100000007777377100,terminal,0.805,6,0.5761,"Получил 456 тыс ₸ от 1 плательщика (7 переводов), дальше ушло 2%",262,"R5: out/in=0.02≤0.1, in=456 тыс ₸",-,confirmed_sink,False,1.0,False,2,1,2,456290.0,10000.0,7,2,0.0219,0.0219,0.0,0,0,0.00036115,0.00013593,repeat_route,0.1409,0.213,0.189,0.0,0.0333
100000008490127100,transit,0.725,3,0.5759,"Получил 432 тыс ₸ от 1 плательщика (2 перевода), отправил 923 тыс ₸ 6 получателям (9 переводов); отправил в 2,1× больше полученного → есть невидимые входящие",263,R4: out/in=2.14>1.2 (невидимые входящие),-,not_sink,False,1.0,False,3,1,6,431755.0,923000.0,2,9,2.1378,0.0,491245.0,0,0,0.00029956,0.00011532,unseen_inflow,0.1522,0.2363,0.1873,0.0,0.0
100000006788200100,consolidator,0.5,7,0.5757,"Получает от 4 плательщиков: 272 тыс ₸, 4 перевода (в среднем 68 тыс ₸); seed среди плательщиков: 1; дальше ушло 24% полученного 3 получателям",264,R3: in_deg=4≥4,-,not_sink,False,1.0,False,1,4,3,272155.8,64500.0,4,4,0.237,0.0,0.0,1,0,0.00033716,9.689e-05,-,0.1575,0.1986,0.1862,0.0333,0.0
100000008003034100,transit,0.711,21,0.5755,"Получил 12 тыс ₸ от 1 плательщика (1 перевод), отправил 135 тыс ₸ 4 получателям (4 перевода); отправил в 11,1× больше полученного → есть невидимые входящие; 100% полученного ушло за ≤2 дн",265,R4: out/in=11.06>1.2 (невидимые входящие),-,not_sink,False,1.0,False,1,1,4,12201.0,135000.0,1,4,11.0647,1.0,122799.0,1,0,0.00028688,0.00199314,fast_transit;unseen_inflow,0.1493,0.1615,0.198,0.0333,0.0333
100000001287955100,transit,0.7,9,0.5737,"Получил 18 тыс ₸ от 1 плательщика (1 перевод), отправил 310 тыс ₸ 4 получателям (5 переводов); отправил в 17,7× больше полученного → есть невидимые входящие; 100% полученного ушло за ≤2 дн",266,R4: out/in=17.69>1.2 (невидимые входящие),-,not_sink,False,1.0,False,2,1,4,17520.0,310000.0,1,5,17.6941,1.0,292480.0,0,0,0.00029392,0.0006803,fast_transit;unseen_inflow,0.147,0.1977,0.1956,0.0,0.0333
100000000583220100,transit,0.7,49,0.5734,"Получил 5 тыс ₸ от 1 плательщика (1 перевод), отправил 761 тыс ₸ 1 получателю (4 перевода); отправил в 152,3× больше полученного → есть невидимые входящие; 100% полученного ушло за ≤2 дн",267,R4: out/in=152.25>1.2 (невидимые входящие),-,not_sink,False,1.0,False,3,1,1,5000.0,761255.0,1,4,152.251,1.0,756255.0,0,0,0.00029811,1.962e-05,fast_transit;unseen_inflow,0.147,0.226,0.1671,0.0,0.0333
100000003071930100,terminal,0.839,12,0.5732,"Получил 478 тыс ₸ от 3 плательщиков (4 перевода), дальше ушло 1%; seed среди плательщиков: 1",268,"R5: out/in=0.01≤0.1, in=478 тыс ₸",-,confirmed_sink,False,1.0,False,1,3,1,477610.0,5000.0,4,1,0.0105,0.0105,0.0,1,0,0.00034837,4.28e-05,-,0.1468,0.2137,0.1793,0.0333,0.0
100000002628576100,transit,0.768,3,0.5725,"Получил 728 тыс ₸ от 2 плательщиков (3 перевода), отправил 539 тыс ₸ 2 получателям (2 перевода); дальше ушло 74%; 74% полученного ушло за ≤2 дн",269,R4: out/in=0.74≥0.5,-,not_sink,False,1.0,False,3,2,2,727882.0,539000.0,3,2,0.7405,0.7405,0.0,0,0,0.00031139,3.844e-05,-,0.1613,0.2354,0.1758,0.0,0.0
100000003001661100,transit,0.643,37,0.5725,"Получил 110 тыс ₸ от 1 плательщика (1 перевод), отправил 440 тыс ₸ 5 получателям (8 переводов); отправил в 4,0× больше полученного → есть невидимые входящие",270,R4: out/in=4.00>1.2 (невидимые входящие),-,not_sink,False,1.0,False,3,1,5,110000.0,439500.0,1,8,3.9955,0.0,329500.0,0,0,0.00054649,8.322e-05,in_cycle;unseen_inflow,0.135,0.2189,0.1852,0.0,0.0333
100000006844768100,transit,0.628,1,0.5723,"Получил 282 тыс ₸ от 1 плательщика (5 переводов), отправил 188 тыс ₸ 2 получателям (5 переводов); дальше ушло 67%; 22% полученного ушло за ≤2 дн",271,R4: out/in=0.67≥0.5,-,not_sink,False,1.0,False,2,1,2,282000.0,188000.0,5,5,0.6667,0.2234,0.0,0,0,0.00137078,3.884e-05,in_cycle,0.1319,0.2131,0.194,0.0,0.0333
100000002205022100,transit,0.669,56,0.5723,"Получил 7 тыс ₸ от 1 плательщика (1 перевод), отправил 518 тыс ₸ 3 получателям (3 перевода); отправил в 73,0× больше полученного → есть невидимые входящие; 85% полученного ушло за ≤2 дн",272,R4: out/in=72.96>1.2 (невидимые входящие),-,not_sink,False,1.0,False,2,1,3,7100.0,518000.0,1,3,72.9577,0.8451,510900.0,0,0,0.00054564,5.451e-05,fast_transit;unseen_inflow,0.1405,0.218,0.1805,0.0,0.0333
100000003747133100,consolidator,0.545,31,0.5721,"Получает от 5 плательщиков: 237 тыс ₸, 8 переводов (в среднем 30 тыс ₸); дальше ушло 105% полученного 2 получателям",273,R3: in_deg=5≥4,-,not_sink,False,1.0,False,2,5,2,237068.0,250000.0,8,2,1.0545,0.1694,12932.0,0,0,0.00037807,9.61e-05,-,0.1717,0.2144,0.186,0.0,0.0
100000001893287100,transit,0.745,7,0.5719,"Получил 18 тыс ₸ от 1 плательщика (3 перевода), отправил 153 тыс ₸ 1 получателю (14 переводов); отправил в 8,5× больше полученного → есть невидимые входящие; 100% полученного ушло за ≤2 дн",274,R4: out/in=8.48>1.2 (невидимые входящие),-,not_sink,False,1.0,False,3,1,1,18000.0,152700.0,3,14,8.4833,1.0,134700.0,0,0,0.00061845,0.0,fast_transit;in_cycle;unseen_inflow,0.1564,0.1708,0.1779,0.0,0.0667
100000007229557100,terminal,0.969,13,0.5716,"Получил 878 тыс ₸ от 3 плательщиков (3 перевода), дальше ушло 0%",275,"R5: out/in=0.00≤0.1, in=878 тыс ₸",-,confirmed_sink,False,0.0,False,3,3,0,878000.0,0.0,3,0,0.0,-1.0,0.0,0,0,0.00039421,0.0,burst_in,0.1696,0.229,0.1397,0.0,0.0333
100000008739887100,transit,0.845,8,0.5707,"Получил 214 тыс ₸ от 2 плательщиков (3 перевода), отправил 307 тыс ₸ 2 получателям (2 перевода); отправил в 1,4× больше полученного → есть невидимые входящие; 34% полученного ушло за ≤2 дн",276,R4: out/in=1.43>1.2 (невидимые входящие),-,not_sink,False,1.0,False,3,2,2,214000.0,307000.0,3,2,1.4346,0.3411,93000.0,0,0,0.0003333,3.844e-05,-,0.1774,0.2175,0.1758,0.0,0.0
100000004722765100,transit,0.677,31,0.5682,"Получил 230 тыс ₸ от 1 плательщика (1 перевод), отправил 2,28 млн ₸ 3 получателям (9 переводов); отправил в 9,9× больше полученного → есть невидимые входящие; 76% полученного ушло за ≤2 дн",277,R4: out/in=9.93>1.2 (невидимые входящие),-,not_sink,False,1.0,False,3,1,3,230000.0,2284500.0,1,9,9.9326,0.7609,2054500.0,0,0,0.00058159,5.826e-05,unseen_inflow,0.1422,0.2443,0.1817,0.0,0.0
100000000831684100,transit,0.867,28,0.5673,"Получил 15 тыс ₸ от 1 плательщика (2 перевода), отправил 50 тыс ₸ 1 получателю (3 перевода); отправил в 3,3× больше полученного → есть невидимые входящие; 100% полученного ушло за ≤2 дн",278,R4: out/in=3.33>1.2 (невидимые входящие),-,not_sink,False,1.0,False,2,1,1,15000.0,50000.0,2,3,3.3333,1.0,35000.0,0,0,0.00189061,0.0,fast_transit;in_cycle,0.1821,0.1219,0.1967,0.0,0.0667
100000004399686100,terminal,0.95,4,0.5671,"Получил 806 тыс ₸ от 1 плательщика (2 перевода), дальше ушло 0%",279,"R5: out/in=0.00≤0.1, in=806 тыс ₸",-,confirmed_sink,False,0.0,False,3,1,0,806000.0,0.0,2,0,0.0,-1.0,0.0,0,0,0.00057081,0.0,-,0.1662,0.2272,0.1737,0.0,0.0
100000004679953100,terminal,0.583,8,0.5667,"Получил 344 тыс ₸ от 3 плательщиков (3 перевода), дальше ушло 10%; seed среди плательщиков: 1",280,"R5: out/in=0.10≤0.1, in=344 тыс ₸",-,confirmed_sink,False,1.0,False,1,3,3,343538.0,34100.0,3,3,0.0993,0.062,0.0,1,0,0.00033427,0.00035422,in_cycle,0.102,0.2038,0.1941,0.0333,0.0333
100000008632060100,transit,0.5,1,0.5663,"Получил 6 тыс ₸ от 1 плательщика (1 перевод), отправил 339 тыс ₸ 9 получателям (12 переводов); отправил в 56,5× больше полученного → есть невидимые входящие",281,R4: out/in=56.53>1.2 (невидимые входящие),-,not_sink,False,1.0,False,3,1,9,6000.0,339200.0,1,12,56.5333,0.0,333200.0,0,1,0.00028803,0.00053654,in_cycle;unseen_inflow,0.105,0.1996,0.195,0.0333,0.0333
100000008571433100,transit,0.6,29,0.5655,"Получил 350 тыс ₸ от 2 плательщиков (2 перевода), отправил 1,43 млн ₸ 2 получателям (3 перевода); отправил в 4,1× больше полученного → есть невидимые входящие; 100% полученного ушло за ≤2 дн",282,R4: out/in=4.10>1.2 (невидимые входящие),-,not_sink,False,1.0,True,0,2,2,350000.0,1434000.0,2,3,4.0971,1.0,1084000.0,0,0,0.00162648,9.9e-07,fast_transit;in_cycle,0.1134,0.2164,0.1757,0.0,0.06
100000005665181100,consolidator,0.5,3,0.5655,"Получает от 4 плательщиков: 45 тыс ₸, 5 переводов (в среднем 9 тыс ₸); отправил 11 получателям в 4,0× больше полученного (невидимые входящие)",283,R3: in_deg=4≥4,distributor,not_sink,False,1.0,False,2,4,11,45498.0,181915.0,5,11,3.9983,0.1099,136417.0,0,0,0.00039854,0.00026832,in_cycle;unseen_inflow,0.1575,0.1823,0.1923,0.0,0.0333
100000005268319100,transit,0.809,1,0.5654,"Получил 20 тыс ₸ от 1 плательщика (2 перевода), отправил 91 тыс ₸ 5 получателям (10 переводов); отправил в 4,6× больше полученного → есть невидимые входящие; 92% полученного ушло за ≤2 дн",284,R4: out/in=4.62>1.2 (невидимые входящие),-,not_sink,False,1.0,False,3,1,5,19712.8,91000.0,2,10,4.6163,0.9216,71287.2,0,0,0.00029364,4.047e-05,fast_transit;in_cycle,0.1699,0.1502,0.1786,0.0,0.0667
100000000913911100,transit,0.791,5,0.5653,"Получил 467 тыс ₸ от 2 плательщиков (2 перевода), отправил 600 тыс ₸ 1 получателю (1 перевод); отправил в 1,3× больше полученного → есть невидимые входящие",285,R4: out/in=1.28>1.2 (невидимые входящие),-,not_sink,False,1.0,False,2,2,1,467000.0,600000.0,2,1,1.2848,0.0,133000.0,0,0,0.00045944,1.942e-05,unseen_inflow,0.1661,0.2332,0.166,0.0,0.0
100000004692798100,terminal,0.648,28,0.5653,"Получил 240 тыс ₸ от 2 плательщиков (4 перевода), дальше ушло 6%; seed среди плательщиков: 1",286,"R5: out/in=0.06≤0.1, in=240 тыс ₸",-,confirmed_sink,False,1.0,False,1,2,1,240305.0,15000.0,4,2,0.0624,0.0208,0.0,1,0,0.00191065,2e-07,in_cycle,0.1134,0.1884,0.1969,0.0333,0.0333
100000004325327100,transit,0.934,1,0.5645,"Получил 71 тыс ₸ от 2 плательщиков (3 перевода), отправил 70 тыс ₸ 1 получателю (1 перевод); дальше ушло 99%; 67% полученного ушло за ≤2 дн; seed среди плательщиков: 1",287,R4: out/in=0.99∈[0.8;1.2],-,not_sink,False,1.0,False,1,2,1,70817.0,70000.0,3,1,0.9885,0.6703,0.0,1,0,0.00029579,3.844e-05,-,0.1961,0.1593,0.1758,0.0333,0.0
100000005079754100,transit,0.809,5,0.564,"Получил 70 тыс ₸ от 1 плательщика (1 перевод), отправил 122 тыс ₸ 2 получателям (2 перевода); отправил в 1,7× больше полученного → есть невидимые входящие; 29% полученного ушло за ≤2 дн",288,R4: out/in=1.74>1.2 (невидимые входящие),-,not_sink,False,1.0,False,1,1,2,70000.0,122000.0,1,2,1.7429,0.2857,52000.0,1,0,0.00029959,9.511e-05,-,0.1699,0.1751,0.1857,0.0333,0.0
100000003249054100,consolidator,0.636,5,0.5638,"Получает от 7 плательщиков: 100 тыс ₸, 11 переводов (в среднем 9 тыс ₸); дальше ушло 15% полученного 1 получателю",289,R3: in_deg=7≥4,-,not_sink,False,1.0,False,2,7,1,99700.0,15000.0,11,1,0.1505,0.0,0.0,0,0,0.00043146,3.963e-05,repeat_amounts,0.2003,0.152,0.1781,0.0,0.0333
100000003964910100,terminal,1.0,17,0.5632,"Получил 1,00 млн ₸ от 2 плательщиков (2 перевода), дальше ушло 0%",290,"R5: out/in=0.00≤0.1, in=1,00 млн ₸",-,confirmed_sink,False,0.0,False,3,2,0,1000000.0,0.0,2,0,0.0,-1.0,0.0,0,0,0.00050936,0.0,-,0.175,0.2317,0.1565,0.0,0.0
100000002748532100,transit,0.746,13,0.5631,"Получил 356 тыс ₸ от 3 плательщиков (3 перевода), отправил 647 тыс ₸ 2 получателям (7 переводов); отправил в 1,8× больше полученного → есть невидимые входящие",291,R4: out/in=1.82>1.2 (невидимые входящие),-,not_sink,False,1.0,False,2,3,2,355575.0,646685.0,3,7,1.8187,0.0,291110.0,0,0,0.00033911,3.111e-05,unseen_inflow,0.1567,0.2321,0.1744,0.0,0.0
100000001279272100,transit,0.628,1,0.563,"Получил 250 тыс ₸ от 1 плательщика (1 перевод), отправил 137 тыс ₸ 2 получателям (2 перевода); дальше ушло 55%; 52% полученного ушло за ≤2 дн",292,R4: out/in=0.55≥0.5,-,not_sink,False,1.0,False,3,1,2,250000.0,136758.0,1,2,0.547,0.52,0.0,0,0,0.00030774,0.0002992,in_cycle,0.1319,0.2048,0.193,0.0,0.0333
100000002870463100,terminal,0.675,7,0.5628,"Получил 207 тыс ₸ от 3 плательщиков (4 перевода), дальше ушло 5%",293,"R5: out/in=0.05≤0.1, in=207 тыс ₸",-,confirmed_sink,False,1.0,False,2,3,1,207000.0,10000.0,4,1,0.0483,0.0483,0.0,0,0,0.00192998,1.942e-05,in_cycle;repeat_amounts,0.1181,0.1809,0.1971,0.0,0.0667
100000005316708100,transit,0.687,7,0.5628,"Получил 90 тыс ₸ от 1 плательщика (1 перевод), отправил 258 тыс ₸ 2 получателям (4 перевода); отправил в 2,9× больше полученного → есть невидимые входящие; seed среди плательщиков: 1",294,R4: out/in=2.86>1.2 (невидимые входящие),-,not_sink,False,1.0,False,1,1,2,90000.0,257500.0,1,4,2.8611,0.0,167500.0,1,1,0.00029769,1.19e-06,unseen_inflow,0.1443,0.2,0.152,0.0667,0.0
100000003616818100,transit,0.677,27,0.5626,"Получил 78 тыс ₸ от 3 плательщиков (4 перевода), отправил 240 тыс ₸ 3 получателям (8 переводов); отправил в 3,1× больше полученного → есть невидимые входящие; seed среди плательщиков: 1",295,R4: out/in=3.08>1.2 (невидимые входящие),-,not_sink,False,1.0,False,1,3,3,78000.0,240100.0,4,8,3.0782,0.0,162100.0,1,0,0.000513,1.98e-06,in_cycle;unseen_inflow,0.1422,0.1971,0.1567,0.0333,0.0333
100000007507343100,terminal,0.838,29,0.5624,"Получил 370 тыс ₸ от 1 плательщика (1 перевод), дальше ушло 0%; seed среди плательщиков: 1",296,"R5: out/in=0.00≤0.1, in=370 тыс ₸",-,confirmed_sink,False,0.0,False,1,1,0,370000.0,0.0,1,0,0.0,-1.0,0.0,1,0,0.00064162,0.0,-,0.1466,0.203,0.1794,0.0333,0.0
100000001567366100,terminal,0.955,6,0.5622,"Получил 824 тыс ₸ от 1 плательщика (4 перевода), дальше ушло 0%; seed среди плательщиков: 1",297,"R5: out/in=0.00≤0.1, in=824 тыс ₸",-,confirmed_sink,False,0.0,False,1,1,0,824070.0,0.0,4,0,0.0,-1.0,0.0,1,0,0.00037417,0.0,-,0.1671,0.228,0.1338,0.0333,0.0
100000003159641100,consolidator,0.5,48,0.5622,"Получает от 4 плательщиков: 64 тыс ₸, 7 переводов (в среднем 9 тыс ₸); отправил 1 получателю в 3,1× больше полученного (невидимые входящие)",298,R3: in_deg=4≥4,-,not_sink,False,1.0,False,2,4,1,64000.0,197800.0,7,1,3.0906,0.2344,133800.0,0,0,0.00030522,5.885e-05,repeat_amounts;unseen_inflow,0.1575,0.1894,0.182,0.0,0.0333
100000001527186100,terminal,0.917,5,0.5616,"Получил 678 тыс ₸ от 1 плательщика (2 перевода), дальше ушло 0%; seed среди плательщиков: 1",299,"R5: out/in=0.00≤0.1, in=678 тыс ₸",-,confirmed_sink,False,0.0,False,1,1,0,678000.0,0.0,2,0,0.0,-1.0,0.0,1,0,0.00042133,0.0,-,0.1605,0.2238,0.144,0.0333,0.0
100000005481280100,transit,0.872,19,0.5615,"Получил 33 тыс ₸ от 1 плательщика (1 перевод), отправил 50 тыс ₸ 3 получателям (3 перевода); отправил в 1,5× больше полученного → есть невидимые входящие; 52% полученного ушло за ≤2 дн",300,R4: out/in=1.53>1.2 (невидимые входящие),-,not_sink,False,1.0,False,2,1,3,32700.0,50000.0,1,3,1.5291,0.5199,17300.0,0,2,0.00029597,4.366e-05,-,0.1831,0.1322,0.1795,0.0667,0.0
100000008659445100,transit,0.6,36,0.5613,"Получил 138 тыс ₸ от 3 плательщиков (7 переводов), отправил 875 тыс ₸ 4 получателям (18 переводов); отправил в 6,3× больше полученного → есть невидимые входящие; 75% полученного ушло за ≤2 дн",301,R4: out/in=6.32>1.2 (невидимые входящие),-,not_sink,False,1.0,True,0,3,4,138490.0,875150.0,7,18,6.3192,0.7466,736660.0,0,0,0.0024238,9.9e-07,in_cycle;repeat_route,0.1134,0.209,0.1789,0.0,0.06
100000008628231100,transit,0.588,51,0.5603,"Получил 50 тыс ₸ от 1 плательщика (1 перевод), отправил 628 тыс ₸ 2 получателям (19 переводов); отправил в 12,6× больше полученного → есть невидимые входящие; 44% полученного ушло за ≤2 дн",302,R4: out/in=12.56>1.2 (невидимые входящие),-,not_sink,False,1.0,False,1,1,2,50000.0,627870.0,1,19,12.5574,0.44,577870.0,1,0,0.00029558,4.756e-05,unseen_inflow,0.1235,0.2236,0.1798,0.0333,0.0
100000004420041100,transit,0.532,28,0.5597,"Получил 70 тыс ₸ от 1 плательщика (1 перевод), отправил 652 тыс ₸ 7 получателям (11 переводов); отправил в 9,4× больше полученного → есть невидимые входящие",303,R4: out/in=9.36>1.2 (невидимые входящие),-,not_sink,False,1.0,False,3,1,7,69638.0,651830.0,1,11,9.3603,0.0,582192.0,0,0,0.00029974,0.00015425,burst_out;unseen_inflow,0.1117,0.2248,0.1899,0.0,0.0333
100000008736940100,peripheral,0.109,36,0.5584,"Смешанный профиль: получил 451 тыс ₸ от 3 плательщиков (13 переводов), отправил 182 тыс ₸ 3 получателям (6 переводов); дальше ушло 40%; seed среди плательщиков: 1",304,R6: out/in=0.40 между 0.1 и 0.5,-,not_sink,False,1.0,False,1,3,3,451090.0,182100.0,13,6,0.4037,0.3758,0.0,1,1,0.00241416,7.9e-07,in_cycle;repeat_route,0.0038,0.2226,0.1986,0.0667,0.0667
100000008730371100,terminal,0.876,1,0.558,"Получил 520 тыс ₸ от 2 плательщиков (3 перевода), дальше ушло 0%",305,"R5: out/in=0.00≤0.1, in=520 тыс ₸",-,confirmed_sink,False,0.0,False,3,2,0,520000.0,0.0,3,0,0.0,-1.0,0.0,0,0,0.00085836,0.0,-,0.1533,0.2174,0.1873,0.0,0.0
100000002957306100,consolidator,0.5,14,0.5572,"Получает от 2 плательщиков: 398 тыс ₸, 2 перевода (в среднем 199 тыс ₸); seed среди плательщиков: 2; дальше не отправлял",306,R3: seed-плательщиков=2≥2,terminal,confirmed_sink,False,0.0,False,1,2,0,398490.0,0.0,2,0,0.0,-1.0,0.0,2,0,0.00035519,0.0,-,0.1575,0.2061,0.127,0.0667,0.0
100000006443391100,transit,0.622,12,0.5571,"Получил 87 тыс ₸ от 3 плательщиков (7 переводов), отправил 60 тыс ₸ 2 получателям (6 переводов); дальше ушло 69%; 13% полученного ушло за ≤2 дн; seed среди плательщиков: 1",307,R4: out/in=0.69≥0.5,-,not_sink,False,1.0,False,1,3,2,86775.93,60041.71000000001,7,6,0.6919,0.1279,0.0,1,0,0.00241951,1.19e-06,in_cycle,0.1306,0.1611,0.1987,0.0333,0.0333
100000002975437100,terminal,0.839,22,0.556,"Получил 530 тыс ₸ от 1 плательщика (2 перевода), дальше ушло 2%",308,"R5: out/in=0.02≤0.1, in=530 тыс ₸",-,confirmed_sink,False,1.0,False,3,1,1,530000.0,8500.0,2,1,0.016,0.0,0.0,0,0,0.00052101,0.0,in_cycle,0.1468,0.2184,0.1575,0.0,0.0333
100000001714173100,terminal,0.907,13,0.5552,"Получил 639 тыс ₸ от 1 плательщика (6 переводов), дальше ушло 0%",309,"R5: out/in=0.00≤0.1, in=639 тыс ₸",-,confirmed_sink,False,0.0,False,3,1,0,638905.0,0.0,6,0,0.0,-1.0,0.0,0,0,0.00057068,0.0,-,0.1587,0.2229,0.1736,0.0,0.0
100000005830339100,consolidator,0.545,5,0.5551,"Получает от 5 плательщиков: 476 тыс ₸, 12 переводов (в среднем 40 тыс ₸); дальше ушло 71% полученного 1 получателю",310,R3: in_deg=5≥4,-,not_sink,False,1.0,False,3,5,1,476341.0,339251.0,12,1,0.7122,0.0,0.0,0,0,0.0003636,3.8e-06,-,0.1717,0.2274,0.156,0.0,0.0
100000003190207100,transit,0.7,33,0.5551,"Получил 5 тыс ₸ от 1 плательщика (1 перевод), отправил 377 тыс ₸ 1 получателю (8 переводов); отправил в 75,4× больше полученного → есть невидимые входящие; 100% полученного ушло за ≤2 дн",311,R4: out/in=75.40>1.2 (невидимые входящие),-,not_sink,False,1.0,False,3,1,1,5000.0,377000.0,1,8,75.4,1.0,372000.0,0,0,0.00029913,2.1e-05,fast_transit;unseen_inflow,0.147,0.2044,0.1704,0.0,0.0333
100000005142492100,transit,0.797,7,0.5544,"Получил 10 тыс ₸ от 1 плательщика (1 перевод), отправил 57 тыс ₸ 1 получателю (1 перевод); отправил в 5,7× больше полученного → есть невидимые входящие; 100% полученного ушло за ≤2 дн",312,R4: out/in=5.70>1.2 (невидимые входящие),-,not_sink,False,1.0,False,3,1,1,10000.0,57000.0,1,1,5.7,1.0,47000.0,0,0,0.00190779,0.0,fast_transit;in_cycle,0.1674,0.1236,0.1968,0.0,0.0667
100000003164661100,terminal,0.896,43,0.5542,"Получил 596 тыс ₸ от 1 плательщика (3 перевода), дальше ушло 0%",313,"R5: out/in=0.00≤0.1, in=596 тыс ₸",-,confirmed_sink,False,0.0,False,3,1,0,596200.0,0.0,3,0,0.0,-1.0,0.0,0,0,0.00060074,0.0,-,0.1568,0.2209,0.1765,0.0,0.0
100000004094958100,transit,1.0,62,0.5537,"Получил 39 тыс ₸ от 1 плательщика (1 перевод), отправил 40 тыс ₸ 1 получателю (1 перевод); дальше ушло 103%; 100% полученного ушло за ≤2 дн; seed среди плательщиков: 1",314,R4: out/in=1.03∈[0.8;1.2],-,not_sink,False,1.0,False,1,1,1,39000.0,40000.0,1,1,1.0256,1.0,1000.0,1,0,0.00039146,2e-07,fast_transit,0.21,0.1298,0.1472,0.0333,0.0333
100000004997515100,consolidator,0.5,2,0.5535,"Получает от 4 плательщиков: 395 тыс ₸, 4 перевода (в среднем 99 тыс ₸); дальше ушло 14% полученного 4 получателям",315,R3: in_deg=4≥4,-,not_sink,False,1.0,False,3,4,4,395000.0,54500.0,4,4,0.138,0.0,0.0,0,0,0.00035662,8.956e-05,-,0.1575,0.2106,0.1854,0.0,0.0
100000008692291100,transit,0.826,2,0.5534,"Получил 160 тыс ₸ от 3 плательщиков (3 перевода), отправил 156 тыс ₸ 3 получателям (3 перевода); дальше ушло 98%; 13% полученного ушло за ≤2 дн",316,R4: out/in=0.97∈[0.8;1.2],-,not_sink,False,1.0,False,3,3,3,160000.0,156000.0,3,3,0.975,0.1312,0.0,0,0,0.00030785,6.42e-05,-,0.1735,0.197,0.183,0.0,0.0
100000005523088100,terminal,0.923,33,0.5533,"Получил 700 тыс ₸ от 1 плательщика (2 перевода), дальше ушло 0%; seed среди плательщиков: 1",317,"R5: out/in=0.00≤0.1, in=700 тыс ₸",-,confirmed_sink,False,0.0,True,0,1,0,700000.0,0.0,2,0,0.0,-1.0,0.0,1,0,0.00172064,0.0,-,0.1454,0.2018,0.1762,0.03,0.0
100000003035737100,terminal,0.931,3,0.5525,"Получил 809 тыс ₸ от 2 плательщиков (3 перевода), дальше ушло 1%",318,"R5: out/in=0.01≤0.1, in=809 тыс ₸",-,confirmed_sink,False,1.0,False,3,2,1,809170.0,6544.53,3,1,0.0081,0.0081,0.0,0,0,0.00037881,1.922e-05,-,0.1629,0.2275,0.162,0.0,0.0
100000003163886100,terminal,0.871,56,0.5521,"Получил 500 тыс ₸ от 1 плательщика (1 перевод), дальше ушло 0%",319,"R5: out/in=0.00≤0.1, in=500 тыс ₸",-,confirmed_sink,False,0.0,False,3,1,0,500000.0,0.0,1,0,0.0,-1.0,0.0,0,0,0.00073384,0.0,-,0.1524,0.2161,0.1836,0.0,0.0
100000002836736100,terminal,0.873,7,0.5519,"Получил 509 тыс ₸ от 2 плательщиков (2 перевода), дальше ушло 0%; seed среди плательщиков: 1",320,"R5: out/in=0.00≤0.1, in=509 тыс ₸",-,confirmed_sink,False,0.0,False,1,2,0,509000.0,0.0,2,0,0.0,-1.0,0.0,1,0,0.00045179,0.0,-,0.1528,0.2166,0.1492,0.0333,0.0
100000007593823100,distributor,0.53,1,0.5512,"Веерная раздача: 163 тыс ₸ 13 получателям (21 перевод, в среднем 8 тыс ₸); получил 25 тыс ₸ от 3 плательщиков",321,R2: out_deg=13≥10 и ≥3×in_deg,-,not_sink,False,1.0,False,3,3,13,25000.0,162900.0,3,21,6.516,0.6,137900.0,0,0,0.00029059,0.00068132,in_cycle;unseen_inflow,0.1484,0.1737,0.1957,0.0,0.0333
100000002531406100,transit,0.8,18,0.5508,"Получил 520 тыс ₸ от 1 плательщика (1 перевод), отправил 500 тыс ₸ 1 получателю (1 перевод); дальше ушло 96%",322,R4: out/in=0.96∈[0.8;1.2],-,not_sink,False,1.0,False,3,1,1,520000.0,500000.0,1,1,0.9615,0.0,0.0,0,0,0.00032261,7.9e-07,-,0.168,0.2324,0.1504,0.0,0.0
100000006169033100,transit,0.5,44,0.5508,"Получил 49 тыс ₸ от 1 плательщика (1 перевод), отправил 1,14 млн ₸ 3 получателям (10 переводов); отправил в 23,3× больше полученного → есть невидимые входящие",323,R4: out/in=23.27>1.2 (невидимые входящие),-,not_sink,False,1.0,False,3,1,3,49000.0,1140271.0,1,10,23.2708,0.0,1091271.0,0,0,0.00041804,3.923e-05,in_cycle;unseen_inflow,0.105,0.2349,0.1776,0.0,0.0333
100000002939838100,terminal,0.889,6,0.55,"Получил 571 тыс ₸ от 3 плательщиков (3 перевода), дальше ушло 0%; seed среди плательщиков: 1",324,"R5: out/in=0.00≤0.1, in=571 тыс ₸",-,confirmed_sink,False,0.0,False,1,3,0,571233.0,0.0,3,0,0.0,-1.0,0.0,1,0,0.00040003,0.0,-,0.1556,0.2199,0.1412,0.0333,0.0
100000004144536100,consolidator,0.5,27,0.55,"Получает от 4 плательщиков: 168 тыс ₸, 6 переводов (в среднем 28 тыс ₸); seed среди плательщиков: 1; дальше не отправлял",325,R3: in_deg=4≥4,terminal,confirmed_sink,False,0.0,False,1,4,0,168000.0,0.0,6,0,0.0,-1.0,0.0,1,0,0.0009686,0.0,-,0.1575,0.1694,0.1898,0.0333,0.0
100000002481974100,transit,0.79,8,0.5499,"Получил 89 тыс ₸ от 2 плательщиков (2 перевода), отправил 318 тыс ₸ 2 получателям (4 перевода); отправил в 3,6× больше полученного → есть невидимые входящие; 66% полученного ушло за ≤2 дн",326,R4: out/in=3.56>1.2 (невидимые входящие),-,not_sink,False,1.0,False,3,2,2,89447.0,318000.0,2,4,3.5552,0.6596,228553.0,0,0,0.00033167,3.884e-05,unseen_inflow,0.1659,0.207,0.177,0.0,0.0
100000004475818100,transit,0.838,3,0.5494,"Получил 13 тыс ₸ от 1 плательщика (1 перевод), отправил 54 тыс ₸ 3 получателям (3 перевода); отправил в 4,2× больше полученного → есть невидимые входящие; 100% полученного ушло за ≤2 дн",327,R4: out/in=4.15>1.2 (невидимые входящие),-,not_sink,False,1.0,False,3,1,3,13000.0,53989.0,1,3,4.153,1.0,40989.0,0,0,0.00030981,6.94e-05,fast_transit;in_cycle,0.176,0.1233,0.1835,0.0,0.0667
100000000607941100,transit,0.86,6,0.5491,"Получил 50 тыс ₸ от 2 плательщиков (3 перевода), отправил 70 тыс ₸ 1 получателю (4 перевода); отправил в 1,4× больше полученного → есть невидимые входящие; 40% полученного ушло за ≤2 дн",328,R4: out/in=1.40>1.2 (невидимые входящие),-,not_sink,False,1.0,False,2,2,1,50000.0,70000.0,3,4,1.4,0.4,20000.0,0,0,0.00057857,5.766e-05,in_cycle,0.1806,0.154,0.1812,0.0,0.0333
100000001703168100,transit,0.933,5,0.5488,"Получил 45 тыс ₸ от 1 плательщика (1 перевод), отправил 90 тыс ₸ 1 получателю (1 перевод); отправил в 2,0× больше полученного → есть невидимые входящие; 100% полученного ушло за ≤2 дн",329,R4: out/in=2.00>1.2 (невидимые входящие),-,not_sink,False,1.0,False,2,1,1,45000.0,90000.0,1,1,2.0,1.0,45000.0,0,0,0.00029266,1.922e-05,fast_transit,0.1959,0.1575,0.162,0.0,0.0333
100000001126374100,consolidator,0.5,1,0.5482,"Получает от 4 плательщиков: 182 тыс ₸, 7 переводов (в среднем 26 тыс ₸); seed среди плательщиков: 1; дальше ушло 16% полученного 2 получателям",330,R3: in_deg=4≥4,-,not_sink,False,1.0,False,1,4,2,182500.0,29200.0,7,4,0.16,0.1189,0.0,1,0,0.0003135,3.923e-05,-,0.1575,0.1797,0.1776,0.0333,0.0
100000005634552100,transit,0.5,1,0.5476,"Получил 26 тыс ₸ от 1 плательщика (1 перевод), отправил 1,20 млн ₸ 3 получателям (4 перевода); отправил в 46,3× больше полученного → есть невидимые входящие; seed среди плательщиков: 1",331,R4: out/in=46.27>1.2 (невидимые входящие),-,not_sink,False,1.0,False,1,1,3,25850.0,1196000.0,1,4,46.2669,0.0,1170150.0,1,0,0.00028835,2.918e-05,unseen_inflow,0.105,0.2351,0.1742,0.0333,0.0
100000005075949100,transit,0.568,31,0.5475,"4-е колено, исходящие не выгружены; получил 2,23 млн ₸ от 1 плательщика (7 переводов). У узлов колен 1–3 с таким профилем пересылают дальше 57%",332,T4: p_forward=0.57≥0.5 (оценка),terminal,truncated_depth,True,0.568,False,4,1,0,2226000.0,0.0,7,0,0.0,-1.0,0.0,0,0,0.00076791,0.0,truncated,0.1193,0.2435,0.1847,0.0,0.0
100000006225798100,terminal,0.837,17,0.5474,"Получил 722 тыс ₸ от 3 плательщиков (4 перевода), дальше ушло 4%",333,"R5: out/in=0.04≤0.1, in=722 тыс ₸",-,confirmed_sink,False,1.0,False,3,3,2,722000.0,26300.0,4,2,0.0364,0.0,0.0,0,0,0.00035997,3.844e-05,-,0.1465,0.2252,0.1758,0.0,0.0
100000008625905100,transit,0.672,48,0.5474,"Получил 198 тыс ₸ от 1 плательщика (1 перевод), отправил 635 тыс ₸ 2 получателям (2 перевода); отправил в 3,2× больше полученного → есть невидимые входящие",334,R4: out/in=3.21>1.2 (невидимые входящие),-,not_sink,False,1.0,False,3,1,2,197800.0,635000.0,1,2,3.2103,0.0,437200.0,0,0,0.00054531,3.963e-05,unseen_inflow,0.1411,0.2282,0.1781,0.0,0.0
100000004877085100,transit,0.849,21,0.5472,"Получил 25 тыс ₸ от 1 плательщика (1 перевод), отправил 96 тыс ₸ 3 получателям (9 переводов); отправил в 3,8× больше полученного → есть невидимые входящие; 100% полученного ушло за ≤2 дн",335,R4: out/in=3.82>1.2 (невидимые входящие),-,not_sink,False,1.0,False,3,1,3,25000.0,95600.0,1,9,3.824,1.0,70600.0,0,0,0.00029482,5.766e-05,fast_transit,0.1783,0.1544,0.1812,0.0,0.0333
100000003917461100,transit,0.7,28,0.5457,"Получил 10 тыс ₸ от 1 плательщика (1 перевод), отправил 140 тыс ₸ 2 получателям (5 переводов); отправил в 14,0× больше полученного → есть невидимые входящие; 100% полученного ушло за ≤2 дн",336,R4: out/in=14.00>1.2 (невидимые входящие),-,not_sink,False,1.0,False,3,1,2,10000.0,140000.0,1,5,14.0,1.0,130000.0,0,0,0.00039913,2.021e-05,fast_transit;in_cycle;unseen_inflow,0.147,0.1626,0.1695,0.0,0.0667
100000008104567100,transit,0.668,12,0.5452,"Получил 54 тыс ₸ от 3 плательщиков (3 перевода), отправил 40 тыс ₸ 3 получателям (4 перевода); дальше ушло 75%; 22% полученного ушло за ≤2 дн",337,R4: out/in=0.75≥0.5,-,not_sink,False,1.0,False,2,3,3,53550.0,40000.0,3,4,0.747,0.2241,0.0,0,1,0.00053804,0.00202602,in_cycle,0.1403,0.1401,0.1981,0.0333,0.0333
100000001616816100,consolidator,0.545,7,0.5451,"Получает от 5 плательщиков: 176 тыс ₸, 12 переводов (в среднем 15 тыс ₸); дальше ушло 103% полученного 3 получателям",338,R3: in_deg=5≥4,-,not_sink,False,1.0,True,0,5,3,176195.0,181326.0,12,10,1.0291,0.6909,5131.0,0,0,0.00243466,0.0001047,in_cycle,0.1545,0.1817,0.179,0.0,0.03
100000004508696100,transit,0.7,67,0.5444,"Получил 7 тыс ₸ от 1 плательщика (1 перевод), отправил 111 тыс ₸ 3 получателям (4 перевода); отправил в 15,9× больше полученного → есть невидимые входящие; 100% полученного ушло за ≤2 дн",339,R4: out/in=15.86>1.2 (невидимые входящие),-,not_sink,False,1.0,False,3,1,3,7000.0,111000.0,1,4,15.8571,1.0,104000.0,0,0,0.00042253,3.923e-05,fast_transit;in_cycle;unseen_inflow,0.147,0.1531,0.1776,0.0,0.0667
100000002622822100,terminal,0.738,13,0.5438,"4-е колено, исходящие не выгружены; получил 750 тыс ₸ от 1 плательщика (1 перевод). У узлов колен 1–3 с таким профилем пересылают дальше 26%",340,T4: p_forward=0.26<0.5 (оценка по коленам 1–3),transit,truncated_depth,True,0.262,False,4,1,0,750000.0,0.0,1,0,0.0,-1.0,0.0,0,0,0.00090769,0.0,truncated,0.1291,0.2254,0.1892,0.0,0.0
100000004186824100,terminal,0.82,6,0.5436,"Получил 452 тыс ₸ от 2 плательщиков (7 переводов), дальше ушло 2%; seed среди плательщиков: 1",341,"R5: out/in=0.02≤0.1, in=452 тыс ₸",-,confirmed_sink,False,1.0,False,1,2,1,451700.0,7000.0,7,1,0.0155,0.0,0.0,1,0,0.00038193,2.18e-06,-,0.1435,0.212,0.1548,0.0333,0.0
100000005664922100,transit,0.5,4,0.5434,"Получил 22 тыс ₸ от 2 плательщиков (2 перевода), отправил 537 тыс ₸ 3 получателям (4 перевода); отправил в 24,4× больше полученного → есть невидимые входящие",342,R4: out/in=24.41>1.2 (невидимые входящие),-,not_sink,False,1.0,False,2,2,3,22000.0,537000.0,2,4,24.4091,0.0,515000.0,0,0,0.00080597,3.96e-06,in_cycle;unseen_inflow,0.105,0.2194,0.1857,0.0,0.0333
100000008531133100,transit,0.783,6,0.5433,"Получил 25 тыс ₸ от 1 плательщика (1 перевод), отправил 158 тыс ₸ 3 получателям (3 перевода); отправил в 6,3× больше полученного → есть невидимые входящие; 100% полученного ушло за ≤2 дн",343,R4: out/in=6.33>1.2 (невидимые входящие),-,not_sink,False,1.0,False,2,1,3,25000.0,158271.68,1,3,6.3309,1.0,133271.68,0,0,0.00053275,2.335e-05,fast_transit;unseen_inflow,0.1644,0.1728,0.1727,0.0,0.0333
100000002762076100,consolidator,0.5,7,0.5432,"Получает от 2 плательщиков: 140 тыс ₸, 2 перевода (в среднем 70 тыс ₸); seed среди плательщиков: 2; дальше ушло 21% полученного 1 получателю",344,R3: seed-плательщиков=2≥2,-,not_sink,False,1.0,False,1,2,1,140350.0,30000.0,2,1,0.2138,0.0,0.0,2,0,0.00029915,4e-07,-,0.1575,0.1707,0.1484,0.0667,0.0
100000002472632100,terminal,0.772,47,0.5431,"Получил 502 тыс ₸ от 2 плательщиков (3 перевода), дальше ушло 4%",345,"R5: out/in=0.04≤0.1, in=502 тыс ₸",-,confirmed_sink,False,1.0,False,3,2,1,502400.0,20000.0,3,1,0.0398,0.0,0.0,0,0,0.00098562,2.001e-05,-,0.1351,0.2177,0.1902,0.0,0.0
100000002681449100,transit,0.805,20,0.5431,"Получил 95 тыс ₸ от 2 плательщиков (2 перевода), отправил 133 тыс ₸ 2 получателям (2 перевода); отправил в 1,4× больше полученного → есть невидимые входящие; 13% полученного ушло за ≤2 дн",346,R4: out/in=1.41>1.2 (невидимые входящие),-,not_sink,False,1.0,False,1,2,2,94638.0,133000.0,2,2,1.4054,0.1257,38362.0,1,0,0.00029514,1.765e-05,-,0.169,0.1825,0.1582,0.0333,0.0
100000002773323100,transit,0.64,2,0.5429,"Получил 285 тыс ₸ от 2 плательщиков (2 перевода), отправил 1,17 млн ₸ 1 получателю (2 перевода); отправил в 4,1× больше полученного → есть невидимые входящие",347,R4: out/in=4.11>1.2 (невидимые входящие),-,not_sink,False,1.0,False,3,2,1,285000.0,1171644.0,2,2,4.111,0.0,886644.0,0,0,0.0003255,2.14e-05,unseen_inflow,0.1344,0.2377,0.1709,0.0,0.0
100000003254277100,transit,0.983,1,0.5422,"Получил 49 тыс ₸ от 1 плательщика (1 перевод), отправил 45 тыс ₸ 1 получателю (1 перевод); дальше ушло 91%; 91% полученного ушло за ≤2 дн",348,R4: out/in=0.91∈[0.8;1.2],-,not_sink,False,1.0,False,3,1,1,49200.0,44997.0,1,1,0.9146,0.9146,0.0,0,0,0.00028834,1.922e-05,fast_transit,0.2064,0.1405,0.162,0.0,0.0333
100000000640800100,transit,0.621,8,0.5412,"Получил 80 тыс ₸ от 1 плательщика (1 перевод), отправил 518 тыс ₸ 4 получателям (6 переводов); отправил в 6,5× больше полученного → есть невидимые входящие; 20% полученного ушло за ≤2 дн",349,R4: out/in=6.48>1.2 (невидимые входящие),-,not_sink,False,1.0,False,3,1,4,80000.0,518135.0,1,6,6.4767,0.2014,438135.0,0,0,0.00030324,0.00014517,unseen_inflow,0.1304,0.221,0.1898,0.0,0.0
100000002241986100,transit,0.511,26,0.5411,"Получил 280 тыс ₸ от 1 плательщика (1 перевод), отправил 3,08 млн ₸ 6 получателям (12 переводов); отправил в 11,0× больше полученного → есть невидимые входящие",350,R4: out/in=10.99>1.2 (невидимые входящие),-,not_sink,False,1.0,False,3,1,6,280000.0,3077000.0,1,12,10.9893,0.0,2797000.0,0,0,0.00029464,0.00011532,unseen_inflow,0.1073,0.2464,0.1873,0.0,0.0
100000003835149100,transit,0.5,4,0.5411,"Получил 248 тыс ₸ от 1 плательщика (1 перевод), отправил 4,60 млн ₸ 2 получателям (13 переводов); отправил в 18,5× больше полученного → есть невидимые входящие; seed среди плательщиков: 1",351,R4: out/in=18.51>1.2 (невидимые входящие),-,not_sink,False,1.0,False,1,1,2,248500.0,4600440.0,1,13,18.5128,0.0,4351940.0,1,0,0.0004889,1.78e-06,unseen_inflow,0.105,0.2486,0.1542,0.0333,0.0
100000000031787100,transit,0.889,7,0.5405,"Получил 90 тыс ₸ от 1 плательщика (2 перевода), отправил 90 тыс ₸ 2 получателям (4 перевода); дальше ушло 100%; 44% полученного ушло за ≤2 дн",352,R4: out/in=1.00∈[0.8;1.2],-,not_sink,False,1.0,False,2,1,2,90000.0,90000.0,2,4,1.0,0.4444,0.0,0,0,0.00043154,4e-07,in_cycle,0.1867,0.1722,0.1484,0.0,0.0333
100000008221543100,terminal,0.882,17,0.5397,"Получил 542 тыс ₸ от 2 плательщиков (2 перевода), дальше ушло 0%; seed среди плательщиков: 1",353,"R5: out/in=0.00≤0.1, in=542 тыс ₸",-,confirmed_sink,False,0.0,False,1,2,0,542000.0,0.0,2,0,0.0,-1.0,0.0,1,0,0.00037148,0.0,-,0.1543,0.2186,0.1334,0.0333,0.0
100000006755850100,terminal,0.857,3,0.5395,"Получил 443 тыс ₸ от 1 плательщика (3 перевода), дальше ушло 0%",354,"R5: out/in=0.00≤0.1, in=443 тыс ₸",-,confirmed_sink,False,0.0,False,2,1,0,443475.8,0.0,3,0,0.0,-1.0,0.0,0,0,0.00064921,0.0,-,0.15,0.2099,0.1797,0.0,0.0
100000002970466100,transit,0.844,1,0.5388,"Получил 23 тыс ₸ от 1 плательщика (1 перевод), отправил 93 тыс ₸ 2 получателям (3 перевода); отправил в 4,0× больше полученного → есть невидимые входящие; 100% полученного ушло за ≤2 дн",355,R4: out/in=3.99>1.2 (невидимые входящие),-,not_sink,False,1.0,False,3,1,2,23317.0,93000.0,1,3,3.9885,1.0,69683.0,0,0,0.00028688,3.844e-05,fast_transit,0.1772,0.1525,0.1758,0.0,0.0333
100000002459832100,terminal,0.969,18,0.5382,"Получил 881 тыс ₸ от 2 плательщиков (2 перевода), дальше ушло 0%",356,"R5: out/in=0.00≤0.1, in=881 тыс ₸",-,confirmed_sink,False,0.0,False,3,2,0,880606.0,0.0,2,0,0.0,-1.0,0.0,0,0,0.00039319,0.0,-,0.1696,0.2293,0.1393,0.0,0.0
100000001875239100,terminal,0.926,2,0.5372,"Получил 712 тыс ₸ от 3 плательщиков (3 перевода), дальше ушло 0%",357,"R5: out/in=0.00≤0.1, in=712 тыс ₸",-,confirmed_sink,False,0.0,False,3,3,0,712000.0,0.0,3,0,0.0,-1.0,0.0,0,0,0.00033398,0.0,burst_in,0.162,0.2244,0.1174,0.0,0.0333
100000005048668100,transit,0.652,8,0.537,"Получил 17 тыс ₸ от 2 плательщиков (2 перевода), отправил 159 тыс ₸ 8 получателям (11 переводов); отправил в 9,6× больше полученного → есть невидимые входящие; 61% полученного ушло за ≤2 дн",358,R4: out/in=9.56>1.2 (невидимые входящие),-,not_sink,False,1.0,False,3,2,8,16668.0,159400.0,2,11,9.5632,0.61,142732.0,0,0,0.00028855,0.00065429,in_cycle;unseen_inflow,0.1369,0.1714,0.1954,0.0,0.0333
100000002645609100,consolidator,0.5,1,0.5367,"Получает от 4 плательщиков: 547 тыс ₸, 5 переводов (в среднем 109 тыс ₸); seed среди плательщиков: 1; дальше не отправлял",359,R3: in_deg=4≥4,terminal,confirmed_sink,False,0.0,False,1,4,0,546820.6799999999,0.0,5,0,0.0,-1.0,0.0,1,0,0.00035536,0.0,-,0.1575,0.2188,0.1271,0.0333,0.0
100000004948177100,terminal,0.855,6,0.5364,"Получил 437 тыс ₸ от 3 плательщиков (8 переводов), дальше ушло 0%; seed среди плательщиков: 1",360,"R5: out/in=0.00≤0.1, in=437 тыс ₸",-,confirmed_sink,False,0.0,False,1,3,0,437163.0,0.0,8,0,0.0,-1.0,0.0,1,0,0.00042216,0.0,-,0.1496,0.2092,0.1442,0.0333,0.0
100000005614315100,terminal,0.86,6,0.536,"Получил 455 тыс ₸ от 1 плательщика (1 перевод), дальше ушло 0%",361,"R5: out/in=0.00≤0.1, in=455 тыс ₸",-,confirmed_sink,False,0.0,False,2,1,0,455000.0,0.0,1,0,0.0,-1.0,0.0,0,0,0.00057509,0.0,-,0.1505,0.2115,0.1739,0.0,0.0
100000007998965100,consolidator,0.545,14,0.5359,"Получает от 5 плательщиков: 278 тыс ₸, 7 переводов (в среднем 40 тыс ₸); дальше ушло 9% полученного 1 получателю",362,R3: in_deg=5≥4,-,not_sink,False,1.0,False,2,5,1,278000.0,26000.0,7,3,0.0935,0.036,0.0,0,0,0.00047192,1.981e-05,-,0.1717,0.1958,0.1684,0.0,0.0
100000004330371100,peripheral,0.194,6,0.5355,"Смешанный профиль: получил 264 тыс ₸ от 2 плательщиков (12 переводов), отправил 91 тыс ₸ 2 получателям (6 переводов); дальше ушло 34%; seed среди плательщиков: 1",363,R6: out/in=0.34 между 0.1 и 0.5,-,not_sink,False,1.0,False,1,2,2,264171.0,90681.0,12,6,0.3433,0.223,0.0,1,1,0.00125427,0.00033467,in_cycle;repeat_route,0.0068,0.2014,0.194,0.0667,0.0667
100000003942602100,transit,1.0,11,0.5354,"Получил 30 тыс ₸ от 1 плательщика (1 перевод), отправил 30 тыс ₸ 1 получателю (1 перевод); дальше ушло 100%; 100% полученного ушло за ≤2 дн; seed среди плательщиков: 1",364,R4: out/in=1.00∈[0.8;1.2],-,not_sink,False,1.0,False,1,1,1,30000.0,30000.0,1,1,1.0,1.0,0.0,1,1,0.00029187,0.0,fast_transit;in_cycle,0.21,0.1187,0.0734,0.0667,0.0667
100000001929088100,consolidator,0.5,7,0.535,"Получает от 2 плательщиков: 396 тыс ₸, 2 перевода (в среднем 198 тыс ₸); seed среди плательщиков: 2; дальше не отправлял",365,R3: seed-плательщиков=2≥2,terminal,confirmed_sink,False,0.0,False,1,2,0,396010.0,0.0,2,0,0.0,-1.0,0.0,2,0,0.00031759,0.0,-,0.1575,0.2055,0.1053,0.0667,0.0
100000008601794100,transit,0.6,42,0.5349,"Получил 494 тыс ₸ от 2 плательщиков (8 переводов), отправил 871 тыс ₸ 1 получателю (13 переводов); отправил в 1,8× больше полученного → есть невидимые входящие; 9% полученного ушло за ≤2 дн",366,R4: out/in=1.76>1.2 (невидимые входящие),-,not_sink,False,1.0,True,0,2,1,494400.0,871400.0,8,13,1.7625,0.0874,377000.0,0,0,0.00236778,4e-07,in_cycle,0.1134,0.2129,0.1786,0.0,0.03
100000002565277100,terminal,0.867,5,0.5348,"Получил 483 тыс ₸ от 1 плательщика (1 перевод), дальше ушло 0%; seed среди плательщиков: 1",367,"R5: out/in=0.00≤0.1, in=483 тыс ₸",-,confirmed_sink,False,0.0,False,1,1,0,483319.0,0.0,1,0,0.0,-1.0,0.0,1,0,0.00038235,0.0,-,0.1517,0.2139,0.1359,0.0333,0.0
100000003968044100,transit,0.557,8,0.5346,"Получил 40 тыс ₸ от 1 плательщика (1 перевод), отправил 311 тыс ₸ 3 получателям (4 перевода); отправил в 7,8× больше полученного → есть невидимые входящие",368,R4: out/in=7.78>1.2 (невидимые входящие),-,not_sink,False,1.0,False,3,1,3,40000.0,311000.0,1,4,7.775,0.0,271000.0,0,0,0.000296,6.562e-05,in_cycle;unseen_inflow,0.117,0.201,0.1834,0.0,0.0333
100000008761219100,transit,0.701,50,0.5345,"Получил 50 тыс ₸ от 2 плательщиков (2 перевода), отправил 375 тыс ₸ 2 получателям (2 перевода); отправил в 7,5× больше полученного → есть невидимые входящие; 70% полученного ушло за ≤2 дн",369,R4: out/in=7.50>1.2 (невидимые входящие),-,not_sink,False,1.0,False,3,2,2,50000.0,375000.0,2,2,7.5,0.7,325000.0,0,0,0.00029284,4.173e-05,unseen_inflow,0.1472,0.2084,0.1789,0.0,0.0
100000007129492100,consolidator,0.5,14,0.5341,"Получает от 2 плательщиков: 51 тыс ₸, 2 перевода (в среднем 25 тыс ₸); seed среди плательщиков: 2; дальше ушло 73% полученного 1 получателю",370,R3: seed-плательщиков=2≥2,-,not_sink,False,1.0,False,1,2,1,50990.0,37000.0,2,1,0.7256,0.5097,0.0,2,0,0.00029452,2.516e-05,-,0.1575,0.1362,0.1737,0.0667,0.0
100000006562026100,consolidator,0.5,68,0.5337,"Получает от 2 плательщиков: 75 тыс ₸, 6 переводов (в среднем 12 тыс ₸); seed среди плательщиков: 2; дальше не отправлял",371,R3: seed-плательщиков=2≥2,terminal,confirmed_sink,False,0.0,False,1,2,0,75000.0,0.0,6,0,0.0,-1.0,0.0,2,0,0.00068536,0.0,-,0.1575,0.1279,0.1817,0.0667,0.0
100000002692750100,transit,0.612,7,0.5335,"Получил 113 тыс ₸ от 3 плательщиков (3 перевода), отправил 77 тыс ₸ 1 получателю (8 переводов); дальше ушло 68%; 11% полученного ушло за ≤2 дн",372,R4: out/in=0.68≥0.5,-,not_sink,False,1.0,False,2,3,1,112830.0,77000.0,3,8,0.6824,0.1064,0.0,0,0,0.00201424,1.981e-05,in_cycle,0.1285,0.1743,0.1974,0.0,0.0333
100000004019124100,consolidator,0.5,6,0.5332,"Получает от 3 плательщиков: 193 тыс ₸, 3 перевода (в среднем 64 тыс ₸); seed среди плательщиков: 2; дальше не отправлял",373,R3: seed-плательщиков=2≥2,terminal,confirmed_sink,False,0.0,True,0,3,0,193000.0,0.0,3,0,0.0,-1.0,0.0,2,0,0.00120287,0.0,-,0.1418,0.1579,0.1735,0.06,0.0
100000001382002100,transit,0.8,1,0.5327,"Получил 55 тыс ₸ от 1 плательщика (2 перевода), отправил 56 тыс ₸ 1 получателю (3 перевода); дальше ушло 103%",374,R4: out/in=1.03∈[0.8;1.2],-,not_sink,False,1.0,False,2,1,1,55000.0,56500.0,2,3,1.0273,0.0,1500.0,0,0,0.00066331,0.0,in_cycle,0.168,0.1507,0.1807,0.0,0.0333
100000007392365100,transit,0.5,34,0.5326,"Получил 10 тыс ₸ от 1 плательщика (1 перевод), отправил 1,77 млн ₸ 6 получателям (9 переводов); отправил в 183,7× больше полученного → есть невидимые входящие",375,R4: out/in=183.67>1.2 (невидимые входящие),-,not_sink,False,1.0,False,3,1,6,9613.0,1765600.0,1,9,183.6679,0.0,1755987.0,0,0,0.00028611,0.00011532,unseen_inflow,0.105,0.2403,0.1873,0.0,0.0
100000001690558100,terminal,0.933,16,0.5317,"Получил 740 тыс ₸ от 1 плательщика (1 перевод), дальше ушло 0%",376,"R5: out/in=0.00≤0.1, in=740 тыс ₸",-,confirmed_sink,False,0.0,False,3,1,0,740000.0,0.0,1,0,0.0,-1.0,0.0,0,0,0.00041212,0.0,-,0.1633,0.225,0.1434,0.0,0.0
100000008094734100,consolidator,0.5,1,0.5314,"Получает от 4 плательщиков: 236 тыс ₸, 4 перевода (в среднем 59 тыс ₸); seed среди плательщиков: 2; дальше не отправлял",377,R3: in_deg=4≥4,terminal,confirmed_sink,False,0.0,False,1,4,0,236249.0,0.0,4,0,0.0,-1.0,0.0,2,0,0.00034414,0.0,-,0.1575,0.1848,0.1224,0.0667,0.0
100000004183610100,transit,0.636,21,0.5314,"Получил 22 тыс ₸ от 1 плательщика (1 перевод), отправил 915 тыс ₸ 1 получателю (3 перевода); отправил в 41,6× больше полученного → есть невидимые входящие; 68% полученного ушло за ≤2 дн",378,R4: out/in=41.59>1.2 (невидимые входящие),-,not_sink,False,1.0,False,3,1,1,22000.0,915000.0,1,3,41.5909,0.6818,893000.0,0,0,0.00034076,1.962e-05,unseen_inflow,0.1336,0.2308,0.1671,0.0,0.0
100000008713270100,transit,0.783,7,0.5313,"Получил 30 тыс ₸ от 1 плательщика (1 перевод), отправил 190 тыс ₸ 3 получателям (3 перевода); отправил в 6,3× больше полученного → есть невидимые входящие; 100% полученного ушло за ≤2 дн",379,R4: out/in=6.33>1.2 (невидимые входящие),-,not_sink,False,1.0,False,2,1,3,30000.0,190000.0,1,3,6.3333,1.0,160000.0,0,0,0.00029126,1.19e-06,fast_transit;unseen_inflow,0.1644,0.1816,0.152,0.0,0.0333
100000002369874100,consolidator,0.5,2,0.5312,"Получает от 4 плательщиков: 600 тыс ₸, 4 перевода (в среднем 150 тыс ₸); дальше не отправлял; 4 плательщика за один день (29.07)",380,R3: in_deg=4≥4,terminal,confirmed_sink,False,0.0,False,3,4,0,600000.0,0.0,4,0,0.0,-1.0,0.0,0,0,0.00033735,0.0,burst_in,0.1575,0.2213,0.1191,0.0,0.0333
100000003873332100,transit,0.5,16,0.5311,"Получил 23 тыс ₸ от 1 плательщика (1 перевод), отправил 286 тыс ₸ 4 получателям (8 переводов); отправил в 12,2× больше полученного → есть невидимые входящие; seed среди плательщиков: 1",381,R4: out/in=12.19>1.2 (невидимые входящие),-,not_sink,False,1.0,False,1,1,4,23468.0,286000.0,1,8,12.1868,0.0,262532.0,1,0,0.00028997,0.00089356,unseen_inflow,0.105,0.1964,0.1964,0.0333,0.0
100000002696152100,transit,0.791,53,0.5311,"Получил 22 тыс ₸ от 1 плательщика (3 перевода), отправил 69 тыс ₸ 2 получателям (8 переводов); отправил в 3,2× больше полученного → есть невидимые входящие; 59% полученного ушло за ≤2 дн",382,R4: out/in=3.17>1.2 (невидимые входящие),-,not_sink,False,1.0,False,3,1,2,21800.0,69000.0,3,8,3.1651,0.5872,47200.0,0,0,0.00120506,2.14e-05,in_cycle,0.1661,0.1388,0.1929,0.0,0.0333
100000005767403100,terminal,0.598,35,0.5296,"4-е колено, исходящие не выгружены; получил 1,10 млн ₸ от 1 плательщика (2 перевода). У узлов колен 1–3 с таким профилем пересылают дальше 40%",383,T4: p_forward=0.40<0.5 (оценка по коленам 1–3),transit,truncated_depth,True,0.402,False,4,1,0,1100000.0,0.0,2,0,0.0,-1.0,0.0,0,0,0.00108186,0.0,truncated,0.1046,0.2337,0.1913,0.0,0.0
100000008721637100,transit,0.707,7,0.5295,"Получил 24 тыс ₸ от 1 плательщика (1 перевод), отправил 127 тыс ₸ 2 получателям (2 перевода); отправил в 5,3× больше полученного → есть невидимые входящие; 50% полученного ушло за ≤2 дн",384,R4: out/in=5.28>1.2 (невидимые входящие),-,not_sink,False,1.0,False,3,1,2,24041.0,127000.0,1,2,5.2826,0.4991,102959.0,0,1,0.00029046,7.331e-05,unseen_inflow,0.1485,0.1639,0.1838,0.0333,0.0
100000001141268100,terminal,0.814,13,0.5292,"Получил 480 тыс ₸ от 2 плательщиков (2 перевода), дальше ушло 2%",385,"R5: out/in=0.02≤0.1, in=480 тыс ₸",-,confirmed_sink,False,1.0,False,3,2,1,480000.0,10000.0,2,1,0.0208,0.0208,0.0,0,0,0.00036486,2.239e-05,-,0.1424,0.2146,0.1722,0.0,0.0
100000003171587100,transit,0.558,3,0.5283,"Получил 700 тыс ₸ от 2 плательщиков (2 перевода), отправил 431 тыс ₸ 2 получателям (7 переводов); дальше ушло 62%",386,R4: out/in=0.62≥0.5,-,not_sink,False,1.0,False,3,2,2,700000.0,431300.0,2,7,0.6161,0.0,0.0,0,0,0.00031602,3.884e-05,-,0.1172,0.2341,0.177,0.0,0.0
100000008343874100,transit,0.662,18,0.5283,"Получил 284 тыс ₸ от 2 плательщиков (2 перевода), отправил 176 тыс ₸ 2 получателям (5 переводов); дальше ушло 62%; 51% полученного ушло за ≤2 дн",387,R4: out/in=0.62≥0.5,-,not_sink,False,1.0,False,3,2,2,283535.0,176400.0,2,5,0.6221,0.5058,0.0,0,0,0.00030765,3.884e-05,-,0.139,0.2123,0.177,0.0,0.0
100000006664478100,transit,0.945,24,0.5283,"Получил 55 тыс ₸ от 1 плательщика (3 перевода), отправил 60 тыс ₸ 2 получателям (2 перевода); дальше ушло 109%; 73% полученного ушло за ≤2 дн",388,R4: out/in=1.09∈[0.8;1.2],-,not_sink,False,1.0,False,3,1,2,55000.0,60000.0,3,2,1.0909,0.7273,5000.0,0,0,0.00061684,1.19e-06,-,0.1984,0.1521,0.1778,0.0,0.0
100000002443664100,terminal,0.886,9,0.5281,"Получил 557 тыс ₸ от 3 плательщиков (3 перевода), дальше ушло 0%",389,"R5: out/in=0.00≤0.1, in=557 тыс ₸",-,confirmed_sink,False,0.0,False,2,3,0,556880.0,0.0,3,0,0.0,-1.0,0.0,0,0,0.00033877,0.0,burst_in,0.155,0.2193,0.1204,0.0,0.0333
100000002989353100,transit,0.691,9,0.5281,"Получил 500 тыс ₸ от 1 плательщика (2 перевода), отправил 321 тыс ₸ 2 получателям (2 перевода); дальше ушло 64%; 60% полученного ушло за ≤2 дн",390,R4: out/in=0.64≥0.5,-,not_sink,False,1.0,False,3,1,2,500000.0,321160.0,2,2,0.6423,0.6,0.0,0,0,0.00030939,2.77e-06,-,0.1451,0.2278,0.1552,0.0,0.0
100000000785800100,transit,1.0,42,0.528,"Получил 19 тыс ₸ от 1 плательщика (1 перевод), отправил 19 тыс ₸ 1 получателю (1 перевод); дальше ушло 100%; 100% полученного ушло за ≤2 дн",391,R4: out/in=1.00∈[0.8;1.2],-,not_sink,False,1.0,False,2,1,1,19000.0,19000.0,1,1,1.0,1.0,0.0,0,1,0.0003567,0.0,fast_transit;in_cycle,0.21,0.0902,0.1278,0.0333,0.0667
100000000297649100,transit,0.75,28,0.5269,"Получил 40 тыс ₸ от 1 плательщика (1 перевод), отправил 71 тыс ₸ 1 получателю (2 перевода); отправил в 1,8× больше полученного → есть невидимые входящие",392,R4: out/in=1.76>1.2 (невидимые входящие),-,not_sink,False,1.0,False,2,1,1,40000.0,70600.0,1,2,1.765,0.0,30600.0,0,0,0.00080914,0.0,in_cycle,0.1575,0.1501,0.1859,0.0,0.0333
100000007647294100,terminal,0.841,41,0.5264,"Получил 385 тыс ₸ от 1 плательщика (1 перевод), дальше ушло 0%",393,"R5: out/in=0.00≤0.1, in=385 тыс ₸",-,confirmed_sink,False,0.0,False,3,1,0,385000.0,0.0,1,0,0.0,-1.0,0.0,0,0,0.00057922,0.0,-,0.1472,0.2046,0.1746,0.0,0.0
100000002559089100,terminal,0.927,9,0.5259,"Получил 715 тыс ₸ от 2 плательщиков (2 перевода), дальше ушло 0%",394,"R5: out/in=0.00≤0.1, in=715 тыс ₸",-,confirmed_sink,False,0.0,False,3,2,0,715000.0,0.0,2,0,0.0,-1.0,0.0,0,0,0.00039243,0.0,-,0.1622,0.2245,0.1391,0.0,0.0
100000001052945100,transit,0.5,38,0.5258,"Получил 57 тыс ₸ от 1 плательщика (1 перевод), отправил 1,60 млн ₸ 3 получателям (6 переводов); отправил в 28,2× больше полученного → есть невидимые входящие",395,R4: out/in=28.23>1.2 (невидимые входящие),-,not_sink,False,1.0,False,3,1,3,56520.0,1595700.0,1,6,28.2325,0.0,1539180.0,0,0,0.00030154,5.766e-05,unseen_inflow,0.105,0.2397,0.1812,0.0,0.0
100000001317336100,transit,0.5,22,0.5253,"Получил 131 тыс ₸ от 1 плательщика (1 перевод), отправил 1,75 млн ₸ 2 получателям (3 перевода); отправил в 13,4× больше полученного → есть невидимые входящие",396,R4: out/in=13.35>1.2 (невидимые входящие),-,not_sink,False,1.0,False,3,1,2,131196.0,1752000.0,1,3,13.3541,0.0,1620804.0,0,0,0.00034385,4.003e-05,unseen_inflow,0.105,0.242,0.1783,0.0,0.0
100000001222263100,transit,0.612,3,0.525,"Получил 746 тыс ₸ от 1 плательщика (1 перевод), отправил 420 тыс ₸ 1 получателю (5 переводов); дальше ушло 56%; 40% полученного ушло за ≤2 дн",397,R4: out/in=0.56≥0.5,-,not_sink,False,1.0,False,3,1,1,745570.0,420000.0,1,5,0.5633,0.4024,0.0,0,0,0.00030973,1.922e-05,-,0.1285,0.2344,0.162,0.0,0.0
100000003215448100,transit,0.801,8,0.5246,"Получил 91 тыс ₸ от 1 плательщика (1 перевод), отправил 124 тыс ₸ 2 получателям (4 перевода); отправил в 1,4× больше полученного → есть невидимые входящие; 9% полученного ушло за ≤2 дн",398,R4: out/in=1.36>1.2 (невидимые входящие),-,not_sink,False,1.0,False,3,1,2,91309.0,124000.0,1,4,1.358,0.0876,32691.0,0,0,0.00030415,3.844e-05,-,0.1682,0.1806,0.1758,0.0,0.0
100000005037490100,transit,0.92,21,0.5246,"Получил 15 тыс ₸ от 1 плательщика (1 перевод), отправил 30 тыс ₸ 2 получателям (3 перевода); отправил в 2,0× больше полученного → есть невидимые входящие; 93% полученного ушло за ≤2 дн",399,R4: out/in=2.00>1.2 (невидимые входящие),-,not_sink,False,1.0,False,3,1,2,15000.0,30000.0,1,3,2.0,0.9333,15000.0,0,0,0.0003232,1.942e-05,fast_transit;in_cycle,0.1932,0.0988,0.166,0.0,0.0667
100000001330595100,transit,0.749,27,0.5245,"Получил 87 тыс ₸ от 3 плательщиков (6 переводов), отправил 154 тыс ₸ 1 получателю (1 перевод); отправил в 1,8× больше полученного → есть невидимые входящие",400,R4: out/in=1.77>1.2 (невидимые входящие),-,not_sink,False,1.0,False,2,3,1,87000.0,154000.0,6,1,1.7701,0.0,67000.0,0,0,0.00067557,1.19e-06,-,0.1573,0.1861,0.1811,0.0,0.0
100000002936322100,terminal,0.945,18,0.5239,"Получил 787 тыс ₸ от 2 плательщиков (2 перевода), дальше ушло 0%",401,"R5: out/in=0.00≤0.1, in=787 тыс ₸",-,confirmed_sink,False,0.0,False,3,2,0,787133.0,0.0,2,0,0.0,-1.0,0.0,0,0,0.00036638,0.0,-,0.1654,0.2266,0.1319,0.0,0.0
100000005507142100,transit,0.736,61,0.5238,"Получил 51 тыс ₸ от 3 плательщиков (3 перевода), отправил 100 тыс ₸ 3 получателям (4 перевода); отправил в 2,0× больше полученного → есть невидимые входящие",402,R4: out/in=1.96>1.2 (невидимые входящие),-,not_sink,False,1.0,False,2,3,3,51000.0,100000.0,3,4,1.9608,0.0,49000.0,0,0,0.00055895,4.56e-06,in_cycle,0.1546,0.1637,0.1722,0.0,0.0333
100000005661829100,transit,0.979,16,0.5235,"Получил 38 тыс ₸ от 1 плательщика (1 перевод), отправил 40 тыс ₸ 2 получателям (4 перевода); дальше ушло 107%; 89% полученного ушло за ≤2 дн",403,R4: out/in=1.07∈[0.8;1.2],-,not_sink,False,1.0,False,3,1,2,37790.0,40362.0,1,4,1.0681,0.8942,2572.0,0,0,0.00029203,2.23e-06,fast_transit,0.2056,0.1297,0.1549,0.0,0.0333
100000004331458100,terminal,0.807,62,0.5223,"Получил 250 тыс ₸ от 2 плательщиков (2 перевода), дальше ушло 0%",404,"R5: out/in=0.00≤0.1, in=250 тыс ₸",-,confirmed_sink,False,0.0,False,2,2,0,250000.0,0.0,2,0,0.0,-1.0,0.0,0,0,0.00132344,0.0,-,0.1412,0.1876,0.1935,0.0,0.0
100000008757369100,transit,0.918,1,0.5217,"Получил 26 тыс ₸ от 1 плательщика (1 перевод), отправил 58 тыс ₸ 1 получателю (3 перевода); отправил в 2,2× больше полученного → есть невидимые входящие; 100% полученного ушло за ≤2 дн",405,R4: out/in=2.25>1.2 (невидимые входящие),-,not_sink,False,1.0,False,3,1,1,25961.0,58398.0,1,3,2.2495,1.0,32437.0,0,0,0.00028787,1.922e-05,fast_transit,0.1928,0.1336,0.162,0.0,0.0333
100000001808684100,transit,0.763,7,0.521,"Получил 48 тыс ₸ от 1 плательщика (3 перевода), отправил 38 тыс ₸ 1 получателю (2 перевода); дальше ушло 78%; 62% полученного ушло за ≤2 дн",406,R4: out/in=0.78≥0.5,-,not_sink,False,1.0,False,3,1,1,48400.0,37700.0,3,2,0.7789,0.6198,0.0,0,0,0.0011691,0.0,in_cycle,0.1602,0.1353,0.1921,0.0,0.0333
100000005031696100,transit,0.7,66,0.5202,"Получил 5 тыс ₸ от 1 плательщика (1 перевод), отправил 115 тыс ₸ 2 получателям (3 перевода); отправил в 23,0× больше полученного → есть невидимые входящие; 100% полученного ушло за ≤2 дн",407,R4: out/in=23.00>1.2 (невидимые входящие),-,not_sink,False,1.0,False,2,1,2,5000.0,115000.0,1,3,23.0,1.0,110000.0,0,0,0.00053971,9.59e-05,fast_transit;unseen_inflow,0.147,0.154,0.1859,0.0,0.0333
100000003798151100,terminal,0.832,6,0.52,"Получил 350 тыс ₸ от 1 плательщика (3 перевода), дальше ушло 0%",408,"R5: out/in=0.00≤0.1, in=350 тыс ₸",-,confirmed_sink,False,0.0,False,2,1,0,350000.0,0.0,3,0,0.0,-1.0,0.0,0,0,0.00057539,0.0,-,0.1456,0.2003,0.174,0.0,0.0
100000000490383100,transit,0.579,6,0.5198,"Получил 63 тыс ₸ от 3 плательщиков (3 перевода), отправил 461 тыс ₸ 8 получателям (9 переводов); отправил в 7,4× больше полученного → есть невидимые входящие; 8% полученного ушло за ≤2 дн",409,R4: out/in=7.37>1.2 (невидимые входящие),-,not_sink,False,1.0,False,2,3,8,62600.0,461375.0,3,9,7.3702,0.0799,398775.0,0,0,0.00054804,5.165e-05,unseen_inflow,0.1216,0.2179,0.1803,0.0,0.0
100000004664905100,terminal,0.827,6,0.5193,"Получил 329 тыс ₸ от 2 плательщиков (4 перевода), дальше ушло 0%; seed среди плательщиков: 1",410,"R5: out/in=0.00≤0.1, in=329 тыс ₸",-,confirmed_sink,False,0.0,False,1,2,0,329020.0,0.0,4,0,0.0,-1.0,0.0,1,0,0.00041184,0.0,-,0.1447,0.198,0.1433,0.0333,0.0
100000002188829100,terminal,0.845,5,0.5191,"Получил 400 тыс ₸ от 1 плательщика (1 перевод), дальше ушло 0%; seed среди плательщиков: 1",411,"R5: out/in=0.00≤0.1, in=400 тыс ₸",-,confirmed_sink,False,0.0,False,1,1,0,400000.0,0.0,1,0,0.0,-1.0,0.0,1,0,0.00036566,0.0,-,0.1479,0.2064,0.1315,0.0333,0.0
100000003221384100,terminal,0.874,19,0.5187,"Получил 511 тыс ₸ от 1 плательщика (1 перевод), дальше ушло 0%",412,"R5: out/in=0.00≤0.1, in=511 тыс ₸",-,confirmed_sink,False,0.0,False,2,1,0,511200.0,0.0,1,0,0.0,-1.0,0.0,0,0,0.0004482,0.0,-,0.153,0.217,0.1488,0.0,0.0
100000004689658100,terminal,0.821,8,0.5183,"Получил 456 тыс ₸ от 1 плательщика (1 перевод), дальше ушло 2%",413,"R5: out/in=0.02≤0.1, in=456 тыс ₸",-,confirmed_sink,False,1.0,False,3,1,1,456100.0,7092.0,1,1,0.0155,0.0,0.0,0,0,0.00038632,1.922e-05,-,0.1437,0.2126,0.162,0.0,0.0
100000003977183100,transit,0.6,7,0.5181,"Получил 124 тыс ₸ от 2 плательщиков (2 перевода), отправил 766 тыс ₸ 4 получателям (6 переводов); отправил в 6,2× больше полученного → есть невидимые входящие; 66% полученного ушло за ≤2 дн",414,R4: out/in=6.19>1.2 (невидимые входящие),-,not_sink,False,1.0,True,0,2,4,123800.0,766000.0,2,6,6.1874,0.6624,642200.0,1,0,0.00033146,1.59e-06,in_cycle,0.1134,0.2065,0.1382,0.03,0.03
100000001600934100,terminal,0.636,8,0.5179,"Получил 180 тыс ₸ от 1 плательщика (2 перевода), дальше ушло 6%",415,"R5: out/in=0.06≤0.1, in=180 тыс ₸",-,confirmed_sink,False,1.0,False,3,1,1,180300.0,11000.0,2,1,0.061,0.0,0.0,0,0,0.00236685,0.0,in_cycle,0.1113,0.1748,0.1984,0.0,0.0333
100000001669260100,terminal,0.738,18,0.5177,"4-е колено, исходящие не выгружены; получил 500 тыс ₸ от 1 плательщика (1 перевод). У узлов колен 1–3 с таким профилем пересылают дальше 26%",416,T4: p_forward=0.26<0.5 (оценка по коленам 1–3),transit,truncated_depth,True,0.262,False,4,1,0,500000.0,0.0,1,0,0.0,-1.0,0.0,0,0,0.00056012,0.0,truncated,0.1291,0.2161,0.1724,0.0,0.0
100000002671326100,terminal,0.598,2,0.5163,"4-е колено, исходящие не выгружены; получил 1,05 млн ₸ от 1 плательщика (2 перевода). У узлов колен 1–3 с таким профилем пересылают дальше 40%",417,T4: p_forward=0.40<0.5 (оценка по коленам 1–3),transit,truncated_depth,True,0.402,False,4,1,0,1050000.0,0.0,2,0,0.0,-1.0,0.0,0,0,0.00062945,0.0,truncated,0.1046,0.233,0.1786,0.0,0.0
100000008556318100,terminal,0.789,5,0.5163,"Получил 180 тыс ₸ от 2 плательщиков (2 перевода), дальше ушло 0%; seed среди плательщиков: 1",418,"R5: out/in=0.00≤0.1, in=180 тыс ₸",-,confirmed_sink,False,0.0,False,1,2,0,180132.0,0.0,2,0,0.0,-1.0,0.0,1,0,0.0005605,0.0,-,0.1381,0.1724,0.1725,0.0333,0.0
100000003111305100,consolidator,0.5,24,0.516,"Получает от 4 плательщиков: 509 тыс ₸, 4 перевода (в среднем 127 тыс ₸); дальше не отправлял",419,R3: in_deg=4≥4,terminal,confirmed_sink,False,0.0,False,3,4,0,509338.0,0.0,4,0,0.0,-1.0,0.0,0,0,0.0004036,0.0,-,0.1575,0.2167,0.1417,0.0,0.0
100000008583360100,transit,0.77,12,0.5158,"Получил 113 тыс ₸ от 1 плательщика (1 перевод), отправил 170 тыс ₸ 1 получателю (1 перевод); отправил в 1,5× больше полученного → есть невидимые входящие",420,R4: out/in=1.51>1.2 (невидимые входящие),-,not_sink,False,1.0,False,3,1,1,112843.0,170000.0,1,1,1.5065,0.0,57157.0,0,0,0.00032761,1.922e-05,-,0.1617,0.1921,0.162,0.0,0.0
100000002799941100,terminal,0.897,16,0.5157,"Получил 600 тыс ₸ от 1 плательщика (1 перевод), дальше ушло 0%",421,"R5: out/in=0.00≤0.1, in=600 тыс ₸",-,confirmed_sink,False,0.0,False,3,1,0,600000.0,0.0,1,0,0.0,-1.0,0.0,0,0,0.00038818,0.0,-,0.157,0.2213,0.1375,0.0,0.0
100000008293431100,transit,0.5,1,0.5156,"Получил 15 тыс ₸ от 1 плательщика (1 перевод), отправил 297 тыс ₸ 5 получателям (7 переводов); отправил в 19,8× больше полученного → есть невидимые входящие",422,R4: out/in=19.80>1.2 (невидимые входящие),-,not_sink,False,1.0,False,3,1,5,15000.0,297000.0,1,7,19.8,0.0,282000.0,0,0,0.0002869,5.687e-05,in_cycle;unseen_inflow,0.105,0.1965,0.1808,0.0,0.0333
100000007330432100,terminal,0.738,54,0.5149,"4-е колено, исходящие не выгружены; получил 585 тыс ₸ от 1 плательщика (1 перевод). У узлов колен 1–3 с таким профилем пересылают дальше 26%",423,T4: p_forward=0.26<0.5 (оценка по коленам 1–3),transit,truncated_depth,True,0.262,False,4,1,0,584900.0,0.0,1,0,0.0,-1.0,0.0,0,0,0.00053818,0.0,truncated,0.1291,0.2204,0.1653,0.0,0.0
100000003582677100,transit,0.741,5,0.5147,"Получил 30 тыс ₸ от 2 плательщиков (2 перевода), отправил 56 тыс ₸ 4 получателям (5 переводов); отправил в 1,9× больше полученного → есть невидимые входящие",424,R4: out/in=1.88>1.2 (невидимые входящие),-,not_sink,False,1.0,False,3,2,4,29756.989999999998,56000.0,2,5,1.8819,0.0,26243.010000000002,0,1,0.00029329,0.00017888,-,0.1556,0.135,0.1907,0.0333,0.0
100000000489417100,transit,0.854,21,0.5144,"Получил 74 тыс ₸ от 3 плательщиков (3 перевода), отправил 80 тыс ₸ 1 получателю (1 перевод); дальше ушло 109%; 27% полученного ушло за ≤2 дн",425,R4: out/in=1.09∈[0.8;1.2],-,not_sink,False,1.0,False,2,3,1,73504.0,80000.0,3,1,1.0884,0.2721,6496.0,0,0,0.00055176,1.405e-05,-,0.1793,0.1649,0.1701,0.0,0.0
100000004603109100,peripheral,0.05,4,0.5143,"Смешанный профиль: получил 2,73 млн ₸ от 3 плательщиков (8 переводов), отправил 400 тыс ₸ 2 получателям (2 перевода); дальше ушло 15%",426,R6: out/in=0.15 между 0.1 и 0.5,-,not_sink,False,1.0,False,3,3,2,2730000.0,400000.0,8,2,0.1465,0.0577,0.0,0,0,0.00317837,6.9e-07,in_cycle;repeat_route,0.0018,0.2461,0.1997,0.0,0.0667
100000004737477100,transit,0.86,1,0.5143,"Получил 50 тыс ₸ от 2 плательщиков (3 перевода), отправил 40 тыс ₸ 1 получателю (3 перевода); дальше ушло 82%; 30% полученного ушло за ≤2 дн; seed среди плательщиков: 1",427,R4: out/in=0.82∈[0.8;1.2],-,not_sink,False,1.0,False,1,2,1,49598.0,40500.0,3,3,0.8166,0.3024,0.0,1,0,0.00029232,1.922e-05,-,0.1806,0.1383,0.162,0.0333,0.0
100000004662806100,transit,0.642,28,0.5142,"Получил 107 тыс ₸ от 2 плательщиков (2 перевода), отправил 60 тыс ₸ 2 получателям (3 перевода); дальше ушло 56%; 55% полученного ушло за ≤2 дн; seed среди плательщиков: 1",428,R4: out/in=0.56≥0.5,-,not_sink,False,1.0,False,1,2,2,106585.0,59900.0,2,3,0.562,0.5527,0.0,1,0,0.00030545,3.884e-05,-,0.1348,0.169,0.177,0.0333,0.0
100000002126791100,terminal,0.598,2,0.5141,"4-е колено, исходящие не выгружены; получил 1,31 млн ₸ от 1 плательщика (3 перевода). У узлов колен 1–3 с таким профилем пересылают дальше 40%",429,T4: p_forward=0.40<0.5 (оценка по коленам 1–3),transit,truncated_depth,True,0.402,False,4,1,0,1313000.0,0.0,3,0,0.0,-1.0,0.0,0,0,0.00057168,0.0,truncated,0.1046,0.2357,0.1738,0.0,0.0
100000003888271100,transit,0.835,40,0.5136,"Получил 12 тыс ₸ от 1 плательщика (2 перевода), отправил 26 тыс ₸ 2 получателям (3 перевода); отправил в 2,1× больше полученного → есть невидимые входящие; 54% полученного ушло за ≤2 дн",430,R4: out/in=2.10>1.2 (невидимые входящие),-,not_sink,False,1.0,False,1,1,2,12177.0,25590.0,2,3,2.1015,0.542,13413.0,1,1,0.00029139,4e-07,in_cycle,0.1753,0.0899,0.1484,0.0667,0.0333
100000002713074100,transit,0.557,17,0.513,"Получил 700 тыс ₸ от 2 плательщиков (2 перевода), отправил 430 тыс ₸ 1 получателю (2 перевода); дальше ушло 61%",431,R4: out/in=0.61≥0.5,-,not_sink,False,1.0,False,3,2,1,700000.0,430000.0,2,2,0.6143,0.0,0.0,0,0,0.00043361,1.922e-05,-,0.117,0.234,0.162,0.0,0.0
100000000076451100,transit,0.592,19,0.5128,"Получил 88 тыс ₸ от 3 плательщиков (4 перевода), отправил 58 тыс ₸ 4 получателям (4 перевода); дальше ушло 66%; 6% полученного ушло за ≤2 дн",432,R4: out/in=0.66≥0.5,-,not_sink,False,1.0,False,2,3,4,87707.0,58000.0,4,4,0.6613,0.057,0.0,0,0,0.0013962,9.769e-05,in_cycle,0.1243,0.1608,0.1943,0.0,0.0333
100000001875167100,terminal,1.0,3,0.5126,"Получил 1,00 млн ₸ от 1 плательщика (2 перевода), дальше ушло 0%",433,"R5: out/in=0.00≤0.1, in=1,00 млн ₸",-,confirmed_sink,False,0.0,False,3,1,0,1000000.0,0.0,2,0,0.0,-1.0,0.0,0,0,0.00031798,0.0,-,0.175,0.2317,0.1059,0.0,0.0
100000000769919100,terminal,0.807,58,0.5126,"Получил 250 тыс ₸ от 1 плательщика (1 перевод), дальше ушло 0%",434,"R5: out/in=0.00≤0.1, in=250 тыс ₸",-,confirmed_sink,False,0.0,False,2,1,0,250000.0,0.0,1,0,0.0,-1.0,0.0,0,0,0.00073545,0.0,-,0.1412,0.1876,0.1837,0.0,0.0
100000008751429100,peripheral,0.152,36,0.5122,"Смешанный профиль: получил 386 тыс ₸ от 3 плательщиков (6 переводов), отправил 73 тыс ₸ 1 получателю (2 перевода); дальше ушло 19%; seed среди плательщиков: 1",435,R6: out/in=0.19 между 0.1 и 0.5,-,not_sink,False,1.0,False,1,3,1,386200.0,72600.0,6,2,0.188,0.188,0.0,1,0,0.00150431,0.0,in_cycle;repeat_route,0.0053,0.2121,0.1948,0.0333,0.0667
100000002255058100,terminal,0.869,5,0.512,"Получил 492 тыс ₸ от 1 плательщика (2 перевода), дальше ушло 0%",436,"R5: out/in=0.00≤0.1, in=492 тыс ₸",-,confirmed_sink,False,0.0,False,3,1,0,491500.0,0.0,2,0,0.0,-1.0,0.0,0,0,0.00042613,0.0,-,0.1521,0.2149,0.1451,0.0,0.0
100000002884708100,terminal,0.598,2,0.5119,"4-е колено, исходящие не выгружены; получил 1,17 млн ₸ от 1 плательщика (2 перевода). У узлов колен 1–3 с таким профилем пересылают дальше 40%",437,T4: p_forward=0.40<0.5 (оценка по коленам 1–3),transit,truncated_depth,True,0.402,False,4,1,0,1171644.0,0.0,2,0,0.0,-1.0,0.0,0,0,0.00056258,0.0,truncated,0.1046,0.2345,0.1727,0.0,0.0
100000008175078100,transit,0.568,32,0.5115,"4-е колено, исходящие не выгружены; получил 1,85 млн ₸ от 1 плательщика (15 переводов). У узлов колен 1–3 с таким профилем пересылают дальше 57%",438,T4: p_forward=0.57≥0.5 (оценка),terminal,truncated_depth,True,0.568,False,4,1,0,1846711.0,0.0,15,0,0.0,-1.0,0.0,0,0,0.00046907,0.0,truncated,0.1193,0.2412,0.151,0.0,0.0
100000000976943100,transit,0.831,14,0.5112,"Получил 70 тыс ₸ от 1 плательщика (1 перевод), отправил 84 тыс ₸ 1 получателю (3 перевода); дальше ушло 120%; 16% полученного ушло за ≤2 дн",439,R4: out/in=1.20∈[0.8;1.2],-,not_sink,False,1.0,False,3,1,1,70000.0,84000.0,1,3,1.2,0.1571,14000.0,0,0,0.00037346,2.18e-05,-,0.1745,0.1651,0.1716,0.0,0.0
100000005547096100,transit,0.5,62,0.5111,"Получил 8 тыс ₸ от 1 плательщика (1 перевод), отправил 226 тыс ₸ 2 получателям (3 перевода); отправил в 28,3× больше полученного → есть невидимые входящие",440,R4: out/in=28.29>1.2 (невидимые входящие),-,not_sink,False,1.0,False,2,1,2,8000.0,226300.0,1,3,28.2875,0.0,218300.0,0,0,0.00089206,4e-07,in_cycle;unseen_inflow,0.105,0.1842,0.1886,0.0,0.0333
100000001053894100,transit,0.568,26,0.5108,"4-е колено, исходящие не выгружены; получил 2,00 млн ₸ от 1 плательщика (7 переводов). У узлов колен 1–3 с таким профилем пересылают дальше 57%",441,T4: p_forward=0.57≥0.5 (оценка),terminal,truncated_depth,True,0.568,False,4,1,0,2000000.0,0.0,7,0,0.0,-1.0,0.0,0,0,0.00044855,0.0,truncated,0.1193,0.2427,0.1488,0.0,0.0
100000004394765100,peripheral,0.104,6,0.5108,"Смешанный профиль: получил 604 тыс ₸ от 3 плательщиков (10 переводов), отправил 82 тыс ₸ 2 получателям (2 перевода); дальше ушло 14%; seed среди плательщиков: 1",442,R6: out/in=0.14 между 0.1 и 0.5,-,not_sink,False,1.0,False,1,3,2,603844.0,82500.0,10,2,0.1366,0.0588,0.0,1,2,0.00038028,6.516e-05,-,0.0036,0.224,0.1832,0.1,0.0
100000001253557100,consolidator,0.545,2,0.5103,"Получает от 5 плательщиков: 210 тыс ₸, 5 переводов (в среднем 42 тыс ₸); seed среди плательщиков: 1; дальше не отправлял",443,R3: in_deg=5≥4,terminal,confirmed_sink,False,0.0,False,1,5,0,210200.0,0.0,5,0,0.0,-1.0,0.0,1,0,0.00035107,0.0,-,0.1717,0.1796,0.1257,0.0333,0.0
100000005042822100,terminal,0.738,22,0.5101,"4-е колено, исходящие не выгружены; получил 1,00 млн ₸ от 1 плательщика (1 перевод). У узлов колен 1–3 с таким профилем пересылают дальше 26%",444,T4: p_forward=0.26<0.5 (оценка по коленам 1–3),transit,truncated_depth,True,0.262,False,4,1,0,1000000.0,0.0,1,0,0.0,-1.0,0.0,0,0,0.00045261,0.0,truncated,0.1291,0.2317,0.1493,0.0,0.0
100000005367284100,transit,0.86,1,0.5099,"Получил 14 тыс ₸ от 1 плательщика (1 перевод), отправил 48 тыс ₸ 2 получателям (5 переводов); отправил в 3,5× больше полученного → есть невидимые входящие; 100% полученного ушло за ≤2 дн",445,R4: out/in=3.53>1.2 (невидимые входящие),-,not_sink,False,1.0,False,3,1,2,13700.0,48300.0,1,5,3.5255,1.0,34600.0,0,0,0.00028914,3.844e-05,fast_transit,0.1806,0.1202,0.1758,0.0,0.0333
100000003157679100,consolidator,0.5,2,0.5096,"Получает от 4 плательщиков: 541 тыс ₸, 4 перевода (в среднем 135 тыс ₸); дальше не отправлял",446,R3: in_deg=4≥4,terminal,confirmed_sink,False,0.0,False,3,4,0,541000.0,0.0,4,0,0.0,-1.0,0.0,0,0,0.00037285,0.0,-,0.1575,0.2185,0.1335,0.0,0.0
100000000733451100,transit,0.634,21,0.5096,"Получил 70 тыс ₸ от 1 плательщика (2 перевода), отправил 300 тыс ₸ 1 получателю (1 перевод); отправил в 4,3× больше полученного → есть невидимые входящие",447,R4: out/in=4.29>1.2 (невидимые входящие),-,not_sink,False,1.0,False,3,1,1,70000.0,300000.0,2,1,4.2857,0.0,230000.0,0,0,0.00054126,2.457e-05,unseen_inflow,0.1331,0.203,0.1735,0.0,0.0
100000004386258100,transit,0.671,28,0.5093,"Получил 62 тыс ₸ от 3 плательщиков (3 перевода), отправил 40 тыс ₸ 3 получателям (3 перевода); дальше ушло 65%; 49% полученного ушло за ≤2 дн",448,R4: out/in=0.65≥0.5,-,not_sink,False,1.0,False,2,3,3,61700.0,40000.0,3,3,0.6483,0.4862,0.0,0,0,0.00053367,0.00012047,in_cycle,0.1409,0.147,0.188,0.0,0.0333
100000003718715100,terminal,0.598,21,0.5092,"4-е колено, исходящие не выгружены; получил 915 тыс ₸ от 1 плательщика (3 перевода). У узлов колен 1–3 с таким профилем пересылают дальше 40%",449,T4: p_forward=0.40<0.5 (оценка по коленам 1–3),transit,truncated_depth,True,0.402,False,4,1,0,915000.0,0.0,3,0,0.0,-1.0,0.0,0,0,0.00057558,0.0,truncated,0.1046,0.2303,0.1742,0.0,0.0
100000007131370100,transit,0.8,19,0.5091,"Получил 30 тыс ₸ от 1 плательщика (1 перевод), отправил 30 тыс ₸ 1 получателю (1 перевод); дальше ушло 100%",450,R4: out/in=1.00∈[0.8;1.2],-,not_sink,False,1.0,False,3,1,1,30000.0,30000.0,1,1,1.0,0.0,0.0,0,0,0.00089999,0.0,in_cycle,0.168,0.1187,0.1891,0.0,0.0333
100000001131403100,terminal,0.598,38,0.5087,"4-е колено, исходящие не выгружены; получил 1,57 млн ₸ от 1 плательщика (3 перевода). У узлов колен 1–3 с таким профилем пересылают дальше 40%",451,T4: p_forward=0.40<0.5 (оценка по коленам 1–3),transit,truncated_depth,True,0.402,False,4,1,0,1570000.0,0.0,3,0,0.0,-1.0,0.0,0,0,0.00053804,0.0,truncated,0.1046,0.239,0.165,0.0,0.0
100000000375150100,terminal,0.738,21,0.508,"4-е колено, исходящие не выгружены; получил 300 тыс ₸ от 1 плательщика (1 перевод). У узлов колен 1–3 с таким профилем пересылают дальше 26%",452,T4: p_forward=0.26<0.5 (оценка по коленам 1–3),transit,truncated_depth,True,0.262,False,4,1,0,300000.0,0.0,1,0,0.0,-1.0,0.0,0,0,0.00074638,0.0,truncated,0.1291,0.1946,0.1843,0.0,0.0
100000008427027100,terminal,0.82,5,0.5079,"Получил 300 тыс ₸ от 1 плательщика (1 перевод), дальше ушло 0%",453,"R5: out/in=0.00≤0.1, in=300 тыс ₸",-,confirmed_sink,False,0.0,False,3,1,0,300000.0,0.0,1,0,0.0,-1.0,0.0,0,0,0.00055126,0.0,-,0.1435,0.1946,0.1698,0.0,0.0
100000003131693100,terminal,0.833,5,0.5078,"Получил 353 тыс ₸ от 1 плательщика (1 перевод), дальше ушло 0%; seed среди плательщиков: 1",454,"R5: out/in=0.00≤0.1, in=353 тыс ₸",-,confirmed_sink,False,0.0,False,1,1,0,353277.0,0.0,1,0,0.0,-1.0,0.0,1,0,0.00035631,0.0,-,0.1458,0.2012,0.1275,0.0333,0.0
100000008493007100,transit,1.0,11,0.5076,"Получил 26 тыс ₸ от 1 плательщика (1 перевод), отправил 26 тыс ₸ 1 получателю (1 перевод); дальше ушло 100%; 100% полученного ушло за ≤2 дн",455,R4: out/in=1.00∈[0.8;1.2],-,not_sink,False,1.0,False,3,1,1,26150.0,26150.0,1,1,1.0,1.0,0.0,0,0,0.00028965,1.39e-06,fast_transit,0.21,0.1114,0.1528,0.0,0.0333
100000000656682100,transit,0.8,1,0.5075,"Получил 71 тыс ₸ от 1 плательщика (1 перевод), отправил 80 тыс ₸ 2 получателям (3 перевода); дальше ушло 113%",456,R4: out/in=1.13∈[0.8;1.2],-,not_sink,False,1.0,False,3,1,2,71000.0,80000.0,1,3,1.1268,0.0,9000.0,0,0,0.00028957,3.844e-05,-,0.168,0.1637,0.1758,0.0,0.0
100000004666651100,terminal,0.853,51,0.5074,"Получил 429 тыс ₸ от 1 плательщика (1 перевод), дальше ушло 0%",457,"R5: out/in=0.00≤0.1, in=429 тыс ₸",-,confirmed_sink,False,0.0,False,2,1,0,429250.0,0.0,1,0,0.0,-1.0,0.0,0,0,0.00045754,0.0,-,0.1493,0.2086,0.1495,0.0,0.0
100000004424023100,transit,0.733,7,0.5064,"Получил 50 тыс ₸ от 1 плательщика (1 перевод), отправил 100 тыс ₸ 1 получателю (1 перевод); отправил в 2,0× больше полученного → есть невидимые входящие",458,R4: out/in=2.00>1.2 (невидимые входящие),-,not_sink,False,1.0,False,2,1,1,50000.0,100000.0,1,1,2.0,0.0,50000.0,0,0,0.00097171,2.041e-05,-,0.1539,0.1626,0.1899,0.0,0.0
100000003134934100,consolidator,0.5,8,0.5062,"Получает от 4 плательщиков: 379 тыс ₸, 4 перевода (в среднем 95 тыс ₸); дальше не отправлял",459,R3: in_deg=4≥4,terminal,confirmed_sink,False,0.0,False,2,4,0,379354.0,0.0,4,0,0.0,-1.0,0.0,0,0,0.00042448,0.0,-,0.1575,0.204,0.1448,0.0,0.0
100000003204491100,transit,0.75,1,0.5053,"Получил 140 тыс ₸ от 1 плательщика (1 перевод), отправил 100 тыс ₸ 1 получателю (2 перевода); дальше ушло 71%; 71% полученного ушло за ≤2 дн",460,R4: out/in=0.71≥0.5,-,not_sink,False,1.0,False,3,1,1,140000.0,100000.0,1,2,0.7143,0.7143,0.0,0,0,0.00029798,1.922e-05,-,0.1575,0.1858,0.162,0.0,0.0
100000003220685100,terminal,0.598,3,0.5051,"4-е колено, исходящие не выгружены; получил 1,31 млн ₸ от 1 плательщика (2 перевода). У узлов колен 1–3 с таким профилем пересылают дальше 40%",461,T4: p_forward=0.40<0.5 (оценка по коленам 1–3),transit,truncated_depth,True,0.402,False,4,1,0,1306000.0,0.0,2,0,0.0,-1.0,0.0,0,0,0.0005376,0.0,truncated,0.1046,0.2355,0.1649,0.0,0.0
100000006020215100,transit,0.8,21,0.5049,"Получил 30 тыс ₸ от 1 плательщика (1 перевод), отправил 34 тыс ₸ 2 получателям (2 перевода); дальше ушло 113%",462,R4: out/in=1.13∈[0.8;1.2],-,not_sink,False,1.0,False,3,1,2,30000.0,33800.0,1,2,1.1267,0.0,3800.0,0,1,0.00029667,6.056e-05,-,0.168,0.1209,0.1827,0.0333,0.0
100000002753146100,terminal,0.949,9,0.5048,"Получил 804 тыс ₸ от 1 плательщика (3 перевода), дальше ушло 0%",463,"R5: out/in=0.00≤0.1, in=804 тыс ₸",-,confirmed_sink,False,0.0,False,3,1,0,803540.0,0.0,3,0,0.0,-1.0,0.0,0,0,0.00032384,0.0,-,0.1661,0.2271,0.1117,0.0,0.0
100000000673868100,peripheral,0.05,15,0.5047,"Смешанный профиль: получил 2,03 млн ₸ от 1 плательщика (5 переводов), отправил 383 тыс ₸ 5 получателям (19 переводов); дальше ушло 19%",464,R6: out/in=0.19 между 0.1 и 0.5,-,not_sink,False,1.0,False,3,1,5,2030650.0,383000.0,5,19,0.1886,0.1438,0.0,0,0,0.00117281,4.102e-05,in_cycle;repeat_route,0.0018,0.2441,0.1922,0.0,0.0667
100000002612809100,transit,0.75,61,0.5046,"Получил 30 тыс ₸ от 1 плательщика (2 перевода), отправил 114 тыс ₸ 3 получателям (4 перевода); отправил в 3,8× больше полученного → есть невидимые входящие; 50% полученного ушло за ≤2 дн",465,R4: out/in=3.80>1.2 (невидимые входящие),-,not_sink,False,1.0,False,3,1,3,30000.0,114000.0,2,4,3.8,0.5,84000.0,0,0,0.00042829,1.59e-06,in_cycle,0.1575,0.1601,0.1536,0.0,0.0333
100000001063678100,transit,0.815,25,0.5044,"Получил 35 тыс ₸ от 1 плательщика (1 перевод), отправил 90 тыс ₸ 2 получателям (2 перевода); отправил в 2,6× больше полученного → есть невидимые входящие; 57% полученного ушло за ≤2 дн",466,R4: out/in=2.57>1.2 (невидимые входящие),-,not_sink,False,1.0,False,3,1,2,35000.0,90000.0,1,2,2.5714,0.5714,55000.0,0,0,0.00032775,3.963e-05,-,0.1711,0.1552,0.1781,0.0,0.0
100000005505655100,transit,0.631,47,0.5043,"Получил 33 тыс ₸ от 2 плательщиков (2 перевода), отправил 20 тыс ₸ 1 получателю (1 перевод); дальше ушло 60%; 40% полученного ушло за ≤2 дн; seed среди плательщиков: 1",467,R4: out/in=0.60≥0.5,-,not_sink,False,1.0,False,1,2,1,33070.0,20000.0,2,1,0.6048,0.3952,0.0,1,0,0.00032151,0.00026908,in_cycle,0.1325,0.1127,0.1924,0.0333,0.0333
100000002722108100,terminal,0.948,9,0.5042,"Получил 800 тыс ₸ от 1 плательщика (2 перевода), дальше ушло 0%",468,"R5: out/in=0.00≤0.1, in=800 тыс ₸",-,confirmed_sink,False,0.0,False,3,1,0,800000.0,0.0,2,0,0.0,-1.0,0.0,0,0,0.00032367,0.0,-,0.1659,0.2269,0.1115,0.0,0.0
100000002748761100,terminal,0.948,9,0.504,"Получил 797 тыс ₸ от 1 плательщика (3 перевода), дальше ушло 0%",469,"R5: out/in=0.00≤0.1, in=797 тыс ₸",-,confirmed_sink,False,0.0,False,3,1,0,796800.0,0.0,3,0,0.0,-1.0,0.0,0,0,0.00032352,0.0,-,0.1659,0.2268,0.1113,0.0,0.0
100000008169544100,peripheral,0.312,6,0.5038,"Смешанный профиль: получил 137 тыс ₸ от 1 плательщика (2 перевода), отправил 43 тыс ₸ 4 получателям (7 переводов); дальше ушло 31%; seed среди плательщиков: 1",470,R6: out/in=0.31 между 0.1 и 0.5,-,not_sink,False,1.0,False,1,1,4,137104.0,42800.0,2,7,0.3122,0.0897,0.0,1,2,0.00030031,0.00011831,in_cycle,0.0109,0.1719,0.1876,0.1,0.0333
100000004105288100,terminal,0.798,5,0.5033,"Получил 215 тыс ₸ от 2 плательщиков (2 перевода), дальше ушло 0%; seed среди плательщиков: 1",471,"R5: out/in=0.00≤0.1, in=215 тыс ₸",-,confirmed_sink,False,0.0,False,1,2,0,215000.0,0.0,2,0,0.0,-1.0,0.0,1,0,0.00046304,0.0,-,0.1396,0.1803,0.15,0.0333,0.0
100000002618492100,terminal,0.819,14,0.503,"Получил 296 тыс ₸ от 2 плательщиков (2 перевода), дальше ушло 0%; seed среди плательщиков: 1",472,"R5: out/in=0.00≤0.1, in=296 тыс ₸",-,confirmed_sink,False,0.0,False,1,2,0,296500.0,0.0,2,0,0.0,-1.0,0.0,1,0,0.00036903,0.0,-,0.1433,0.1937,0.1327,0.0333,0.0
100000003321895100,transit,0.5,55,0.503,"Получил 24 тыс ₸ от 1 плательщика (1 перевод), отправил 554 тыс ₸ 2 получателям (3 перевода); отправил в 23,1× больше полученного → есть невидимые входящие",473,R4: out/in=23.08>1.2 (невидимые входящие),-,not_sink,False,1.0,False,3,1,2,24000.0,553830.0,1,3,23.0763,0.0,529830.0,0,0,0.00031126,3.963e-05,unseen_inflow,0.105,0.22,0.1781,0.0,0.0
100000004746397100,terminal,0.713,3,0.5025,"Получил 220 тыс ₸ от 1 плательщика (1 перевод), дальше ушло 3%",474,"R5: out/in=0.03≤0.1, in=220 тыс ₸",-,confirmed_sink,False,1.0,False,3,1,1,219520.0,7500.0,1,1,0.0342,0.0,0.0,0,0,0.00029268,0.00066777,-,0.1248,0.1822,0.1956,0.0,0.0
100000001584286100,terminal,0.933,9,0.5024,"Получил 739 тыс ₸ от 2 плательщиков (3 перевода), дальше ушло 0%",475,"R5: out/in=0.00≤0.1, in=739 тыс ₸",-,confirmed_sink,False,0.0,False,2,2,0,738699.0,0.0,3,0,0.0,-1.0,0.0,0,0,0.00032848,0.0,-,0.1633,0.2249,0.1142,0.0,0.0
100000006385877100,transit,0.632,12,0.5023,"Получил 54 тыс ₸ от 1 плательщика (5 переводов), отправил 37 тыс ₸ 1 получателю (5 переводов); дальше ушло 68%; 21% полученного ушло за ≤2 дн",476,R4: out/in=0.68≥0.5,-,not_sink,False,1.0,False,2,1,1,53706.62,36602.93,5,5,0.6815,0.2067,0.0,0,0,0.0020943,0.0,in_cycle,0.1327,0.1385,0.1978,0.0,0.0333
100000000291908100,terminal,0.706,45,0.5022,"Получил 296 тыс ₸ от 1 плательщика (5 переводов), дальше ушло 5%",477,"R5: out/in=0.05≤0.1, in=296 тыс ₸",-,confirmed_sink,False,1.0,False,3,1,1,295500.0,13300.0,5,1,0.045,0.0,0.0,0,0,0.00070655,1.981e-05,-,0.1235,0.1963,0.1824,0.0,0.0
100000005432267100,terminal,0.832,5,0.5015,"Получил 350 тыс ₸ от 2 плательщиков (2 перевода), дальше ушло 0%; seed среди плательщиков: 1",478,"R5: out/in=0.00≤0.1, in=350 тыс ₸",-,confirmed_sink,False,0.0,False,1,2,0,350001.0,0.0,2,0,0.0,-1.0,0.0,1,0,0.00034233,0.0,-,0.1456,0.2005,0.1221,0.0333,0.0
100000003988112100,transit,0.693,33,0.5006,"Получил 92 тыс ₸ от 1 плательщика (2 перевода), отправил 64 тыс ₸ 1 получателю (5 переводов); дальше ушло 70%; 48% полученного ушло за ≤2 дн",479,R4: out/in=0.70≥0.5,-,not_sink,False,1.0,False,2,1,1,92000.0,64000.0,2,5,0.6957,0.4783,0.0,0,0,0.00050455,0.0,in_cycle,0.1455,0.1659,0.1558,0.0,0.0333
100000003122817100,terminal,0.857,23,0.5005,"Получил 445 тыс ₸ от 1 плательщика (1 перевод), дальше ушло 0%",480,"R5: out/in=0.00≤0.1, in=445 тыс ₸",-,confirmed_sink,False,0.0,False,3,1,0,444680.0,0.0,1,0,0.0,-1.0,0.0,0,0,0.00039708,0.0,-,0.15,0.21,0.1406,0.0,0.0
100000008497298100,terminal,0.897,12,0.5002,"Получил 600 тыс ₸ от 1 плательщика (1 перевод), дальше ушло 0%",481,"R5: out/in=0.00≤0.1, in=600 тыс ₸",-,confirmed_sink,False,0.0,False,2,1,0,600000.0,0.0,1,0,0.0,-1.0,0.0,0,0,0.00034203,0.0,-,0.157,0.2213,0.122,0.0,0.0
100000001065234100,terminal,0.738,48,0.5002,"4-е колено, исходящие не выгружены; получил 360 тыс ₸ от 1 плательщика (1 перевод). У узлов колен 1–3 с таким профилем пересылают дальше 26%",482,T4: p_forward=0.26<0.5 (оценка по коленам 1–3),transit,truncated_depth,True,0.262,False,4,1,0,360000.0,0.0,1,0,0.0,-1.0,0.0,0,0,0.00054869,0.0,truncated,0.1291,0.202,0.169,0.0,0.0
100000001384826100,terminal,0.768,3,0.4998,"Получил 364 тыс ₸ от 1 плательщика (1 перевод), дальше ушло 3%",483,"R5: out/in=0.03≤0.1, in=364 тыс ₸",-,confirmed_sink,False,1.0,False,3,1,1,364260.0,10000.0,1,1,0.0275,0.0,0.0,0,0,0.00029737,1.922e-05,-,0.1344,0.2034,0.162,0.0,0.0
100000002956769100,terminal,0.575,9,0.4989,"Получил 840 тыс ₸ от 3 плательщиков (3 перевода), дальше ушло 0%; 100% поступило 30–31 июля — август не виден",484,"R5: out/in=0.00≤0.1, in=840 тыс ₸",-,truncated_time,False,0.0,False,3,3,0,840000.0,0.0,3,0,0.0,-1.0,0.0,0,0,0.00038478,0.0,burst_in;late_inflow,0.1006,0.2284,0.1366,0.0,0.0333
100000003989033100,transit,0.568,14,0.4989,"4-е колено, исходящие не выгружены; получил 373 тыс ₸ от 1 плательщика (13 переводов). У узлов колен 1–3 с таким профилем пересылают дальше 57%",485,T4: p_forward=0.57≥0.5 (оценка),terminal,truncated_depth,True,0.568,False,4,1,0,373400.0,0.0,13,0,0.0,-1.0,0.0,0,0,0.00059892,0.0,truncated,0.1193,0.2033,0.1763,0.0,0.0
100000004905207100,terminal,0.84,10,0.4984,"Получил 380 тыс ₸ от 1 плательщика (1 перевод), дальше ушло 0%",486,"R5: out/in=0.00≤0.1, in=380 тыс ₸",-,confirmed_sink,False,0.0,False,2,1,0,380000.0,0.0,1,0,0.0,-1.0,0.0,0,0,0.0004347,0.0,-,0.147,0.2042,0.1472,0.0,0.0
100000003406094100,transit,0.606,6,0.4983,"Получил 70 тыс ₸ от 1 плательщика (4 перевода), отправил 47 тыс ₸ 3 получателям (3 перевода); дальше ушло 67%; 10% полученного ушло за ≤2 дн",487,R4: out/in=0.67≥0.5,-,not_sink,False,1.0,False,3,1,3,70000.0,47000.0,4,3,0.6714,0.1,0.0,0,0,0.00077815,3.884e-05,in_cycle,0.1273,0.1528,0.1849,0.0,0.0333
100000006641671100,transit,0.982,8,0.4982,"Получил 22 тыс ₸ от 2 плательщиков (2 перевода), отправил 25 тыс ₸ 1 получателю (3 перевода); дальше ушло 114%; 91% полученного ушло за ≤2 дн",488,R4: out/in=1.14∈[0.8;1.2],-,not_sink,False,1.0,False,3,2,1,22000.0,25000.0,2,3,1.1364,0.9091,3000.0,0,0,0.00043999,5.45e-06,fast_transit,0.2062,0.1016,0.157,0.0,0.0333
100000005473151100,peripheral,0.05,12,0.4979,"Смешанный профиль: получил 1,22 млн ₸ от 3 плательщиков (4 перевода), отправил 225 тыс ₸ 4 получателям (6 переводов); дальше ушло 18%; seed среди плательщиков: 1",489,R6: out/in=0.18 между 0.1 и 0.5,-,not_sink,False,1.0,False,1,3,4,1220000.0,225000.0,4,6,0.1844,0.168,0.0,1,0,0.00046827,0.0002416,in_cycle,0.0018,0.2375,0.1919,0.0333,0.0333
100000002956779100,terminal,0.848,5,0.4973,"Получил 411 тыс ₸ от 1 плательщика (1 перевод), дальше ушло 0%",490,"R5: out/in=0.00≤0.1, in=411 тыс ₸",-,confirmed_sink,False,0.0,False,3,1,0,411000.0,0.0,1,0,0.0,-1.0,0.0,0,0,0.00040311,0.0,-,0.1484,0.2072,0.1416,0.0,0.0
100000001222245100,transit,0.568,3,0.4967,"4-е колено, исходящие не выгружены; получил 420 тыс ₸ от 1 плательщика (5 переводов). У узлов колен 1–3 с таким профилем пересылают дальше 57%",491,T4: p_forward=0.57≥0.5 (оценка),terminal,truncated_depth,True,0.568,False,4,1,0,420000.0,0.0,5,0,0.0,-1.0,0.0,0,0,0.00054916,0.0,truncated,0.1193,0.208,0.1694,0.0,0.0
100000004737764100,terminal,0.538,5,0.4966,"Получил 600 тыс ₸ от 1 плательщика (1 перевод), дальше ушло 0%; 100% поступило 30–31 июля — август не виден",492,"R5: out/in=0.00≤0.1, in=600 тыс ₸",-,truncated_time,False,0.0,False,3,1,0,600000.0,0.0,1,0,0.0,-1.0,0.0,0,0,0.00067662,0.0,late_inflow,0.0942,0.2213,0.1812,0.0,0.0
100000004586598100,terminal,0.598,49,0.4964,"4-е колено, исходящие не выгружены; получил 761 тыс ₸ от 1 плательщика (4 перевода). У узлов колен 1–3 с таким профилем пересылают дальше 40%",493,T4: p_forward=0.40<0.5 (оценка по коленам 1–3),transit,truncated_depth,True,0.402,False,4,1,0,761255.0,0.0,4,0,0.0,-1.0,0.0,0,0,0.00053927,0.0,truncated,0.1046,0.2259,0.1659,0.0,0.0
100000008579978100,transit,0.876,3,0.4964,"Получил 34 тыс ₸ от 1 плательщика (1 перевод), отправил 77 тыс ₸ 1 получателю (6 переводов); отправил в 2,3× больше полученного → есть невидимые входящие; 79% полученного ушло за ≤2 дн",494,R4: out/in=2.26>1.2 (невидимые входящие),-,not_sink,False,1.0,False,3,1,1,34000.0,77000.0,1,6,2.2647,0.7941,43000.0,0,0,0.00028667,1.922e-05,-,0.184,0.1505,0.162,0.0,0.0
100000004226848100,terminal,0.82,5,0.4963,"Получил 302 тыс ₸ от 1 плательщика (1 перевод), дальше ушло 0%; seed среди плательщиков: 1",495,"R5: out/in=0.00≤0.1, in=302 тыс ₸",-,confirmed_sink,False,0.0,False,1,1,0,301866.0,0.0,1,0,0.0,-1.0,0.0,1,0,0.00034601,0.0,-,0.1435,0.1956,0.1238,0.0333,0.0
100000002945626100,terminal,0.893,2,0.496,"Получил 584 тыс ₸ от 3 плательщиков (3 перевода), дальше ушло 0%",496,"R5: out/in=0.00≤0.1, in=584 тыс ₸",-,confirmed_sink,False,0.0,False,3,3,0,584000.0,0.0,3,0,0.0,-1.0,0.0,0,0,0.00033776,0.0,-,0.1563,0.2202,0.1195,0.0,0.0
100000007841978100,terminal,0.738,3,0.4958,"4-е колено, исходящие не выгружены; получил 449 тыс ₸ от 1 плательщика (1 перевод). У узлов колен 1–3 с таким профилем пересылают дальше 26%",497,T4: p_forward=0.26<0.5 (оценка по коленам 1–3),transit,truncated_depth,True,0.262,False,4,1,0,449000.0,0.0,1,0,0.0,-1.0,0.0,0,0,0.00050632,0.0,truncated,0.1291,0.2105,0.1561,0.0,0.0
100000008650785100,transit,0.6,6,0.495,"Получил 92 тыс ₸ от 2 плательщиков (2 перевода), отправил 120 тыс ₸ 2 получателям (2 перевода); отправил в 1,3× больше полученного → есть невидимые входящие; 61% полученного ушло за ≤2 дн",498,R4: out/in=1.31>1.2 (невидимые входящие),-,not_sink,False,1.0,True,0,2,2,92000.0,120120.0,2,2,1.3057,0.6141,28120.0,1,1,0.00061252,2.242e-05,-,0.1134,0.1618,0.1597,0.06,0.0
100000002958343100,peripheral,0.05,7,0.4949,"Смешанный профиль: получил 2,90 млн ₸ от 1 плательщика (4 перевода), отправил 1,39 млн ₸ 2 получателям (17 переводов); дальше ушло 48%",499,R6: out/in=0.48 между 0.1 и 0.5,-,not_sink,False,1.0,False,2,1,2,2900000.0,1390000.0,4,17,0.4793,0.0517,0.0,0,0,0.00062951,4e-07,in_cycle;repeat_route,0.0018,0.2478,0.1787,0.0,0.0667
100000008759857100,transit,0.5,13,0.4939,"Получил 5 тыс ₸ от 1 плательщика (1 перевод), отправил 994 тыс ₸ 2 получателям (3 перевода); отправил в 198,8× больше полученного → есть невидимые входящие",500,R4: out/in=198.80>1.2 (невидимые входящие),-,not_sink,False,1.0,False,3,1,2,5000.0,994000.0,1,3,198.8,0.0,989000.0,0,0,0.00028633,7.3e-06,unseen_inflow,0.105,0.2314,0.1575,0.0,0.0
100000005616568100,terminal,0.738,3,0.4938,"4-е колено, исходящие не выгружены; получил 530 тыс ₸ от 1 плательщика (1 перевод). У узлов колен 1–3 с таким профилем пересылают дальше 26%",501,T4: p_forward=0.26<0.5 (оценка по коленам 1–3),transit,truncated_depth,True,0.262,False,4,1,0,530000.0,0.0,1,0,0.0,-1.0,0.0,0,0,0.00043196,0.0,truncated,0.1291,0.2181,0.1465,0.0,0.0
100000002686226100,terminal,0.598,17,0.4937,"4-е колено, исходящие не выгружены; получил 430 тыс ₸ от 1 плательщика (2 перевода). У узлов колен 1–3 с таким профилем пересылают дальше 40%",502,T4: p_forward=0.40<0.5 (оценка по коленам 1–3),transit,truncated_depth,True,0.402,False,4,1,0,430000.0,0.0,2,0,0.0,-1.0,0.0,0,0,0.00065462,0.0,truncated,0.1046,0.2087,0.1803,0.0,0.0
100000002793881100,terminal,0.567,2,0.4934,"Получил 786 тыс ₸ от 3 плательщиков (3 перевода), дальше ушло 0%; 100% поступило 30–31 июля — август не виден",503,"R5: out/in=0.00≤0.1, in=786 тыс ₸",-,truncated_time,False,0.0,False,3,3,0,785600.0,0.0,3,0,0.0,-1.0,0.0,0,0,0.00037508,0.0,burst_in;late_inflow,0.0992,0.2265,0.1343,0.0,0.0333
100000002594214100,terminal,0.738,26,0.4931,"4-е колено, исходящие не выгружены; получил 1,00 млн ₸ от 1 плательщика (1 перевод). У узлов колен 1–3 с таким профилем пересылают дальше 26%",504,T4: p_forward=0.26<0.5 (оценка по коленам 1–3),transit,truncated_depth,True,0.262,False,4,1,0,1000000.0,0.0,1,0,0.0,-1.0,0.0,0,0,0.00036706,0.0,truncated,0.1291,0.2317,0.1322,0.0,0.0
100000004644615100,transit,0.63,14,0.4931,"Получил 51 тыс ₸ от 1 плательщика (1 перевод), отправил 380 тыс ₸ 2 получателям (14 переводов); отправил в 7,5× больше полученного → есть невидимые входящие; 34% полученного ушло за ≤2 дн",505,R4: out/in=7.47>1.2 (невидимые входящие),-,not_sink,False,1.0,False,3,1,2,50810.0,379665.0,1,14,7.4722,0.3425,328855.0,0,0,0.00037437,1.19e-06,unseen_inflow,0.1323,0.2089,0.152,0.0,0.0
100000008379273100,transit,0.8,12,0.493,"Получил 36 тыс ₸ от 2 плательщиков (2 перевода), отправил 38 тыс ₸ 4 получателям (4 перевода); дальше ушло 106%",506,R4: out/in=1.06∈[0.8;1.2],-,not_sink,False,1.0,False,3,2,4,36000.0,38000.0,2,4,1.0556,0.0,2000.0,0,0,0.00029902,0.00170051,-,0.168,0.1274,0.1976,0.0,0.0
100000005367445100,transit,1.0,2,0.4927,"Получил 5 тыс ₸ от 1 плательщика (1 перевод), отправил 5 тыс ₸ 1 получателю (1 перевод); дальше ушло 100%; 100% полученного ушло за ≤2 дн",507,R4: out/in=1.00∈[0.8;1.2],-,not_sink,False,1.0,False,3,1,1,5000.0,5000.0,1,1,1.0,1.0,0.0,0,0,0.001843,0.0,fast_transit;in_cycle,0.21,0.0197,0.1964,0.0,0.0667
100000004979498100,peripheral,0.081,29,0.4926,"Смешанный профиль: получил 700 тыс ₸ от 1 плательщика (2 перевода), отправил 200 тыс ₸ 1 получателю (1 перевод); дальше ушло 29%",508,R6: out/in=0.29 между 0.1 и 0.5,-,not_sink,False,1.0,False,2,1,1,700000.0,200000.0,2,1,0.2857,0.2857,0.0,0,1,0.00131898,0.0,in_cycle,0.0028,0.2297,0.1934,0.0333,0.0333
100000003254723100,terminal,0.812,5,0.4919,"Получил 270 тыс ₸ от 1 плательщика (6 переводов), дальше ушло 0%",509,"R5: out/in=0.00≤0.1, in=270 тыс ₸",-,confirmed_sink,False,0.0,False,2,1,0,269850.0,0.0,6,0,0.0,-1.0,0.0,0,0,0.00053004,0.0,-,0.1421,0.1905,0.1593,0.0,0.0
100000003001564100,transit,0.559,6,0.4918,"Получил 24 тыс ₸ от 1 плательщика (1 перевод), отправил 180 тыс ₸ 1 получателю (1 перевод); отправил в 7,7× больше полученного → есть невидимые входящие; seed среди плательщиков: 1",510,R4: out/in=7.65>1.2 (невидимые входящие),-,not_sink,False,1.0,False,1,1,1,23520.0,180000.0,1,1,7.6531,0.0,156480.0,1,0,0.0002881,1.922e-05,unseen_inflow,0.1174,0.179,0.162,0.0333,0.0
100000001601320100,transit,0.8,7,0.4916,"Получил 44 тыс ₸ от 2 плательщиков (2 перевода), отправил 46 тыс ₸ 1 получателю (1 перевод); дальше ушло 106%",511,R4: out/in=1.06∈[0.8;1.2],-,not_sink,False,1.0,False,2,2,1,43500.0,46200.0,2,1,1.0621,0.0,2700.0,0,0,0.00081176,9.9e-07,-,0.168,0.1373,0.1862,0.0,0.0
100000000922570100,transit,0.8,28,0.4915,"Получил 47 тыс ₸ от 1 плательщика (1 перевод), отправил 50 тыс ₸ 1 получателю (1 перевод); дальше ушло 106%; seed среди плательщиков: 1",512,R4: out/in=1.06∈[0.8;1.2],-,not_sink,False,1.0,False,1,1,1,47101.0,50000.0,1,1,1.0615,0.0,2899.0,1,0,0.00029339,2e-07,-,0.168,0.1429,0.1472,0.0333,0.0
100000007617808100,terminal,0.858,6,0.4906,"Получил 450 тыс ₸ от 1 плательщика (1 перевод), дальше ушло 0%",513,"R5: out/in=0.00≤0.1, in=450 тыс ₸",-,confirmed_sink,False,0.0,False,2,1,0,450000.0,0.0,1,0,0.0,-1.0,0.0,0,0,0.0003601,0.0,-,0.1501,0.211,0.1294,0.0,0.0
100000004816564100,terminal,0.772,19,0.4905,"Получил 285 тыс ₸ от 1 плательщика (1 перевод), дальше ушло 2%",514,"R5: out/in=0.02≤0.1, in=285 тыс ₸",-,confirmed_sink,False,1.0,False,2,1,1,285480.0,5000.0,1,1,0.0175,0.0175,0.0,0,0,0.00037639,1.922e-05,-,0.1351,0.1934,0.162,0.0,0.0
100000001985793100,terminal,0.851,24,0.4904,"Получил 420 тыс ₸ от 1 плательщика (1 перевод), дальше ушло 0%",515,"R5: out/in=0.00≤0.1, in=420 тыс ₸",-,confirmed_sink,False,0.0,False,2,1,0,420000.0,0.0,1,0,0.0,-1.0,0.0,0,0,0.00037266,0.0,-,0.1489,0.208,0.1335,0.0,0.0
100000002391278100,transit,0.884,24,0.4898,"Получил 30 тыс ₸ от 1 плательщика (5 переводов), отправил 53 тыс ₸ 1 получателю (2 перевода); отправил в 1,8× больше полученного → есть невидимые входящие; 67% полученного ушло за ≤2 дн",516,R4: out/in=1.76>1.2 (невидимые входящие),-,not_sink,False,1.0,False,3,1,1,30000.0,52700.0,5,2,1.7567,0.6667,22700.0,0,0,0.00039132,0.0,in_cycle,0.1856,0.1322,0.1386,0.0,0.0333
100000001471706100,transit,0.568,33,0.4895,"4-е колено, исходящие не выгружены; получил 377 тыс ₸ от 1 плательщика (8 переводов). У узлов колен 1–3 с таким профилем пересылают дальше 57%",517,T4: p_forward=0.57≥0.5 (оценка),terminal,truncated_depth,True,0.568,False,4,1,0,377000.0,0.0,8,0,0.0,-1.0,0.0,0,0,0.00054013,0.0,truncated,0.1193,0.2037,0.1665,0.0,0.0
100000008517061100,terminal,0.598,10,0.4893,"4-е колено, исходящие не выгружены; получил 1,84 млн ₸ от 1 плательщика (4 перевода). У узлов колен 1–3 с таким профилем пересылают дальше 40%",518,T4: p_forward=0.40<0.5 (оценка по коленам 1–3),transit,truncated_depth,True,0.402,False,4,1,0,1844000.0,0.0,4,0,0.0,-1.0,0.0,0,0,0.00041306,0.0,truncated,0.1046,0.2411,0.1435,0.0,0.0
100000000838385100,peripheral,0.113,37,0.4893,"Смешанный профиль: получил 437 тыс ₸ от 1 плательщика (8 переводов), отправил 178 тыс ₸ 2 получателям (6 переводов); дальше ушло 41%",519,R6: out/in=0.41 между 0.1 и 0.5,-,not_sink,False,1.0,False,3,1,2,436900.0,177500.0,8,6,0.4063,0.2804,0.0,0,0,0.00192115,2.18e-05,in_cycle;repeat_route,0.004,0.2218,0.197,0.0,0.0667
100000002257794100,terminal,0.782,27,0.4893,"Получил 154 тыс ₸ от 1 плательщика (1 перевод), дальше ушло 0%",520,"R5: out/in=0.00≤0.1, in=154 тыс ₸",-,confirmed_sink,False,0.0,False,3,1,0,154000.0,0.0,1,0,0.0,-1.0,0.0,0,0,0.00086063,0.0,-,0.1368,0.1651,0.1874,0.0,0.0
100000002922000100,terminal,0.738,30,0.4891,"4-е колено, исходящие не выгружены; получил 448 тыс ₸ от 1 плательщика (1 перевод). У узлов колен 1–3 с таким профилем пересылают дальше 26%",521,T4: p_forward=0.26<0.5 (оценка по коленам 1–3),transit,truncated_depth,True,0.262,False,4,1,0,448000.0,0.0,1,0,0.0,-1.0,0.0,0,0,0.00045972,0.0,truncated,0.1291,0.2103,0.1496,0.0,0.0
100000008473207100,terminal,0.794,5,0.4891,"Получил 202 тыс ₸ от 1 плательщика (4 перевода), дальше ушло 0%",522,"R5: out/in=0.00≤0.1, in=202 тыс ₸",-,confirmed_sink,False,0.0,False,2,1,0,202000.0,0.0,4,0,0.0,-1.0,0.0,0,0,0.00055621,0.0,-,0.139,0.1788,0.1714,0.0,0.0
100000001884825100,terminal,0.87,2,0.4885,"Получил 495 тыс ₸ от 3 плательщиков (3 перевода), дальше ушло 0%",523,"R5: out/in=0.00≤0.1, in=495 тыс ₸",-,confirmed_sink,False,0.0,False,3,3,0,495000.0,0.0,3,0,0.0,-1.0,0.0,0,0,0.0003401,0.0,-,0.1522,0.2152,0.1211,0.0,0.0
100000003886323100,terminal,0.518,6,0.4885,"Получил 78 тыс ₸ от 2 плательщиков (6 переводов), дальше ушло 10%; seed среди плательщиков: 1",524,"R5: out/in=0.10≤0.1, in=78 тыс ₸",-,confirmed_sink,False,1.0,False,1,2,1,78168.0,7650.0,6,1,0.0979,0.0,0.0,1,0,0.00180484,1.922e-05,in_cycle,0.0906,0.1351,0.1961,0.0333,0.0333
100000003104347100,terminal,0.659,25,0.4884,"Получил 418 тыс ₸ от 1 плательщика (1 перевод), дальше ушло 8%",525,"R5: out/in=0.08≤0.1, in=418 тыс ₸",-,confirmed_sink,False,1.0,False,2,1,1,418000.0,32000.0,1,1,0.0766,0.0,0.0,0,0,0.00036432,1.922e-05,-,0.1153,0.211,0.162,0.0,0.0
100000004114962100,terminal,0.785,3,0.4884,"Получил 165 тыс ₸ от 2 плательщиков (2 перевода), дальше ушло 0%",526,"R5: out/in=0.00≤0.1, in=165 тыс ₸",-,confirmed_sink,False,0.0,False,3,2,0,165000.0,0.0,2,0,0.0,-1.0,0.0,0,0,0.00071129,0.0,-,0.1374,0.1684,0.1826,0.0,0.0
100000006232815100,transit,0.6,43,0.4884,"Получил 160 тыс ₸ от 1 плательщика (2 перевода), отправил 296 тыс ₸ 5 получателям (5 переводов); отправил в 1,9× больше полученного → есть невидимые входящие",527,R4: out/in=1.85>1.2 (невидимые входящие),-,not_sink,False,1.0,True,0,1,5,160000.0,296500.0,2,5,1.8531,0.0,136500.0,0,0,0.00055665,2.77e-06,in_cycle,0.1134,0.1907,0.1543,0.0,0.03
100000005475379100,transit,0.624,14,0.4884,"Получил 108 тыс ₸ от 1 плательщика (1 перевод), отправил 81 тыс ₸ 3 получателям (3 перевода); дальше ушло 75%",528,R4: out/in=0.75≥0.5,-,not_sink,False,1.0,False,3,1,3,108370.0,81000.0,1,3,0.7474,0.0,0.0,0,0,0.00042164,6.539e-05,-,0.131,0.174,0.1833,0.0,0.0
100000004035925100,terminal,0.598,39,0.4883,"4-е колено, исходящие не выгружены; получил 1,11 млн ₸ от 1 плательщика (2 перевода). У узлов колен 1–3 с таким профилем пересылают дальше 40%",529,T4: p_forward=0.40<0.5 (оценка по коленам 1–3),transit,truncated_depth,True,0.402,False,4,1,0,1111588.0,0.0,2,0,0.0,-1.0,0.0,0,0,0.00046241,0.0,truncated,0.1046,0.2338,0.1499,0.0,0.0
100000002592567100,transit,0.535,6,0.4882,"Получил 5 тыс ₸ от 1 плательщика (1 перевод), отправил 49 тыс ₸ 2 получателям (2 перевода); отправил в 9,2× больше полученного → есть невидимые входящие; seed среди плательщиков: 1",530,R4: out/in=9.18>1.2 (невидимые входящие),-,not_sink,False,1.0,False,1,1,2,5297.0,48600.0,1,2,9.175,0.0,43303.0,1,1,0.00028614,0.00072025,-,0.1124,0.1133,0.1958,0.0667,0.0
100000002710570100,terminal,0.8,22,0.4878,"Получил 225 тыс ₸ от 1 плательщика (1 перевод), дальше ушло 0%",531,"R5: out/in=0.00≤0.1, in=225 тыс ₸",-,confirmed_sink,False,0.0,False,2,1,0,225015.0,0.0,1,0,0.0,-1.0,0.0,0,0,0.00053913,0.0,-,0.14,0.1821,0.1657,0.0,0.0
100000005363908100,transit,1.0,62,0.4876,"Получил 20 тыс ₸ от 1 плательщика (1 перевод), отправил 20 тыс ₸ 1 получателю (1 перевод); дальше ушло 100%; 100% полученного ушло за ≤2 дн; seed среди плательщиков: 1",532,R4: out/in=1.00∈[0.8;1.2],-,not_sink,False,1.0,False,1,1,1,19500.0,19500.0,1,1,1.0,1.0,0.0,1,0,0.00033852,0.0,fast_transit,0.21,0.091,0.1199,0.0333,0.0333
100000002670860100,terminal,0.858,9,0.4874,"Получил 450 тыс ₸ от 2 плательщиков (2 перевода), дальше ушло 0%; seed среди плательщиков: 1",533,"R5: out/in=0.00≤0.1, in=450 тыс ₸",-,confirmed_sink,False,0.0,False,1,2,0,450000.0,0.0,2,0,0.0,-1.0,0.0,1,0,0.00030895,0.0,-,0.1501,0.211,0.0929,0.0333,0.0
100000002593344100,terminal,0.853,2,0.4872,"Получил 431 тыс ₸ от 2 плательщиков (2 перевода), дальше ушло 0%",534,"R5: out/in=0.00≤0.1, in=431 тыс ₸",-,confirmed_sink,False,0.0,False,3,2,0,431000.0,0.0,2,0,0.0,-1.0,0.0,0,0,0.00035896,0.0,-,0.1493,0.209,0.1289,0.0,0.0
100000002513028100,transit,0.5,63,0.4869,"Получил 10 тыс ₸ от 1 плательщика (1 перевод), отправил 333 тыс ₸ 3 получателям (24 перевода); отправил в 35,0× больше полученного → есть невидимые входящие",535,R4: out/in=35.02>1.2 (невидимые входящие),-,not_sink,False,1.0,False,3,1,3,9500.0,332709.0,1,24,35.022,0.0,323209.0,0,0,0.0003056,6.063e-05,unseen_inflow,0.105,0.1992,0.1827,0.0,0.0
100000001066017100,transit,0.576,1,0.4865,"Получил 136 тыс ₸ от 2 плательщиков (3 перевода), отправил 82 тыс ₸ 4 получателям (4 перевода); дальше ушло 61%; 11% полученного ушло за ≤2 дн",536,R4: out/in=0.61≥0.5,-,not_sink,False,1.0,False,3,2,4,136123.0,82500.0,3,4,0.6061,0.1139,0.0,0,0,0.00030124,7.688e-05,-,0.121,0.1814,0.1841,0.0,0.0
100000007472293100,transit,0.5,50,0.4859,"Получил 5 тыс ₸ от 1 плательщика (1 перевод), отправил 346 тыс ₸ 3 получателям (3 перевода); отправил в 69,2× больше полученного → есть невидимые входящие",537,R4: out/in=69.18>1.2 (невидимые входящие),-,not_sink,False,1.0,False,3,1,3,5000.0,345900.0,1,3,69.18,0.0,340900.0,0,0,0.00028633,4.803e-05,unseen_inflow,0.105,0.2007,0.1802,0.0,0.0
100000008356606100,terminal,0.786,21,0.4858,"Получил 168 тыс ₸ от 2 плательщиков (2 перевода), дальше ушло 0%",538,"R5: out/in=0.00≤0.1, in=168 тыс ₸",-,confirmed_sink,False,0.0,False,2,2,0,168500.0,0.0,2,0,0.0,-1.0,0.0,0,0,0.00062679,0.0,-,0.1376,0.1698,0.1785,0.0,0.0
100000003270419100,terminal,0.781,21,0.4858,"Получил 150 тыс ₸ от 1 плательщика (1 перевод), дальше ушло 0%",539,"R5: out/in=0.00≤0.1, in=150 тыс ₸",-,confirmed_sink,False,0.0,False,3,1,0,150000.0,0.0,1,0,0.0,-1.0,0.0,0,0,0.00083348,0.0,-,0.1367,0.1626,0.1866,0.0,0.0
100000001138283100,transit,0.653,8,0.4857,"Получил 82 тыс ₸ от 1 плательщика (1 перевод), отправил 50 тыс ₸ 2 получателям (2 перевода); дальше ушло 61%; 49% полученного ушло за ≤2 дн",540,R4: out/in=0.61≥0.5,-,not_sink,False,1.0,False,3,1,2,81805.0,50000.0,1,2,0.6112,0.489,0.0,0,0,0.00030221,1.902e-05,in_cycle,0.1371,0.1568,0.1585,0.0,0.0333
100000008582730100,transit,1.0,16,0.4852,"Получил 5 тыс ₸ от 1 плательщика (1 перевод), отправил 5 тыс ₸ 1 получателю (1 перевод); дальше ушло 100%; 100% полученного ушло за ≤2 дн",541,R4: out/in=1.00∈[0.8;1.2],-,not_sink,False,1.0,False,3,1,1,5000.0,5000.0,1,1,1.0,1.0,0.0,0,0,0.00089259,0.0,fast_transit;in_cycle,0.21,0.0197,0.1888,0.0,0.0667
100000003062895100,terminal,0.827,2,0.485,"Получил 328 тыс ₸ от 2 плательщиков (2 перевода), дальше ушло 0%",542,"R5: out/in=0.00≤0.1, in=328 тыс ₸",-,confirmed_sink,False,0.0,False,2,2,0,328444.0,0.0,2,0,0.0,-1.0,0.0,0,0,0.00040765,0.0,-,0.1447,0.1978,0.1424,0.0,0.0
100000001311175100,terminal,0.738,9,0.485,"4-е колено, исходящие не выгружены; получил 300 тыс ₸ от 1 плательщика (1 перевод). У узлов колен 1–3 с таким профилем пересылают дальше 26%",543,T4: p_forward=0.26<0.5 (оценка по коленам 1–3),transit,truncated_depth,True,0.262,False,4,1,0,300000.0,0.0,1,0,0.0,-1.0,0.0,0,0,0.00053151,0.0,truncated,0.1291,0.1946,0.1612,0.0,0.0
100000000724540100,transit,0.733,18,0.4849,"Получил 50 тыс ₸ от 1 плательщика (1 перевод), отправил 100 тыс ₸ 1 получателю (1 перевод); отправил в 2,0× больше полученного → есть невидимые входящие",544,R4: out/in=2.00>1.2 (невидимые входящие),-,not_sink,False,1.0,False,2,1,1,50000.0,100000.0,1,1,2.0,0.0,50000.0,0,0,0.00030963,1.981e-05,-,0.1539,0.1626,0.1684,0.0,0.0
100000007283257100,terminal,0.792,57,0.4846,"Получил 192 тыс ₸ от 1 плательщика (7 переводов), дальше ушло 0%; seed среди плательщиков: 1",545,"R5: out/in=0.00≤0.1, in=192 тыс ₸",-,confirmed_sink,False,0.0,False,1,1,0,192000.0,0.0,7,0,0.0,-1.0,0.0,1,0,0.00038907,0.0,-,0.1386,0.1751,0.1375,0.0333,0.0
100000005602999100,transit,0.872,53,0.4844,"Получил 5 тыс ₸ от 1 плательщика (1 перевод), отправил 16 тыс ₸ 2 получателям (3 перевода); отправил в 3,2× больше полученного → есть невидимые входящие; 100% полученного ушло за ≤2 дн",546,R4: out/in=3.20>1.2 (невидимые входящие),-,not_sink,False,1.0,False,2,1,2,5000.0,16000.0,1,3,3.2,1.0,11000.0,0,0,0.00030485,4.201e-05,fast_transit;in_cycle,0.1831,0.0555,0.1791,0.0,0.0667
100000002308091100,terminal,0.79,9,0.4843,"Получил 187 тыс ₸ от 1 плательщика (1 перевод), дальше ушло 0%",547,"R5: out/in=0.00≤0.1, in=187 тыс ₸",-,confirmed_sink,False,0.0,False,3,1,0,186720.0,0.0,1,0,0.0,-1.0,0.0,0,0,0.00056111,0.0,-,0.1382,0.1735,0.1726,0.0,0.0
100000003171006100,terminal,0.867,2,0.4838,"Получил 485 тыс ₸ от 2 плательщиков (2 перевода), дальше ушло 0%",548,"R5: out/in=0.00≤0.1, in=485 тыс ₸",-,confirmed_sink,False,0.0,False,3,2,0,485000.0,0.0,2,0,0.0,-1.0,0.0,0,0,0.00033497,0.0,-,0.1517,0.2141,0.118,0.0,0.0
100000003158727100,terminal,0.837,7,0.4835,"Получил 368 тыс ₸ от 3 плательщиков (3 перевода), дальше ушло 0%; seed среди плательщиков: 1",549,"R5: out/in=0.00≤0.1, in=368 тыс ₸",-,confirmed_sink,False,0.0,False,1,3,0,367940.0,0.0,3,0,0.0,-1.0,0.0,1,0,0.00031413,0.0,-,0.1465,0.2024,0.1012,0.0333,0.0
100000008469048100,transit,0.568,1,0.4834,"4-е колено, исходящие не выгружены; получил 265 тыс ₸ от 1 плательщика (7 переводов). У узлов колен 1–3 с таким профилем пересылают дальше 57%",550,T4: p_forward=0.57≥0.5 (оценка),terminal,truncated_depth,True,0.568,False,4,1,0,265200.0,0.0,7,0,0.0,-1.0,0.0,0,0,0.00057881,0.0,truncated,0.1193,0.1896,0.1745,0.0,0.0
100000001924185100,consolidator,0.5,14,0.4827,"Получает от 2 плательщиков: 151 тыс ₸, 2 перевода (в среднем 76 тыс ₸); seed среди плательщиков: 2; дальше не отправлял",551,R3: seed-плательщиков=2≥2,terminal,confirmed_sink,False,0.0,False,1,2,0,151000.0,0.0,2,0,0.0,-1.0,0.0,2,0,0.00031022,0.0,-,0.1575,0.1637,0.0948,0.0667,0.0
100000003899899100,terminal,0.684,6,0.4826,"Получил 218 тыс ₸ от 2 плательщиков (5 переводов), дальше ушло 5%",552,"R5: out/in=0.05≤0.1, in=218 тыс ₸",-,confirmed_sink,False,1.0,False,3,2,1,218500.0,10000.0,5,1,0.0458,0.0458,0.0,0,0,0.00065398,1.942e-05,-,0.1197,0.1826,0.1802,0.0,0.0
100000003025903100,transit,0.568,3,0.4819,"4-е колено, исходящие не выгружены; получил 386 тыс ₸ от 1 плательщика (6 переводов). У узлов колен 1–3 с таким профилем пересылают дальше 57%",553,T4: p_forward=0.57≥0.5 (оценка),terminal,truncated_depth,True,0.568,False,4,1,0,386300.0,0.0,6,0,0.0,-1.0,0.0,0,0,0.00052645,0.0,truncated,0.1193,0.2047,0.1579,0.0,0.0
100000005272139100,terminal,0.738,6,0.4819,"4-е колено, исходящие не выгружены; получил 165 тыс ₸ от 1 плательщика (1 перевод). У узлов колен 1–3 с таким профилем пересылают дальше 26%",554,T4: p_forward=0.26<0.5 (оценка по коленам 1–3),transit,truncated_depth,True,0.262,False,4,1,0,165000.0,0.0,1,0,0.0,-1.0,0.0,0,0,0.00075553,0.0,truncated,0.1291,0.1684,0.1843,0.0,0.0
100000005958064100,transit,0.5,10,0.4819,"Получил 6 тыс ₸ от 1 плательщика (1 перевод), отправил 164 тыс ₸ 2 получателям (3 перевода); отправил в 28,5× больше полученного → есть невидимые входящие; seed среди плательщиков: 1",555,R4: out/in=28.54>1.2 (невидимые входящие),-,not_sink,False,1.0,False,1,1,2,5746.0,163986.84,1,3,28.5393,0.0,158240.84,1,0,0.00028619,2.513e-05,unseen_inflow,0.105,0.17,0.1736,0.0333,0.0
100000008566737100,terminal,0.802,8,0.4818,"Получил 230 тыс ₸ от 2 плательщиков (2 перевода), дальше ушло 0%; seed среди плательщиков: 1",556,"R5: out/in=0.00≤0.1, in=230 тыс ₸",-,confirmed_sink,False,0.0,False,1,2,0,230000.0,0.0,2,0,0.0,-1.0,0.0,1,0,0.00034946,0.0,-,0.1404,0.183,0.1251,0.0333,0.0
100000005519347100,transit,0.6,6,0.4817,"Получил 73 тыс ₸ от 2 плательщиков (2 перевода), отправил 99 тыс ₸ 1 получателю (1 перевод); отправил в 1,4× больше полученного → есть невидимые входящие; seed среди плательщиков: 1",557,R4: out/in=1.35>1.2 (невидимые входящие),-,not_sink,False,1.0,True,0,2,1,73100.0,99000.0,2,1,1.3543,0.0,25900.0,1,1,0.00055672,1.52e-06,-,0.1134,0.1539,0.1544,0.06,0.0
100000007322059100,transit,0.745,64,0.4816,"Получил 29 тыс ₸ от 2 плательщиков (2 перевода), отправил 22 тыс ₸ 1 получателю (2 перевода); дальше ушло 78%; 53% полученного ушло за ≤2 дн",558,R4: out/in=0.78≥0.5,-,not_sink,False,1.0,False,2,2,1,29000.0,22500.0,2,2,0.7759,0.5345,0.0,0,0,0.00068016,4.003e-05,in_cycle,0.1564,0.1105,0.1813,0.0,0.0333
100000003985389100,transit,0.568,8,0.4815,"4-е колено, исходящие не выгружены; получил 423 тыс ₸ от 1 плательщика (16 переводов). У узлов колен 1–3 с таким профилем пересылают дальше 57%",559,T4: p_forward=0.57≥0.5 (оценка),terminal,truncated_depth,True,0.568,False,4,1,0,422698.0,0.0,16,0,0.0,-1.0,0.0,0,0,0.00049036,0.0,truncated,0.1193,0.2082,0.154,0.0,0.0
100000003975102100,transit,0.6,6,0.4815,"Получил 26 тыс ₸ от 1 плательщика (1 перевод), отправил 88 тыс ₸ 2 получателям (2 перевода); отправил в 3,5× больше полученного → есть невидимые входящие; 100% полученного ушло за ≤2 дн",560,R4: out/in=3.45>1.2 (невидимые входящие),-,not_sink,False,1.0,True,0,1,2,25650.0,88500.0,1,2,3.4503,1.0,62850.0,0,2,0.00034547,5.91e-06,fast_transit,0.1134,0.1367,0.1414,0.06,0.03
100000003014659100,terminal,0.814,14,0.4814,"Получил 280 тыс ₸ от 1 плательщика (1 перевод), дальше ушло 0%; seed среди плательщиков: 1",561,"R5: out/in=0.00≤0.1, in=280 тыс ₸",-,confirmed_sink,False,0.0,False,1,1,0,280000.0,0.0,1,0,0.0,-1.0,0.0,1,0,0.00032804,0.0,-,0.1424,0.1916,0.1141,0.0333,0.0
100000003603979100,terminal,0.785,27,0.481,"Получил 165 тыс ₸ от 1 плательщика (3 перевода), дальше ушло 0%",562,"R5: out/in=0.00≤0.1, in=165 тыс ₸",-,confirmed_sink,False,0.0,False,2,1,0,165000.0,0.0,3,0,0.0,-1.0,0.0,0,0,0.00058565,0.0,-,0.1374,0.1684,0.1752,0.0,0.0
100000003920950100,terminal,0.826,7,0.4808,"Получил 323 тыс ₸ от 1 плательщика (1 перевод), дальше ушло 0%",563,"R5: out/in=0.00≤0.1, in=323 тыс ₸",-,confirmed_sink,False,0.0,False,3,1,0,323290.0,0.0,1,0,0.0,-1.0,0.0,0,0,0.00039173,0.0,-,0.1445,0.1975,0.1388,0.0,0.0
100000004726132100,terminal,0.66,1,0.4807,"Получил 349 тыс ₸ от 1 плательщика (1 перевод), дальше ушло 7%",564,"R5: out/in=0.07≤0.1, in=349 тыс ₸",-,confirmed_sink,False,1.0,False,3,1,1,349000.0,24000.0,1,2,0.0688,0.0,0.0,0,0,0.00031652,1.922e-05,-,0.1155,0.2032,0.162,0.0,0.0
100000008418835100,peripheral,0.05,19,0.4806,"Смешанный профиль: получил 1,37 млн ₸ от 1 плательщика (67 переводов), отправил 186 тыс ₸ 4 получателям (6 переводов); дальше ушло 14%; seed среди плательщиков: 1",565,R6: out/in=0.14 между 0.1 и 0.5,-,not_sink,False,1.0,True,0,1,4,1372000.0,186179.0,67,6,0.1357,0.116,0.0,1,1,0.00052859,0.00031664,repeat_route,0.0016,0.2149,0.1742,0.06,0.03
100000003366471100,terminal,0.676,8,0.4805,"Получил 330 тыс ₸ от 2 плательщиков (5 переводов), дальше ушло 6%",566,"R5: out/in=0.06≤0.1, in=330 тыс ₸",-,confirmed_sink,False,1.0,False,3,2,1,329789.0,20000.0,5,1,0.0606,0.0606,0.0,0,0,0.00036049,1.922e-05,-,0.1183,0.2002,0.162,0.0,0.0
100000003692843100,terminal,0.598,55,0.4803,"4-е колено, исходящие не выгружены; получил 510 тыс ₸ от 1 плательщика (2 перевода). У узлов колен 1–3 с таким профилем пересылают дальше 40%",567,T4: p_forward=0.40<0.5 (оценка по коленам 1–3),transit,truncated_depth,True,0.402,False,4,1,0,510000.0,0.0,2,0,0.0,-1.0,0.0,0,0,0.0005295,0.0,truncated,0.1046,0.2169,0.1588,0.0,0.0
100000005844459100,terminal,0.805,1,0.4803,"Получил 243 тыс ₸ от 2 плательщиков (2 перевода), дальше ушло 0%; seed среди плательщиков: 1",568,"R5: out/in=0.00≤0.1, in=243 тыс ₸",-,confirmed_sink,False,0.0,False,1,2,0,243400.0,0.0,2,0,0.0,-1.0,0.0,1,0,0.00033808,0.0,-,0.1409,0.1864,0.1197,0.0333,0.0
100000004674799100,terminal,0.778,1,0.4802,"Получил 140 тыс ₸ от 1 плательщика (5 переводов), дальше ушло 0%",569,"R5: out/in=0.00≤0.1, in=140 тыс ₸",-,confirmed_sink,False,0.0,False,2,1,0,140000.0,0.0,5,0,0.0,-1.0,0.0,0,0,0.00079067,0.0,-,0.1362,0.1588,0.1852,0.0,0.0
100000008244300100,consolidator,0.545,3,0.48,"Получает от 5 плательщиков: 65 тыс ₸, 6 переводов (в среднем 11 тыс ₸); seed среди плательщиков: 1; дальше не отправлял",570,R3: in_deg=5≥4,terminal,confirmed_sink,False,0.0,False,1,5,0,65430.0,0.0,6,0,0.0,-1.0,0.0,1,0,0.00047937,0.0,-,0.1717,0.1224,0.1526,0.0333,0.0
100000003470579100,terminal,0.598,23,0.4797,"4-е колено, исходящие не выгружены; получил 357 тыс ₸ от 1 плательщика (2 перевода). У узлов колен 1–3 с таким профилем пересылают дальше 40%",571,T4: p_forward=0.40<0.5 (оценка по коленам 1–3),transit,truncated_depth,True,0.402,False,4,1,0,357000.0,0.0,2,0,0.0,-1.0,0.0,0,0,0.00056853,0.0,truncated,0.1046,0.2017,0.1733,0.0,0.0
100000005264874100,transit,0.699,61,0.4794,"Получил 30 тыс ₸ от 1 плательщика (1 перевод), отправил 78 тыс ₸ 2 получателям (3 перевода); отправил в 2,6× больше полученного → есть невидимые входящие",572,R4: out/in=2.60>1.2 (невидимые входящие),-,not_sink,False,1.0,False,3,1,2,30000.0,78000.0,1,3,2.6,0.0,48000.0,0,0,0.00042829,7.9e-07,in_cycle,0.1468,0.1489,0.1504,0.0,0.0333
100000002508637100,terminal,0.756,18,0.4793,"Получил 306 тыс ₸ от 1 плательщика (1 перевод), дальше ушло 3%",573,"R5: out/in=0.03≤0.1, in=306 тыс ₸",-,confirmed_sink,False,1.0,False,3,1,1,306410.0,8000.0,1,1,0.0261,0.0,0.0,0,0,0.00030739,7.9e-07,-,0.1323,0.1966,0.1504,0.0,0.0
100000002575080100,transit,0.992,19,0.4792,"Получил 13 тыс ₸ от 1 плательщика (1 перевод), отправил 12 тыс ₸ 1 получателю (1 перевод); дальше ушло 96%; 96% полученного ушло за ≤2 дн",574,R4: out/in=0.96∈[0.8;1.2],-,not_sink,False,1.0,False,3,1,1,13000.0,12500.0,1,1,0.9615,0.9615,0.0,0,0,0.00055182,1.981e-05,fast_transit,0.2083,0.0674,0.1702,0.0,0.0333
100000008680731100,distributor,0.67,28,0.479,"Веерная раздача: 1,46 млн ₸ 27 получателям (28 переводов, в среднем 52 тыс ₸); входящие вне выборки; 9 получателей за один день (14.07)",575,R2: out_deg=27≥10 и ≥3×in_deg,-,not_sink,False,1.0,True,0,0,27,0.0,1464354.0,0,28,-1.0,-1.0,1464354.0,0,0,0.00028557,0.0,burst_out,0.1688,0.2141,0.0661,0.0,0.03
100000001960517100,terminal,0.794,7,0.4789,"Получил 200 тыс ₸ от 1 плательщика (1 перевод), дальше ушло 0%; seed среди плательщиков: 1",576,"R5: out/in=0.00≤0.1, in=200 тыс ₸",-,confirmed_sink,False,0.0,False,1,1,0,200000.0,0.0,1,0,0.0,-1.0,0.0,1,0,0.00035922,0.0,-,0.139,0.1777,0.129,0.0333,0.0
100000000910216100,transit,0.616,5,0.4786,"Получил 71 тыс ₸ от 1 плательщика (3 перевода), отправил 52 тыс ₸ 1 получателю (1 перевод); дальше ушло 73%",577,R4: out/in=0.73≥0.5,-,not_sink,False,1.0,False,2,1,1,71000.0,52010.0,3,1,0.7325,0.0,0.0,0,0,0.00032324,0.00048016,-,0.1294,0.1546,0.1947,0.0,0.0
100000007536804100,transit,0.615,7,0.4784,"Получил 100 тыс ₸ от 1 плательщика (1 перевод), отправил 55 тыс ₸ 2 получателям (2 перевода); дальше ушло 55%; 45% полученного ушло за ≤2 дн; seed среди плательщиков: 1",578,R4: out/in=0.55≥0.5,-,not_sink,False,1.0,False,1,1,2,100000.0,55000.0,1,2,0.55,0.45,0.0,1,0,0.0002913,7.9e-07,-,0.1291,0.1655,0.1504,0.0333,0.0
100000001439416100,transit,0.5,8,0.478,"Получил 10 тыс ₸ от 1 плательщика (1 перевод), отправил 165 тыс ₸ 2 получателям (3 перевода); отправил в 16,5× больше полученного → есть невидимые входящие",579,R4: out/in=16.50>1.2 (невидимые входящие),-,not_sink,False,1.0,False,3,1,2,10000.0,165000.0,1,3,16.5,0.0,155000.0,0,0,0.0003409,1.981e-05,in_cycle;unseen_inflow,0.105,0.1713,0.1684,0.0,0.0333
100000004368189100,terminal,0.658,9,0.4779,"Получил 385 тыс ₸ от 1 плательщика (1 перевод), дальше ушло 7%",580,"R5: out/in=0.07≤0.1, in=385 тыс ₸",-,confirmed_sink,False,1.0,False,3,1,2,384600.0,28200.0,1,2,0.0733,0.0564,0.0,0,0,0.00030389,2.77e-06,-,0.1152,0.2075,0.1552,0.0,0.0
100000001782980100,transit,0.501,43,0.4779,"Получил 50 тыс ₸ от 1 плательщика (1 перевод), отправил 596 тыс ₸ 1 получателю (3 перевода); отправил в 11,9× больше полученного → есть невидимые входящие",581,R4: out/in=11.92>1.2 (невидимые входящие),-,not_sink,False,1.0,False,2,1,1,50000.0,596200.0,1,3,11.924,0.0,546200.0,0,0,0.00037028,5.9e-07,unseen_inflow,0.1052,0.2232,0.1495,0.0,0.0
100000005711521100,terminal,0.738,21,0.4777,"4-е колено, исходящие не выгружены; получил 238 тыс ₸ от 1 плательщика (1 перевод). У узлов колен 1–3 с таким профилем пересылают дальше 26%",582,T4: p_forward=0.26<0.5 (оценка по коленам 1–3),transit,truncated_depth,True,0.262,False,4,1,0,238000.0,0.0,1,0,0.0,-1.0,0.0,0,0,0.00053384,0.0,truncated,0.1291,0.1852,0.1633,0.0,0.0
100000005375968100,transit,0.538,1,0.4772,"Получил 170 тыс ₸ от 1 плательщика (1 перевод), отправил 86 тыс ₸ 2 получателям (4 перевода); дальше ушло 51%; 18% полученного ушло за ≤2 дн",583,R4: out/in=0.51≥0.5,-,not_sink,False,1.0,False,3,1,2,170082.0,86000.0,1,4,0.5056,0.1764,0.0,0,0,0.00029515,3.844e-05,-,0.113,0.1885,0.1758,0.0,0.0
100000005756189100,transit,0.778,3,0.4772,"Получил 65 тыс ₸ от 1 плательщика (1 перевод), отправил 49 тыс ₸ 1 получателю (1 перевод); дальше ушло 75%; 75% полученного ушло за ≤2 дн",584,R4: out/in=0.75≥0.5,-,not_sink,False,1.0,False,3,1,1,65000.0,49050.0,1,1,0.7546,0.7546,0.0,0,0,0.00028768,1.922e-05,-,0.1634,0.1518,0.162,0.0,0.0
100000002633108100,terminal,0.825,10,0.4763,"Получил 320 тыс ₸ от 1 плательщика (3 перевода), дальше ушло 0%",585,"R5: out/in=0.00≤0.1, in=320 тыс ₸",-,confirmed_sink,False,0.0,False,3,1,0,320000.0,0.0,3,0,0.0,-1.0,0.0,0,0,0.00037602,0.0,-,0.1444,0.1973,0.1346,0.0,0.0
100000002635780100,terminal,0.784,7,0.4759,"Получил 163 тыс ₸ от 1 плательщика (1 перевод), дальше ушло 0%",586,"R5: out/in=0.00≤0.1, in=163 тыс ₸",-,confirmed_sink,False,0.0,False,2,1,0,163000.02,0.0,1,0,0.0,-1.0,0.0,0,0,0.00055539,0.0,-,0.1372,0.1675,0.1712,0.0,0.0
100000004451012100,transit,0.61,16,0.4754,"Получил 91 тыс ₸ от 1 плательщика (1 перевод), отправил 66 тыс ₸ 3 получателям (3 перевода); дальше ушло 72%",587,R4: out/in=0.72≥0.5,-,not_sink,False,1.0,False,3,1,3,91245.0,65740.0,1,3,0.7205,0.0,0.0,0,0,0.00030117,5.766e-05,-,0.1281,0.1661,0.1812,0.0,0.0
100000005409156100,terminal,0.809,3,0.4752,"Получил 260 тыс ₸ от 2 плательщиков (2 перевода), дальше ушло 0%",588,"R5: out/in=0.00≤0.1, in=260 тыс ₸",-,confirmed_sink,False,0.0,False,3,2,0,260080.0,0.0,2,0,0.0,-1.0,0.0,0,0,0.00042393,0.0,-,0.1416,0.1892,0.1445,0.0,0.0
100000008676812100,terminal,0.802,16,0.4752,"Получил 231 тыс ₸ от 1 плательщика (1 перевод), дальше ушло 0%",589,"R5: out/in=0.00≤0.1, in=231 тыс ₸",-,confirmed_sink,False,0.0,False,3,1,0,230800.0,0.0,1,0,0.0,-1.0,0.0,0,0,0.00047313,0.0,-,0.1404,0.1834,0.1514,0.0,0.0
100000004587414100,terminal,0.88,3,0.475,"Получил 534 тыс ₸ от 2 плательщиков (2 перевода), дальше ушло 0%",590,"R5: out/in=0.00≤0.1, in=534 тыс ₸",-,confirmed_sink,False,0.0,False,3,2,0,533603.0,0.0,2,0,0.0,-1.0,0.0,0,0,0.00031487,0.0,-,0.154,0.2183,0.1027,0.0,0.0
100000002831727100,transit,0.7,16,0.4749,"Получил 6 тыс ₸ от 1 плательщика (1 перевод), отправил 77 тыс ₸ 1 получателю (3 перевода); отправил в 12,8× больше полученного → есть невидимые входящие; 100% полученного ушло за ≤2 дн",591,R4: out/in=12.83>1.2 (невидимые входящие),-,not_sink,False,1.0,False,2,1,1,6000.0,77000.0,1,3,12.8333,1.0,71000.0,0,0,0.00029075,1.922e-05,fast_transit,0.147,0.1326,0.162,0.0,0.0333
100000003831324100,terminal,0.82,7,0.4745,"Получил 300 тыс ₸ от 2 плательщиков (2 перевода), дальше ушло 0%; seed среди плательщиков: 1",592,"R5: out/in=0.00≤0.1, in=300 тыс ₸",-,confirmed_sink,False,0.0,False,1,2,0,300000.0,0.0,2,0,0.0,-1.0,0.0,1,0,0.00031519,0.0,-,0.1435,0.1946,0.103,0.0333,0.0
100000007534354100,transit,0.683,14,0.4745,"Получил 50 тыс ₸ от 1 плательщика (1 перевод), отправил 148 тыс ₸ 3 получателям (3 перевода); отправил в 3,0× больше полученного → есть невидимые входящие",593,R4: out/in=2.96>1.2 (невидимые входящие),-,not_sink,False,1.0,False,2,1,3,50000.0,147810.0,1,3,2.9562,0.0,97810.0,0,0,0.00030355,2.38e-06,-,0.1434,0.176,0.155,0.0,0.0
100000002356167100,terminal,0.574,3,0.4743,"Получил 300 тыс ₸ от 1 плательщика (1 перевод), дальше ушло 10%",594,"R5: out/in=0.10≤0.1, in=300 тыс ₸",-,confirmed_sink,False,1.0,False,3,1,2,300000.0,29500.0,1,3,0.0983,0.0183,0.0,0,0,0.00029529,3.844e-05,-,0.1004,0.1981,0.1758,0.0,0.0
100000003037476100,transit,0.6,2,0.4742,"4-е колено, исходящие не выгружены; получил 555 тыс ₸ от 3 плательщиков (3 перевода). У узлов колен 1–3 с таким профилем пересылают дальше 62%",595,T4: p_forward=0.62≥0.5 (оценка),terminal,truncated_depth,True,0.621,False,4,3,0,555000.0,0.0,3,0,0.0,-1.0,0.0,0,0,0.00035935,0.0,truncated,0.126,0.2191,0.1291,0.0,0.0
100000000926078100,terminal,0.738,8,0.474,"4-е колено, исходящие не выгружены; получил 250 тыс ₸ от 1 плательщика (1 перевод). У узлов колен 1–3 с таким профилем пересылают дальше 26%",596,T4: p_forward=0.26<0.5 (оценка по коленам 1–3),transit,truncated_depth,True,0.262,False,4,1,0,250000.0,0.0,1,0,0.0,-1.0,0.0,0,0,0.00051656,0.0,truncated,0.1291,0.1876,0.1572,0.0,0.0
100000008516839100,terminal,0.782,33,0.474,"Получил 155 тыс ₸ от 3 плательщиков (4 перевода), дальше ушло 0%; seed среди плательщиков: 1",597,"R5: out/in=0.00≤0.1, in=155 тыс ₸",-,confirmed_sink,False,0.0,True,0,3,0,155000.0,0.0,4,0,0.0,-1.0,0.0,1,0,0.00106958,0.0,-,0.1232,0.1489,0.1719,0.03,0.0
100000002648315100,transit,0.538,7,0.474,"Получил 132 тыс ₸ от 1 плательщика (1 перевод), отправил 76 тыс ₸ 2 получателям (3 перевода); дальше ушло 58%; seed среди плательщиков: 1",598,R4: out/in=0.58≥0.5,-,not_sink,False,1.0,False,1,1,2,132000.0,76000.0,1,3,0.5758,0.0,0.0,1,0,0.00029314,4e-07,-,0.113,0.1794,0.1484,0.0333,0.0
100000002194320100,terminal,0.738,48,0.4734,"4-е колено, исходящие не выгружены; получил 275 тыс ₸ от 1 плательщика (1 перевод). У узлов колен 1–3 с таким профилем пересылают дальше 26%",599,T4: p_forward=0.26<0.5 (оценка по коленам 1–3),transit,truncated_depth,True,0.262,False,4,1,0,275000.0,0.0,1,0,0.0,-1.0,0.0,0,0,0.00048657,0.0,truncated,0.1291,0.1908,0.1535,0.0,0.0
100000000733940100,terminal,0.598,22,0.4732,"4-е колено, исходящие не выгружены; получил 752 тыс ₸ от 1 плательщика (2 перевода). У узлов колен 1–3 с таким профилем пересылают дальше 40%",600,T4: p_forward=0.40<0.5 (оценка по коленам 1–3),transit,truncated_depth,True,0.402,False,4,1,0,752000.0,0.0,2,0,0.0,-1.0,0.0,0,0,0.00041119,0.0,truncated,0.1046,0.2255,0.143,0.0,0.0
100000002214664100,transit,0.728,11,0.4731,"Получил 8 тыс ₸ от 1 плательщика (1 перевод), отправил 77 тыс ₸ 1 получателю (2 перевода); отправил в 9,7× больше полученного → есть невидимые входящие; 100% полученного ушло за ≤2 дн",601,R4: out/in=9.68>1.2 (невидимые входящие),-,not_sink,False,1.0,False,3,1,1,7950.0,76950.0,1,2,9.6792,1.0,69000.0,0,0,0.00028681,1.39e-06,fast_transit,0.1529,0.134,0.1528,0.0,0.0333
100000000896111100,terminal,0.816,4,0.4726,"Получил 287 тыс ₸ от 1 плательщика (1 перевод), дальше ушло 0%",602,"R5: out/in=0.00≤0.1, in=287 тыс ₸",-,confirmed_sink,False,0.0,False,3,1,0,287100.0,0.0,1,0,0.0,-1.0,0.0,0,0,0.00038717,0.0,-,0.1428,0.1927,0.1371,0.0,0.0
100000003042994100,terminal,0.816,6,0.4726,"Получил 286 тыс ₸ от 1 плательщика (3 перевода), дальше ушло 0%; seed среди плательщиков: 1",603,"R5: out/in=0.00≤0.1, in=286 тыс ₸",-,confirmed_sink,False,0.0,False,1,1,0,286086.0,0.0,3,0,0.0,-1.0,0.0,1,0,0.00031633,0.0,-,0.1428,0.1925,0.104,0.0333,0.0
100000002991079100,terminal,0.596,6,0.4726,"Получил 149 тыс ₸ от 2 плательщиков (3 перевода), дальше ушло 7%; seed среди плательщиков: 1",604,"R5: out/in=0.07≤0.1, in=149 тыс ₸",-,confirmed_sink,False,1.0,False,1,2,1,148900.0,11000.0,3,1,0.0739,0.0739,0.0,1,0,0.00039517,1.981e-05,-,0.1043,0.1665,0.1684,0.0333,0.0
100000002479804100,transit,0.734,5,0.4726,"Получил 46 тыс ₸ от 1 плательщика (1 перевод), отправил 35 тыс ₸ 2 получателям (2 перевода); дальше ушло 77%; 50% полученного ушло за ≤2 дн; seed среди плательщиков: 1",605,R4: out/in=0.77≥0.5,-,not_sink,False,1.0,False,1,1,2,46000.0,35300.0,1,2,0.7674,0.5,0.0,1,0,0.00029697,1.78e-06,-,0.1541,0.1309,0.1542,0.0333,0.0
100000000821507100,terminal,0.845,15,0.4725,"Получил 400 тыс ₸ от 1 плательщика (1 перевод), дальше ушло 0%",606,"R5: out/in=0.00≤0.1, in=400 тыс ₸",-,confirmed_sink,False,0.0,False,2,1,0,400000.0,0.0,1,0,0.0,-1.0,0.0,0,0,0.00033554,0.0,-,0.1479,0.2064,0.1182,0.0,0.0
100000008136608100,terminal,0.738,12,0.4725,"4-е колено, исходящие не выгружены; получил 170 тыс ₸ от 1 плательщика (1 перевод). У узлов колен 1–3 с таким профилем пересылают дальше 26%",607,T4: p_forward=0.26<0.5 (оценка по коленам 1–3),transit,truncated_depth,True,0.262,False,4,1,0,170000.0,0.0,1,0,0.0,-1.0,0.0,0,0,0.00056438,0.0,truncated,0.1291,0.1704,0.173,0.0,0.0
100000002335358100,terminal,0.778,6,0.4724,"Получил 140 тыс ₸ от 1 плательщика (2 перевода), дальше ушло 0%",608,"R5: out/in=0.00≤0.1, in=140 тыс ₸",-,confirmed_sink,False,0.0,False,2,1,0,140000.0,0.0,2,0,0.0,-1.0,0.0,0,0,0.00061249,0.0,-,0.1362,0.1588,0.1774,0.0,0.0
100000002815005100,terminal,0.865,2,0.4719,"Получил 476 тыс ₸ от 1 плательщика (1 перевод), дальше ушло 0%",609,"R5: out/in=0.00≤0.1, in=476 тыс ₸",-,confirmed_sink,False,0.0,False,3,1,0,476500.0,0.0,1,0,0.0,-1.0,0.0,0,0,0.00031901,0.0,-,0.1514,0.2135,0.107,0.0,0.0
100000003896956100,transit,0.894,6,0.4716,"Получил 10 тыс ₸ от 1 плательщика (1 перевод), отправил 27 тыс ₸ 1 получателю (2 перевода); отправил в 2,7× больше полученного → есть невидимые входящие; 100% полученного ушло за ≤2 дн",610,R4: out/in=2.70>1.2 (невидимые входящие),-,not_sink,False,1.0,False,3,1,1,10000.0,27000.0,1,2,2.7,1.0,17000.0,0,0,0.00028856,1.922e-05,fast_transit,0.1877,0.0885,0.162,0.0,0.0333
100000004559194100,terminal,0.815,6,0.4715,"Получил 282 тыс ₸ от 1 плательщика (6 переводов), дальше ушло 0%; seed среди плательщиков: 1",611,"R5: out/in=0.00≤0.1, in=282 тыс ₸",-,confirmed_sink,False,0.0,False,1,1,0,282145.0,0.0,6,0,0.0,-1.0,0.0,1,0,0.0003159,0.0,-,0.1426,0.1919,0.1036,0.0333,0.0
100000000254336100,transit,0.682,1,0.4715,"Получил 97 тыс ₸ от 2 плательщиков (2 перевода), отправил 60 тыс ₸ 1 получателю (1 перевод); дальше ушло 62%; 62% полученного ушло за ≤2 дн",612,R4: out/in=0.62≥0.5,-,not_sink,False,1.0,False,3,2,1,97177.0,60000.0,2,1,0.6174,0.6174,0.0,0,0,0.00029194,1.922e-05,-,0.1432,0.1663,0.162,0.0,0.0
100000003060517100,terminal,0.824,17,0.4712,"Получил 316 тыс ₸ от 1 плательщика (1 перевод), дальше ушло 0%",613,"R5: out/in=0.00≤0.1, in=316 тыс ₸",-,confirmed_sink,False,0.0,False,3,1,0,315955.0,0.0,1,0,0.0,-1.0,0.0,0,0,0.00036188,0.0,-,0.1442,0.1968,0.1302,0.0,0.0
100000002956898100,terminal,0.817,19,0.4712,"Получил 290 тыс ₸ от 2 плательщиков (2 перевода), дальше ушло 0%",614,"R5: out/in=0.00≤0.1, in=290 тыс ₸",-,confirmed_sink,False,0.0,False,2,2,0,290240.0,0.0,2,0,0.0,-1.0,0.0,0,0,0.00037684,0.0,-,0.143,0.1933,0.135,0.0,0.0
100000007749092100,transit,0.535,6,0.4712,"Получил 8 тыс ₸ от 1 плательщика (1 перевод), отправил 70 тыс ₸ 1 получателю (5 переводов); отправил в 9,2× больше полученного → есть невидимые входящие",615,R4: out/in=9.20>1.2 (невидимые входящие),-,not_sink,False,1.0,False,2,1,1,7650.0,70375.0,1,5,9.1993,0.0,62725.0,0,0,0.00180442,0.0,in_cycle,0.1124,0.1296,0.196,0.0,0.0333
100000008332511100,terminal,0.768,7,0.4709,"Получил 100 тыс ₸ от 1 плательщика (1 перевод), дальше ушло 0%",616,"R5: out/in=0.00≤0.1, in=100 тыс ₸",-,confirmed_sink,False,0.0,False,3,1,0,100000.0,0.0,1,0,0.0,-1.0,0.0,0,0,0.00111278,0.0,-,0.1344,0.145,0.1915,0.0,0.0
100000005911352100,transit,0.763,67,0.4708,"Получил 15 тыс ₸ от 2 плательщиков (2 перевода), отправил 24 тыс ₸ 3 получателям (3 перевода); отправил в 1,6× больше полученного → есть невидимые входящие",617,R4: out/in=1.60>1.2 (невидимые входящие),-,not_sink,False,1.0,False,2,2,3,15000.0,24000.0,2,3,1.6,0.0,9000.0,0,0,0.00055173,9.749e-05,in_cycle,0.1602,0.091,0.1863,0.0,0.0333
100000002860934100,terminal,0.598,37,0.4706,"4-е колено, исходящие не выгружены; получил 280 тыс ₸ от 1 плательщика (4 перевода). У узлов колен 1–3 с таким профилем пересылают дальше 40%",618,T4: p_forward=0.40<0.5 (оценка по коленам 1–3),transit,truncated_depth,True,0.402,False,4,1,0,279500.0,0.0,4,0,0.0,-1.0,0.0,0,0,0.00058144,0.0,truncated,0.1046,0.1912,0.1747,0.0,0.0
100000008223756100,terminal,0.828,8,0.4705,"Получил 332 тыс ₸ от 2 плательщиков (2 перевода), дальше ушло 0%",619,"R5: out/in=0.00≤0.1, in=332 тыс ₸",-,confirmed_sink,False,0.0,False,3,2,0,331682.0,0.0,2,0,0.0,-1.0,0.0,0,0,0.00035628,0.0,-,0.1449,0.1982,0.1274,0.0,0.0
100000003191430100,terminal,0.789,6,0.4704,"Получил 180 тыс ₸ от 1 плательщика (1 перевод), дальше ушло 0%",620,"R5: out/in=0.00≤0.1, in=180 тыс ₸",-,confirmed_sink,False,0.0,False,2,1,0,180000.0,0.0,1,0,0.0,-1.0,0.0,0,0,0.00053074,0.0,-,0.1381,0.1722,0.1601,0.0,0.0
100000004006327100,terminal,0.598,2,0.4703,"4-е колено, исходящие не выгружены; получил 300 тыс ₸ от 1 плательщика (3 перевода). У узлов колен 1–3 с таким профилем пересылают дальше 40%",621,T4: p_forward=0.40<0.5 (оценка по коленам 1–3),transit,truncated_depth,True,0.402,False,4,1,0,300000.0,0.0,3,0,0.0,-1.0,0.0,0,0,0.00055497,0.0,truncated,0.1046,0.1946,0.171,0.0,0.0
100000000810551100,terminal,0.591,5,0.4702,"Получил 100 тыс ₸ от 1 плательщика (1 перевод), дальше ушло 7%; seed среди плательщиков: 1",622,"R5: out/in=0.07≤0.1, in=100 тыс ₸",-,confirmed_sink,False,1.0,False,1,1,1,100000.0,7100.0,1,1,0.071,0.0,0.0,1,0,0.00030559,7.77e-05,-,0.1034,0.1487,0.1848,0.0333,0.0
100000006564102100,terminal,0.802,5,0.4698,"Получил 233 тыс ₸ от 1 плательщика (1 перевод), дальше ушло 0%",623,"R5: out/in=0.00≤0.1, in=233 тыс ₸",-,confirmed_sink,False,0.0,False,2,1,0,233235.0,0.0,1,0,0.0,-1.0,0.0,0,0,0.0004281,0.0,-,0.1404,0.1839,0.1456,0.0,0.0
100000002677201100,transit,0.542,2,0.4697,"Получил 150 тыс ₸ от 1 плательщика (1 перевод), отправил 88 тыс ₸ 1 получателю (1 перевод); дальше ушло 58%",624,R4: out/in=0.58≥0.5,-,not_sink,False,1.0,False,3,1,1,150000.0,87750.0,1,1,0.585,0.0,0.0,0,0,0.00030891,2.14e-05,-,0.1138,0.1851,0.1709,0.0,0.0
100000002214383100,terminal,0.738,11,0.4696,"4-е колено, исходящие не выгружены; получил 213 тыс ₸ от 1 плательщика (1 перевод). У узлов колен 1–3 с таким профилем пересылают дальше 26%",625,T4: p_forward=0.26<0.5 (оценка по коленам 1–3),transit,truncated_depth,True,0.262,False,4,1,0,213000.0,0.0,1,0,0.0,-1.0,0.0,0,0,0.00053087,0.0,truncated,0.1291,0.1799,0.1605,0.0,0.0
100000003031761100,terminal,0.861,18,0.4691,"Получил 460 тыс ₸ от 1 плательщика (1 перевод), дальше ушло 0%",626,"R5: out/in=0.00≤0.1, in=460 тыс ₸",-,confirmed_sink,False,0.0,False,3,1,0,460408.0,0.0,1,0,0.0,-1.0,0.0,0,0,0.00031836,0.0,-,0.1507,0.2124,0.106,0.0,0.0
100000008335401100,terminal,0.781,12,0.4689,"Получил 150 тыс ₸ от 1 плательщика (3 перевода), дальше ушло 0%",627,"R5: out/in=0.00≤0.1, in=150 тыс ₸",-,confirmed_sink,False,0.0,False,2,1,0,150000.0,0.0,3,0,0.0,-1.0,0.0,0,0,0.00055123,0.0,-,0.1367,0.1626,0.1697,0.0,0.0
100000008514970100,terminal,0.636,18,0.4688,"Получил 380 тыс ₸ от 1 плательщика (1 перевод), дальше ушло 8%",628,"R5: out/in=0.08≤0.1, in=380 тыс ₸",-,confirmed_sink,False,1.0,False,3,1,1,379966.0,31000.0,1,1,0.0816,0.0816,0.0,0,0,0.00031263,7.9e-07,-,0.1113,0.2071,0.1504,0.0,0.0
100000004784224100,transit,0.635,4,0.4686,"Получил 24 тыс ₸ от 1 плательщика (2 перевода), отправил 100 тыс ₸ 1 получателю (1 перевод); отправил в 4,3× больше полученного → есть невидимые входящие; seed среди плательщиков: 1",629,R4: out/in=4.26>1.2 (невидимые входящие),-,not_sink,False,1.0,False,1,1,1,23500.0,100000.0,2,1,4.2553,0.0,76500.0,1,0,0.0003048,2e-07,-,0.1334,0.1547,0.1472,0.0333,0.0
100000002736316100,terminal,0.811,1,0.4684,"Получил 267 тыс ₸ от 3 плательщиков (3 перевода), дальше ушло 0%",630,"R5: out/in=0.00≤0.1, in=267 тыс ₸",-,confirmed_sink,False,0.0,False,3,3,0,266921.0,0.0,3,0,0.0,-1.0,0.0,0,0,0.00038382,0.0,-,0.1419,0.1902,0.1363,0.0,0.0
100000008760098100,transit,0.5,13,0.4683,"Получил 7 тыс ₸ от 1 плательщика (1 перевод), отправил 390 тыс ₸ 1 получателю (1 перевод); отправил в 55,7× больше полученного → есть невидимые входящие",631,R4: out/in=55.71>1.2 (невидимые входящие),-,not_sink,False,1.0,False,3,1,1,7000.0,390000.0,1,1,55.7143,0.0,383000.0,0,0,0.00028664,7.3e-06,unseen_inflow,0.105,0.2057,0.1575,0.0,0.0
100000008695157100,terminal,0.598,8,0.468,"4-е колено, исходящие не выгружены; получил 426 тыс ₸ от 1 плательщика (3 перевода). У узлов колен 1–3 с таким профилем пересылают дальше 40%",632,T4: p_forward=0.40<0.5 (оценка по коленам 1–3),transit,truncated_depth,True,0.402,False,4,1,0,425546.0,0.0,3,0,0.0,-1.0,0.0,0,0,0.00049752,0.0,truncated,0.1046,0.2085,0.1548,0.0,0.0
100000003289405100,terminal,0.834,5,0.4679,"Получил 355 тыс ₸ от 1 плательщика (1 перевод), дальше ушло 0%",633,"R5: out/in=0.00≤0.1, in=355 тыс ₸",-,confirmed_sink,False,0.0,False,2,1,0,355000.0,0.0,1,0,0.0,-1.0,0.0,0,0,0.000339,0.0,-,0.146,0.2015,0.1205,0.0,0.0
100000007747786100,distributor,0.71,7,0.4678,"Веерная раздача: 4,24 млн ₸ 31 получателю (35 переводов, в среднем 121 тыс ₸); входящие вне выборки",634,R2: out_deg=31≥10 и ≥3×in_deg,-,not_sink,False,1.0,True,0,0,31,0.0,4238009.4,0,35,-1.0,-1.0,4238009.4,0,0,0.00028557,0.0,-,0.1789,0.2228,0.0661,0.0,0.0
100000000817146100,terminal,0.76,6,0.4675,"Получил 70 тыс ₸ от 1 плательщика (1 перевод), дальше ушло 0%; seed среди плательщиков: 1",635,"R5: out/in=0.00≤0.1, in=70 тыс ₸",-,confirmed_sink,False,0.0,False,1,1,0,70020.0,0.0,1,0,0.0,-1.0,0.0,1,0,0.00058947,0.0,-,0.133,0.1257,0.1755,0.0333,0.0
100000002596035100,terminal,0.802,14,0.4664,"Получил 232 тыс ₸ от 1 плательщика (1 перевод), дальше ушло 0%; seed среди плательщиков: 1",636,"R5: out/in=0.00≤0.1, in=232 тыс ₸",-,confirmed_sink,False,0.0,False,1,1,0,231570.0,0.0,1,0,0.0,-1.0,0.0,1,0,0.00032069,0.0,-,0.1404,0.1836,0.1091,0.0333,0.0
100000001689968100,terminal,0.831,3,0.4655,"Получил 344 тыс ₸ от 3 плательщиков (3 перевода), дальше ушло 0%",637,"R5: out/in=0.00≤0.1, in=344 тыс ₸",-,confirmed_sink,False,0.0,False,3,3,0,344333.75,0.0,3,0,0.0,-1.0,0.0,0,0,0.00033914,0.0,-,0.1454,0.1994,0.1206,0.0,0.0
100000003178549100,peripheral,0.205,17,0.4653,"Смешанный профиль: получил 250 тыс ₸ от 2 плательщиков (2 перевода), отправил 89 тыс ₸ 4 получателям (4 перевода); дальше ушло 36%",638,R6: out/in=0.36 между 0.1 и 0.5,-,not_sink,False,1.0,False,3,2,4,250000.0,89080.0,2,4,0.3563,0.0,0.0,0,1,0.00035216,0.00027212,in_cycle,0.0072,0.1988,0.1926,0.0333,0.0333
100000008349675100,transit,0.723,7,0.4653,"Получил 47 тыс ₸ от 1 плательщика (1 перевод), отправил 37 тыс ₸ 1 получателю (2 перевода); дальше ушло 79%; 40% полученного ушло за ≤2 дн; seed среди плательщиков: 1",639,R4: out/in=0.79≥0.5,-,not_sink,False,1.0,False,1,1,1,46520.0,36650.0,1,2,0.7878,0.3977,0.0,1,0,0.00028824,2e-07,-,0.1518,0.1329,0.1472,0.0333,0.0
100000008088082100,transit,0.792,21,0.4653,"Получил 39 тыс ₸ от 1 плательщика (1 перевод), отправил 50 тыс ₸ 1 получателю (1 перевод); отправил в 1,3× больше полученного → есть невидимые входящие",640,R4: out/in=1.28>1.2 (невидимые входящие),-,not_sink,False,1.0,False,3,1,1,39138.0,50000.0,1,1,1.2775,0.0,10862.0,0,0,0.00030006,1.922e-05,-,0.1663,0.137,0.162,0.0,0.0
100000001831496100,transit,0.5,14,0.4653,"Получил 25 тыс ₸ от 1 плательщика (1 перевод), отправил 373 тыс ₸ 1 получателю (1 перевод); отправил в 14,9× больше полученного → есть невидимые входящие",641,R4: out/in=14.92>1.2 (невидимые входящие),-,not_sink,False,1.0,False,3,1,1,25000.0,373000.0,1,1,14.92,0.0,348000.0,0,0,0.00029264,1.85e-06,unseen_inflow,0.105,0.2059,0.1544,0.0,0.0
100000007281639100,terminal,0.798,6,0.4652,"Получил 217 тыс ₸ от 2 плательщиков (4 перевода), дальше ушло 0%; seed среди плательщиков: 1",642,"R5: out/in=0.00≤0.1, in=217 тыс ₸",-,confirmed_sink,False,0.0,False,1,2,0,216770.0,0.0,4,0,0.0,-1.0,0.0,1,0,0.00032357,0.0,-,0.1396,0.1808,0.1114,0.0333,0.0
100000003221510100,transit,0.614,1,0.4648,"Получил 24 тыс ₸ от 1 плательщика (1 перевод), отправил 120 тыс ₸ 2 получателям (3 перевода); отправил в 5,0× больше полученного → есть невидимые входящие",643,R4: out/in=5.00>1.2 (невидимые входящие),-,not_sink,False,1.0,False,3,1,2,24000.0,120000.0,1,3,5.0,0.0,96000.0,0,0,0.00028692,3.844e-05,-,0.1289,0.1601,0.1758,0.0,0.0
100000006492770100,terminal,0.626,1,0.4647,"Получил 269 тыс ₸ от 1 плательщика (1 перевод), дальше ушло 7%",644,"R5: out/in=0.07≤0.1, in=269 тыс ₸",-,confirmed_sink,False,1.0,False,3,1,1,269000.0,20000.0,1,1,0.0743,0.0743,0.0,0,0,0.00030072,1.922e-05,-,0.1096,0.1932,0.162,0.0,0.0
100000005077484100,terminal,0.555,43,0.4646,"Получил 150 тыс ₸ от 1 плательщика (1 перевод), дальше ушло 9%",645,"R5: out/in=0.09≤0.1, in=150 тыс ₸",-,confirmed_sink,False,1.0,False,2,1,2,150000.0,13550.0,1,2,0.0903,0.047,0.0,0,0,0.00053971,4e-07,in_cycle,0.0971,0.1678,0.1663,0.0,0.0333
100000003795588100,terminal,0.845,1,0.4641,"Получил 400 тыс ₸ от 1 плательщика (2 перевода), дальше ушло 0%",646,"R5: out/in=0.00≤0.1, in=400 тыс ₸",-,confirmed_sink,False,0.0,False,3,1,0,400000.0,0.0,2,0,0.0,-1.0,0.0,0,0,0.00032104,0.0,-,0.1479,0.2064,0.1098,0.0,0.0
100000002704875100,terminal,0.805,8,0.4638,"Получил 245 тыс ₸ от 3 плательщиков (4 перевода), дальше ушло 0%; seed среди плательщиков: 1",647,"R5: out/in=0.00≤0.1, in=245 тыс ₸",-,confirmed_sink,False,0.0,False,1,3,0,244891.0,0.0,4,0,0.0,-1.0,0.0,1,0,0.00031507,0.0,-,0.1409,0.1866,0.1029,0.0333,0.0
100000002691583100,terminal,0.816,23,0.4633,"Получил 285 тыс ₸ от 1 плательщика (1 перевод), дальше ушло 0%",648,"R5: out/in=0.00≤0.1, in=285 тыс ₸",-,confirmed_sink,False,0.0,False,3,1,0,285200.0,0.0,1,0,0.0,-1.0,0.0,0,0,0.00035709,0.0,-,0.1428,0.1924,0.1281,0.0,0.0
100000004479404100,peripheral,0.05,30,0.4632,"Смешанный профиль: получил 1,49 млн ₸ от 2 плательщиков (8 переводов), отправил 300 тыс ₸ 1 получателю (2 перевода); дальше ушло 20%",649,R6: out/in=0.20 между 0.1 и 0.5,-,not_sink,False,1.0,False,2,2,1,1492000.0,300000.0,8,2,0.2011,0.0,0.0,0,0,0.00086671,9.61e-05,in_cycle,0.0018,0.2405,0.1875,0.0,0.0333
100000002958286100,terminal,0.809,12,0.4631,"Получил 257 тыс ₸ от 1 плательщика (1 перевод), дальше ушло 0%; seed среди плательщиков: 1",650,"R5: out/in=0.00≤0.1, in=257 тыс ₸",-,confirmed_sink,False,0.0,False,1,1,0,257000.0,0.0,1,0,0.0,-1.0,0.0,1,0,0.00031317,0.0,-,0.1416,0.1886,0.0996,0.0333,0.0
100000000561160100,terminal,0.738,5,0.4624,"4-е колено, исходящие не выгружены; получил 240 тыс ₸ от 1 плательщика (1 перевод). У узлов колен 1–3 с таким профилем пересылают дальше 26%",651,T4: p_forward=0.26<0.5 (оценка по коленам 1–3),transit,truncated_depth,True,0.262,False,4,1,0,240000.0,0.0,1,0,0.0,-1.0,0.0,0,0,0.00043625,0.0,truncated,0.1291,0.1858,0.1474,0.0,0.0
100000002109656100,terminal,0.871,9,0.4623,"Получил 500 тыс ₸ от 1 плательщика (1 перевод), дальше ушло 0%",652,"R5: out/in=0.00≤0.1, in=500 тыс ₸",-,confirmed_sink,False,0.0,False,3,1,0,500000.0,0.0,1,0,0.0,-1.0,0.0,0,0,0.00030939,0.0,-,0.1524,0.2161,0.0938,0.0,0.0
100000002644285100,terminal,0.871,9,0.4623,"Получил 500 тыс ₸ от 1 плательщика (1 перевод), дальше ушло 0%",653,"R5: out/in=0.00≤0.1, in=500 тыс ₸",-,confirmed_sink,False,0.0,False,3,1,0,500000.0,0.0,1,0,0.0,-1.0,0.0,0,0,0.00030939,0.0,-,0.1524,0.2161,0.0938,0.0,0.0
100000004732589100,terminal,0.801,14,0.462,"Получил 228 тыс ₸ от 1 плательщика (1 перевод), дальше ушло 0%",654,"R5: out/in=0.00≤0.1, in=228 тыс ₸",-,confirmed_sink,False,0.0,False,2,1,0,227520.0,0.0,1,0,0.0,-1.0,0.0,0,0,0.00039397,0.0,-,0.1402,0.1824,0.1394,0.0,0.0
100000000288317100,transit,0.55,8,0.462,"Получил 100 тыс ₸ от 2 плательщиков (2 перевода), отправил 54 тыс ₸ 3 получателям (3 перевода); дальше ушло 54%; 16% полученного ушло за ≤2 дн",655,R4: out/in=0.54≥0.5,-,not_sink,False,1.0,False,3,2,3,100000.0,53500.0,2,3,0.535,0.165,0.0,0,0,0.00031283,5.826e-05,-,0.1155,0.1648,0.1817,0.0,0.0
100000006232642100,terminal,0.598,44,0.4619,"4-е колено, исходящие не выгружены; получил 456 тыс ₸ от 1 плательщика (4 перевода). У узлов колен 1–3 с таким профилем пересылают дальше 40%",656,T4: p_forward=0.40<0.5 (оценка по коленам 1–3),transit,truncated_depth,True,0.402,False,4,1,0,456000.0,0.0,4,0,0.0,-1.0,0.0,0,0,0.00042786,0.0,truncated,0.1046,0.2117,0.1455,0.0,0.0
100000008221765100,terminal,0.738,3,0.4619,"4-е колено, исходящие не выгружены; получил 156 тыс ₸ от 1 плательщика (1 перевод). У узлов колен 1–3 с таким профилем пересылают дальше 26%",657,T4: p_forward=0.26<0.5 (оценка по коленам 1–3),transit,truncated_depth,True,0.262,False,4,1,0,156354.0,0.0,1,0,0.0,-1.0,0.0,0,0,0.00054044,0.0,truncated,0.1291,0.166,0.1667,0.0,0.0
100000001049200100,peripheral,0.396,16,0.4619,"Смешанный профиль: получил 77 тыс ₸ от 2 плательщиков (2 перевода), отправил 36 тыс ₸ 4 получателям (5 переводов); дальше ушло 47%; seed среди плательщиков: 1",658,R6: out/in=0.47 между 0.1 и 0.5,-,not_sink,False,1.0,False,1,2,4,76624.0,36000.0,2,5,0.4698,0.0,0.0,1,1,0.00029829,0.00115965,in_cycle,0.0139,0.151,0.197,0.0667,0.0333
100000008576243100,terminal,0.764,1,0.4615,"Получил 83 тыс ₸ от 2 плательщиков (4 перевода), дальше ушло 0%",659,"R5: out/in=0.00≤0.1, in=83 тыс ₸",-,confirmed_sink,False,0.0,False,3,2,0,82920.0,0.0,4,0,0.0,-1.0,0.0,0,0,0.00165157,0.0,-,0.1337,0.1325,0.1954,0.0,0.0
100000002087788100,terminal,0.768,3,0.4614,"Получил 100 тыс ₸ от 1 плательщика (1 перевод), дальше ушло 0%",660,"R5: out/in=0.00≤0.1, in=100 тыс ₸",-,confirmed_sink,False,0.0,False,2,1,0,100500.0,0.0,1,0,0.0,-1.0,0.0,0,0,0.00065857,0.0,-,0.1344,0.1465,0.1805,0.0,0.0
100000005895525100,terminal,0.773,65,0.4611,"Получил 120 тыс ₸ от 1 плательщика (3 перевода), дальше ушло 0%; seed среди плательщиков: 1",661,"R5: out/in=0.00≤0.1, in=120 тыс ₸",-,confirmed_sink,False,0.0,False,1,1,0,120000.0,0.0,3,0,0.0,-1.0,0.0,1,0,0.00039127,0.0,-,0.1353,0.154,0.1385,0.0333,0.0
100000008388049100,terminal,0.87,9,0.4607,"Получил 496 тыс ₸ от 1 плательщика (1 перевод), дальше ушло 0%",662,"R5: out/in=0.00≤0.1, in=496 тыс ₸",-,confirmed_sink,False,0.0,False,3,1,0,496400.0,0.0,1,0,0.0,-1.0,0.0,0,0,0.00030921,0.0,-,0.1522,0.2153,0.0931,0.0,0.0
100000006638021100,terminal,0.504,50,0.4606,"4-е колено, исходящие не выгружены; получил 388 тыс ₸ от 2 плательщиков (2 перевода). У узлов колен 1–3 с таким профилем пересылают дальше 50%",663,T4: p_forward=0.50<0.5 (оценка по коленам 1–3),transit,truncated_depth,True,0.496,False,4,2,0,388500.0,0.0,2,0,0.0,-1.0,0.0,0,0,0.00054449,0.0,truncated,0.0882,0.205,0.1674,0.0,0.0
100000001904863100,terminal,0.523,10,0.4604,"Получил 500 тыс ₸ от 1 плательщика (1 перевод), дальше ушло 0%; 100% поступило 30–31 июля — август не виден",664,"R5: out/in=0.00≤0.1, in=500 тыс ₸",-,truncated_time,False,0.0,False,2,1,0,500000.0,0.0,1,0,0.0,-1.0,0.0,0,0,0.0004818,0.0,late_inflow,0.0915,0.2161,0.1528,0.0,0.0
100000004386331100,transit,0.8,28,0.4602,"Получил 20 тыс ₸ от 1 плательщика (1 перевод), отправил 18 тыс ₸ 2 получателям (2 перевода); дальше ушло 88%",665,R4: out/in=0.88∈[0.8;1.2],-,not_sink,False,1.0,False,3,1,2,20000.0,17500.0,1,2,0.875,0.0,0.0,0,0,0.00051269,2.021e-05,in_cycle,0.168,0.0894,0.1695,0.0,0.0333
100000001477796100,terminal,0.789,5,0.4595,"Получил 182 тыс ₸ от 1 плательщика (1 перевод), дальше ушло 0%; seed среди плательщиков: 1",666,"R5: out/in=0.00≤0.1, in=182 тыс ₸",-,confirmed_sink,False,0.0,False,1,1,0,182000.0,0.0,1,0,0.0,-1.0,0.0,1,0,0.00033066,0.0,-,0.1381,0.1725,0.1156,0.0333,0.0
100000003031890100,terminal,0.798,27,0.4588,"Получил 215 тыс ₸ от 1 плательщика (10 переводов), дальше ушло 0%",667,"R5: out/in=0.00≤0.1, in=215 тыс ₸",-,confirmed_sink,False,0.0,False,2,1,0,215000.0,0.0,10,0,0.0,-1.0,0.0,0,0,0.00039212,0.0,-,0.1396,0.1803,0.1389,0.0,0.0
100000005815602100,transit,0.549,6,0.4587,"Получил 20 тыс ₸ от 1 плательщика (1 перевод), отправил 165 тыс ₸ 1 получателю (1 перевод); отправил в 8,2× больше полученного → есть невидимые входящие",668,R4: out/in=8.25>1.2 (невидимые входящие),-,not_sink,False,1.0,False,3,1,1,20000.0,165000.0,1,1,8.25,0.0,145000.0,0,0,0.00055217,1.942e-05,unseen_inflow,0.1153,0.1731,0.1703,0.0,0.0
100000003275398100,terminal,0.653,27,0.4586,"Получил 300 тыс ₸ от 1 плательщика (1 перевод), дальше ушло 7%",669,"R5: out/in=0.07≤0.1, in=300 тыс ₸",-,confirmed_sink,False,1.0,False,2,1,1,300000.0,20000.0,1,1,0.0667,0.0,0.0,0,0,0.00043425,0.0,-,0.1143,0.1973,0.1471,0.0,0.0
100000000607731100,transit,0.667,43,0.4586,"Получил 20 тыс ₸ от 1 плательщика (1 перевод), отправил 67 тыс ₸ 1 получателю (1 перевод); отправил в 3,3× больше полученного → есть невидимые входящие; seed среди плательщиков: 1",670,R4: out/in=3.33>1.2 (невидимые входящие),-,not_sink,False,1.0,False,1,1,1,20000.0,66666.0,1,1,3.3333,0.0,46666.0,1,0,0.00031754,5.9e-07,-,0.1401,0.1357,0.1495,0.0333,0.0
100000003031633100,terminal,0.849,2,0.4584,"Получил 414 тыс ₸ от 1 плательщика (2 перевода), дальше ушло 0%",671,"R5: out/in=0.00≤0.1, in=414 тыс ₸",-,confirmed_sink,False,0.0,False,3,1,0,414000.0,0.0,2,0,0.0,-1.0,0.0,0,0,0.00031463,0.0,-,0.1486,0.2077,0.102,0.0,0.0
100000001825934100,transit,0.708,61,0.4584,"Получил 40 тыс ₸ от 1 плательщика (1 перевод), отправил 97 тыс ₸ 1 получателю (1 перевод); отправил в 2,4× больше полученного → есть невидимые входящие",672,R4: out/in=2.42>1.2 (невидимые входящие),-,not_sink,False,1.0,False,3,1,1,40000.0,97000.0,1,1,2.425,0.0,57000.0,0,0,0.00047587,9.9e-07,-,0.1487,0.1579,0.1518,0.0,0.0
100000004722630100,terminal,0.598,45,0.4579,"4-е колено, исходящие не выгружены; получил 340 тыс ₸ от 1 плательщика (2 перевода). У узлов колен 1–3 с таким профилем пересылают дальше 40%",673,T4: p_forward=0.40<0.5 (оценка по коленам 1–3),transit,truncated_depth,True,0.402,False,4,1,0,340000.0,0.0,2,0,0.0,-1.0,0.0,0,0,0.00049219,0.0,truncated,0.1046,0.199,0.1543,0.0,0.0
100000002670960100,terminal,0.866,9,0.4576,"Получил 480 тыс ₸ от 1 плательщика (1 перевод), дальше ушло 0%",674,"R5: out/in=0.00≤0.1, in=480 тыс ₸",-,confirmed_sink,False,0.0,False,3,1,0,480310.0,0.0,1,0,0.0,-1.0,0.0,0,0,0.00030845,0.0,-,0.1516,0.2136,0.0924,0.0,0.0
100000008333492100,terminal,0.738,50,0.4576,"4-е колено, исходящие не выгружены; получил 216 тыс ₸ от 1 плательщика (1 перевод). У узлов колен 1–3 с таким профилем пересылают дальше 26%",675,T4: p_forward=0.26<0.5 (оценка по коленам 1–3),transit,truncated_depth,True,0.262,False,4,1,0,216400.0,0.0,1,0,0.0,-1.0,0.0,0,0,0.00043801,0.0,truncated,0.1291,0.1807,0.1477,0.0,0.0
100000006111439100,transit,0.8,3,0.4573,"Получил 21 тыс ₸ от 3 плательщиков (3 перевода), отправил 24 тыс ₸ 4 получателям (4 перевода); дальше ушло 117%",676,R4: out/in=1.17∈[0.8;1.2],-,not_sink,False,1.0,False,3,3,4,20570.0,24000.0,3,4,1.1667,0.0,3430.0,0,0,0.0003655,1.756e-05,in_cycle,0.168,0.0979,0.1581,0.0,0.0333
100000004610802100,transit,0.568,63,0.457,"4-е колено, исходящие не выгружены; получил 241 тыс ₸ от 1 плательщика (18 переводов). У узлов колен 1–3 с таким профилем пересылают дальше 57%",677,T4: p_forward=0.57≥0.5 (оценка),terminal,truncated_depth,True,0.568,False,4,1,0,241000.0,0.0,18,0,0.0,-1.0,0.0,0,0,0.00047395,0.0,truncated,0.1193,0.1861,0.1516,0.0,0.0
100000008200810100,terminal,0.865,9,0.4569,"Получил 475 тыс ₸ от 1 плательщика (1 перевод), дальше ушло 0%",678,"R5: out/in=0.00≤0.1, in=475 тыс ₸",-,confirmed_sink,False,0.0,False,3,1,0,475000.0,0.0,1,0,0.0,-1.0,0.0,0,0,0.00030819,0.0,-,0.1514,0.2134,0.0922,0.0,0.0
100000002448088100,transit,0.895,52,0.4569,"Получил 20 тыс ₸ от 3 плательщиков (3 перевода), отправил 25 тыс ₸ 1 получателю (1 перевод); отправил в 1,2× больше полученного → есть невидимые входящие; 50% полученного ушло за ≤2 дн",679,R4: out/in=1.25>1.2 (невидимые входящие),-,not_sink,False,1.0,False,3,3,1,20000.0,25000.0,3,1,1.25,0.5,5000.0,0,0,0.00050866,2.081e-05,-,0.188,0.0988,0.1701,0.0,0.0
100000002964966100,terminal,0.794,5,0.4568,"Получил 200 тыс ₸ от 1 плательщика (1 перевод), дальше ушло 0%",680,"R5: out/in=0.00≤0.1, in=200 тыс ₸",-,confirmed_sink,False,0.0,False,2,1,0,200000.0,0.0,1,0,0.0,-1.0,0.0,0,0,0.00039542,0.0,-,0.139,0.1777,0.1402,0.0,0.0
100000007865484100,terminal,0.598,34,0.4567,"4-е колено, исходящие не выгружены; получил 585 тыс ₸ от 1 плательщика (2 перевода). У узлов колен 1–3 с таким профилем пересылают дальше 40%",681,T4: p_forward=0.40<0.5 (оценка по коленам 1–3),transit,truncated_depth,True,0.402,False,4,1,0,584600.0,0.0,2,0,0.0,-1.0,0.0,0,0,0.00036619,0.0,truncated,0.1046,0.2203,0.1318,0.0,0.0
100000005498992100,distributor,0.56,12,0.4567,"Веерная раздача: 2,26 млн ₸ 16 получателям (19 переводов, в среднем 119 тыс ₸); входящие вне выборки; 5 получателей за один день (17.07)",682,R2: out_deg=16≥10 и ≥3×in_deg,-,not_sink,False,1.0,True,0,0,16,0.0,2262868.0,0,19,-1.0,-1.0,2262868.0,0,0,0.00028557,0.0,burst_out,0.1411,0.2195,0.0661,0.0,0.03
100000005186131100,transit,1.0,1,0.4565,"Получил 10 тыс ₸ от 1 плательщика (1 перевод), отправил 10 тыс ₸ 1 получателю (1 перевод); дальше ушло 100%; 100% полученного ушло за ≤2 дн",683,R4: out/in=1.00∈[0.8;1.2],-,not_sink,False,1.0,False,3,1,1,10000.0,10000.0,1,1,1.0,1.0,0.0,0,0,0.00028613,1.922e-05,fast_transit,0.21,0.0512,0.162,0.0,0.0333
100000000803368100,terminal,0.738,10,0.4564,"4-е колено, исходящие не выгружены; получил 140 тыс ₸ от 1 плательщика (1 перевод). У узлов колен 1–3 с таким профилем пересылают дальше 26%",684,T4: p_forward=0.26<0.5 (оценка по коленам 1–3),transit,truncated_depth,True,0.262,False,4,1,0,139503.0,0.0,1,0,0.0,-1.0,0.0,0,0,0.00054811,0.0,truncated,0.1291,0.1585,0.1688,0.0,0.0
100000003865939100,terminal,0.763,69,0.4564,"Получил 81 тыс ₸ от 1 плательщика (1 перевод), дальше ушло 0%; seed среди плательщиков: 1",685,"R5: out/in=0.00≤0.1, in=81 тыс ₸",-,confirmed_sink,False,0.0,False,1,1,0,81465.0,0.0,1,0,0.0,-1.0,0.0,1,0,0.00052859,0.0,-,0.1335,0.1313,0.1583,0.0333,0.0
100000004408683100,terminal,0.771,6,0.4562,"Получил 113 тыс ₸ от 2 плательщиков (3 перевода), дальше ушло 0%; seed среди плательщиков: 1",686,"R5: out/in=0.00≤0.1, in=113 тыс ₸",-,confirmed_sink,False,0.0,False,1,2,0,112919.68,0.0,3,0,0.0,-1.0,0.0,1,0,0.00038531,0.0,-,0.1349,0.1512,0.1367,0.0333,0.0
100000004790991100,terminal,0.804,6,0.4561,"Получил 239 тыс ₸ от 1 плательщика (4 перевода), дальше ушло 0%; seed среди плательщиков: 1",687,"R5: out/in=0.00≤0.1, in=239 тыс ₸",-,confirmed_sink,False,0.0,False,1,1,0,239413.0,0.0,4,0,0.0,-1.0,0.0,1,0,0.00031131,0.0,-,0.1407,0.1856,0.0964,0.0333,0.0
100000003050771100,terminal,0.801,21,0.456,"Получил 229 тыс ₸ от 1 плательщика (1 перевод), дальше ушло 0%",688,"R5: out/in=0.00≤0.1, in=229 тыс ₸",-,confirmed_sink,False,0.0,False,3,1,0,229000.0,0.0,1,0,0.0,-1.0,0.0,0,0,0.00037034,0.0,-,0.1402,0.1827,0.1331,0.0,0.0
100000008418934100,terminal,0.835,12,0.4559,"Получил 360 тыс ₸ от 1 плательщика (1 перевод), дальше ушло 0%",689,"R5: out/in=0.00≤0.1, in=360 тыс ₸",-,confirmed_sink,False,0.0,False,2,1,0,360000.0,0.0,1,0,0.0,-1.0,0.0,0,0,0.00031945,0.0,-,0.1461,0.202,0.1077,0.0,0.0
100000005402643100,transit,0.602,12,0.4558,"Получил 128 тыс ₸ от 1 плательщика (1 перевод), отправил 90 тыс ₸ 1 получателю (1 перевод); дальше ушло 70%",690,R4: out/in=0.70≥0.5,-,not_sink,False,1.0,False,2,1,1,127800.0,90000.0,1,1,0.7042,0.0,0.0,0,0,0.0002976,4e-07,-,0.1264,0.181,0.1484,0.0,0.0
100000002606567100,transit,0.651,1,0.4558,"Получил 14 тыс ₸ от 1 плательщика (1 перевод), отправил 53 тыс ₸ 1 получателю (1 перевод); отправил в 3,8× больше полученного → есть невидимые входящие; seed среди плательщиков: 1",691,R4: out/in=3.76>1.2 (невидимые входящие),-,not_sink,False,1.0,False,1,1,1,14095.0,53000.0,1,1,3.7602,0.0,38905.0,1,0,0.00028821,1.922e-05,-,0.1367,0.1238,0.162,0.0333,0.0
100000002826669100,terminal,0.783,1,0.4554,"Получил 160 тыс ₸ от 1 плательщика (4 перевода), дальше ушло 0%",692,"R5: out/in=0.00≤0.1, in=160 тыс ₸",-,confirmed_sink,False,0.0,False,2,1,0,159900.0,0.0,4,0,0.0,-1.0,0.0,0,0,0.00047624,0.0,-,0.137,0.1665,0.1519,0.0,0.0
100000005882013100,terminal,0.592,21,0.4554,"Получил 135 тыс ₸ от 2 плательщиков (3 перевода), дальше ушло 7%",693,"R5: out/in=0.07≤0.1, in=135 тыс ₸",-,confirmed_sink,False,1.0,False,2,2,1,135000.0,10000.0,3,1,0.0741,0.0741,0.0,0,0,0.00052642,0.0,in_cycle,0.1036,0.1606,0.1578,0.0,0.0333
100000005314565100,terminal,0.799,1,0.4553,"Получил 218 тыс ₸ от 1 плательщика (3 перевода), дальше ушло 0%",694,"R5: out/in=0.00≤0.1, in=218 тыс ₸",-,confirmed_sink,False,0.0,False,3,1,0,218500.0,0.0,3,0,0.0,-1.0,0.0,0,0,0.00037502,0.0,-,0.1398,0.1813,0.1343,0.0,0.0
100000003843844100,transit,0.5,21,0.4553,"Получил 17 тыс ₸ от 1 плательщика (1 перевод), отправил 238 тыс ₸ 1 получателю (1 перевод); отправил в 14,3× больше полученного → есть невидимые входящие",695,R4: out/in=14.27>1.2 (невидимые входящие),-,not_sink,False,1.0,False,3,1,1,16680.0,238000.0,1,1,14.2686,0.0,221320.0,0,0,0.00029174,1.922e-05,unseen_inflow,0.105,0.1883,0.162,0.0,0.0
100000003216073100,transit,0.741,18,0.4546,"Получил 37 тыс ₸ от 1 плательщика (1 перевод), отправил 70 тыс ₸ 1 получателю (1 перевод); отправил в 1,9× больше полученного → есть невидимые входящие",696,R4: out/in=1.89>1.2 (невидимые входящие),-,not_sink,False,1.0,False,3,1,1,37001.0,70000.0,1,1,1.8918,0.0,32999.0,0,0,0.0002882,7.9e-07,-,0.1556,0.1486,0.1504,0.0,0.0
100000003057225100,terminal,0.803,6,0.4544,"Получил 236 тыс ₸ от 1 плательщика (1 перевод), дальше ушло 0%; seed среди плательщиков: 1",697,"R5: out/in=0.00≤0.1, in=236 тыс ₸",-,confirmed_sink,False,0.0,False,1,1,0,236000.0,0.0,1,0,0.0,-1.0,0.0,1,0,0.00031094,0.0,-,0.1405,0.1847,0.0958,0.0333,0.0
100000001957974100,terminal,0.738,10,0.4539,"4-е колено, исходящие не выгружены; получил 500 тыс ₸ от 1 плательщика (1 перевод). У узлов колен 1–3 с таким профилем пересылают дальше 26%",698,T4: p_forward=0.26<0.5 (оценка по коленам 1–3),transit,truncated_depth,True,0.262,False,4,1,0,500000.0,0.0,1,0,0.0,-1.0,0.0,0,0,0.00032014,0.0,truncated,0.1291,0.2161,0.1086,0.0,0.0
100000002214207100,terminal,0.738,61,0.4537,"4-е колено, исходящие не выгружены; получил 97 тыс ₸ от 1 плательщика (1 перевод). У узлов колен 1–3 с таким профилем пересылают дальше 26%",699,T4: p_forward=0.26<0.5 (оценка по коленам 1–3),transit,truncated_depth,True,0.262,False,4,1,0,97000.0,0.0,1,0,0.0,-1.0,0.0,0,0,0.00069061,0.0,truncated,0.1291,0.1427,0.1819,0.0,0.0
100000008730238100,terminal,0.738,2,0.4535,"4-е колено, исходящие не выгружены; получил 113 тыс ₸ от 1 плательщика (1 перевод). У узлов колен 1–3 с таким профилем пересылают дальше 26%",700,T4: p_forward=0.26<0.5 (оценка по коленам 1–3),transit,truncated_depth,True,0.262,False,4,1,0,113000.0,0.0,1,0,0.0,-1.0,0.0,0,0,0.00056324,0.0,truncated,0.1291,0.1515,0.1729,0.0,0.0
100000007071852100,terminal,0.738,8,0.4532,"4-е колено, исходящие не выгружены; получил 195 тыс ₸ от 1 плательщика (1 перевод). У узлов колен 1–3 с таким профилем пересылают дальше 26%",701,T4: p_forward=0.26<0.5 (оценка по коленам 1–3),transit,truncated_depth,True,0.262,False,4,1,0,195000.0,0.0,1,0,0.0,-1.0,0.0,0,0,0.00044351,0.0,truncated,0.1291,0.1757,0.1483,0.0,0.0
100000003199390100,terminal,0.738,3,0.453,"4-е колено, исходящие не выгружены; получил 260 тыс ₸ от 1 плательщика (1 перевод). У узлов колен 1–3 с таким профилем пересылают дальше 26%",702,T4: p_forward=0.26<0.5 (оценка по коленам 1–3),transit,truncated_depth,True,0.262,False,4,1,0,260000.0,0.0,1,0,0.0,-1.0,0.0,0,0,0.00037663,0.0,truncated,0.1291,0.1891,0.1348,0.0,0.0
100000007648946100,transit,0.792,21,0.4529,"Получил 20 тыс ₸ от 1 плательщика (1 перевод), отправил 25 тыс ₸ 1 получателю (1 перевод); отправил в 1,3× больше полученного → есть невидимые входящие; seed среди плательщиков: 1",703,R4: out/in=1.28>1.2 (невидимые входящие),-,not_sink,False,1.0,False,1,1,1,19550.0,25000.0,1,1,1.2788,0.0,5450.0,1,0,0.00028924,2.91e-06,-,0.1663,0.0978,0.1555,0.0333,0.0
100000001378288100,terminal,0.598,8,0.4526,"4-е колено, исходящие не выгружены; получил 268 тыс ₸ от 1 плательщика (3 перевода). У узлов колен 1–3 с таким профилем пересылают дальше 40%",704,T4: p_forward=0.40<0.5 (оценка по коленам 1–3),transit,truncated_depth,True,0.402,False,4,1,0,268000.0,0.0,3,0,0.0,-1.0,0.0,0,0,0.00052345,0.0,truncated,0.1046,0.1903,0.1577,0.0,0.0
100000006209210100,terminal,0.801,7,0.4526,"Получил 229 тыс ₸ от 1 плательщика (1 перевод), дальше ушло 0%",705,"R5: out/in=0.00≤0.1, in=229 тыс ₸",-,confirmed_sink,False,0.0,False,3,1,0,229111.0,0.0,1,0,0.0,-1.0,0.0,0,0,0.0003608,0.0,-,0.1402,0.1828,0.1296,0.0,0.0
100000002462183100,terminal,0.77,65,0.4525,"Получил 108 тыс ₸ от 1 плательщика (3 перевода), дальше ушло 0%; seed среди плательщиков: 1",706,"R5: out/in=0.00≤0.1, in=108 тыс ₸",-,confirmed_sink,False,0.0,False,1,1,0,107500.0,0.0,3,0,0.0,-1.0,0.0,1,0,0.00038026,0.0,-,0.1347,0.1488,0.1356,0.0333,0.0
100000002720627100,terminal,0.794,14,0.4524,"Получил 199 тыс ₸ от 1 плательщика (1 перевод), дальше ушло 0%; seed среди плательщиков: 1",707,"R5: out/in=0.00≤0.1, in=199 тыс ₸",-,confirmed_sink,False,0.0,False,1,1,0,199300.0,0.0,1,0,0.0,-1.0,0.0,1,0,0.0003158,0.0,-,0.139,0.1766,0.1035,0.0333,0.0
100000007745062100,terminal,0.738,28,0.4524,"4-е колено, исходящие не выгружены; получил 100 тыс ₸ от 1 плательщика (1 перевод). У узлов колен 1–3 с таким профилем пересылают дальше 26%",708,T4: p_forward=0.26<0.5 (оценка по коленам 1–3),transit,truncated_depth,True,0.262,False,4,1,0,100000.0,0.0,1,0,0.0,-1.0,0.0,0,0,0.00062528,0.0,truncated,0.1291,0.145,0.1783,0.0,0.0
100000003128638100,terminal,0.738,2,0.4523,"4-е колено, исходящие не выгружены; получил 300 тыс ₸ от 1 плательщика (1 перевод). У узлов колен 1–3 с таким профилем пересылают дальше 26%",709,T4: p_forward=0.26<0.5 (оценка по коленам 1–3),transit,truncated_depth,True,0.262,False,4,1,0,300000.0,0.0,1,0,0.0,-1.0,0.0,0,0,0.00035819,0.0,truncated,0.1291,0.1946,0.1286,0.0,0.0
100000005034574100,terminal,0.485,57,0.4519,"Получил 259 тыс ₸ от 1 плательщика (16 переводов), дальше ушло 0%; 50% поступило 30–31 июля — август не виден; seed среди плательщиков: 1",710,"R5: out/in=0.00≤0.1, in=259 тыс ₸",-,truncated_time,False,0.0,False,1,1,0,258816.0,0.0,16,0,0.0,-1.0,0.0,1,0,0.00042509,0.0,late_inflow,0.0849,0.1888,0.1448,0.0333,0.0
100000003131016100,peripheral,0.127,1,0.4515,"Смешанный профиль: получил 406 тыс ₸ от 1 плательщика (7 переводов), отправил 126 тыс ₸ 1 получателю (4 перевода); дальше ушло 31%",711,R6: out/in=0.31 между 0.1 и 0.5,-,not_sink,False,1.0,False,2,1,1,405700.0,126000.0,7,4,0.3106,0.1011,0.0,0,0,0.00167746,0.0,in_cycle,0.0044,0.2182,0.1956,0.0,0.0333
100000002609774100,transit,0.658,12,0.451,"Получил 8 тыс ₸ от 1 плательщика (1 перевод), отправил 28 тыс ₸ 1 получателю (1 перевод); отправил в 3,6× больше полученного → есть невидимые входящие; seed среди плательщиков: 1",712,R4: out/in=3.57>1.2 (невидимые входящие),-,not_sink,False,1.0,False,1,1,1,7700.0,27500.0,1,1,3.5714,0.0,19800.0,1,0,0.0002864,0.0002797,-,0.1382,0.0867,0.1927,0.0333,0.0
100000008376785100,terminal,0.598,3,0.4501,"4-е колено, исходящие не выгружены; получил 234 тыс ₸ от 1 плательщика (2 перевода). У узлов колен 1–3 с таким профилем пересылают дальше 40%",713,T4: p_forward=0.40<0.5 (оценка по коленам 1–3),transit,truncated_depth,True,0.402,False,4,1,0,234250.0,0.0,2,0,0.0,-1.0,0.0,0,0,0.00053181,0.0,truncated,0.1046,0.1841,0.1614,0.0,0.0
100000007181706100,terminal,0.788,5,0.4499,"Получил 176 тыс ₸ от 2 плательщиков (2 перевода), дальше ушло 0%; seed среди плательщиков: 1",714,"R5: out/in=0.00≤0.1, in=176 тыс ₸",-,confirmed_sink,False,0.0,False,1,2,0,176272.0,0.0,2,0,0.0,-1.0,0.0,1,0,0.00031907,0.0,-,0.1379,0.1715,0.1072,0.0333,0.0
100000002824176100,terminal,0.779,7,0.4498,"Получил 144 тыс ₸ от 1 плательщика (1 перевод), дальше ушло 0%; seed среди плательщиков: 1",715,"R5: out/in=0.00≤0.1, in=144 тыс ₸",-,confirmed_sink,False,0.0,False,1,1,0,144000.0,0.0,1,0,0.0,-1.0,0.0,1,0,0.0003386,0.0,-,0.1363,0.1601,0.12,0.0333,0.0
100000003097324100,terminal,0.818,13,0.4495,"Получил 294 тыс ₸ от 2 плательщиков (2 перевода), дальше ушло 0%",716,"R5: out/in=0.00≤0.1, in=294 тыс ₸",-,confirmed_sink,False,0.0,False,3,2,0,294000.0,0.0,2,0,0.0,-1.0,0.0,0,0,0.00032601,0.0,-,0.1431,0.1936,0.1127,0.0,0.0
100000001538095100,terminal,0.814,9,0.4493,"Получил 280 тыс ₸ от 2 плательщиков (2 перевода), дальше ушло 0%",717,"R5: out/in=0.00≤0.1, in=280 тыс ₸",-,confirmed_sink,False,0.0,False,3,2,0,280000.0,0.0,2,0,0.0,-1.0,0.0,0,0,0.00033014,0.0,-,0.1424,0.1916,0.1153,0.0,0.0
100000008038077100,terminal,0.871,3,0.449,"Получил 500 тыс ₸ от 1 плательщика (2 перевода), дальше ушло 0%",718,"R5: out/in=0.00≤0.1, in=500 тыс ₸",-,confirmed_sink,False,0.0,False,3,1,0,499850.0,0.0,2,0,0.0,-1.0,0.0,0,0,0.00030177,0.0,-,0.1524,0.2156,0.081,0.0,0.0
100000002911170100,terminal,0.82,15,0.4489,"Получил 300 тыс ₸ от 1 плательщика (2 перевода), дальше ушло 0%",719,"R5: out/in=0.00≤0.1, in=300 тыс ₸",-,confirmed_sink,False,0.0,False,2,1,0,300000.0,0.0,2,0,0.0,-1.0,0.0,0,0,0.00032305,0.0,-,0.1435,0.1946,0.1108,0.0,0.0
100000005241556100,terminal,0.768,18,0.4487,"Получил 100 тыс ₸ от 1 плательщика (1 перевод), дальше ушло 0%",720,"R5: out/in=0.00≤0.1, in=100 тыс ₸",-,confirmed_sink,False,0.0,False,3,1,0,100000.0,0.0,1,0,0.0,-1.0,0.0,0,0,0.00054907,0.0,-,0.1344,0.145,0.1693,0.0,0.0
100000005539201100,transit,0.525,6,0.4487,"Получил 46 тыс ₸ от 1 плательщика (1 перевод), отправил 25 тыс ₸ 1 получателю (1 перевод); дальше ушло 55%; seed среди плательщиков: 1",721,R4: out/in=0.55≥0.5,-,not_sink,False,1.0,False,1,1,1,45504.0,25000.0,1,1,0.5494,0.0,0.0,1,0,0.00029046,4.197e-05,-,0.1102,0.1261,0.179,0.0333,0.0
100000004580202100,transit,0.725,25,0.4484,"Получил 9 тыс ₸ от 1 плательщика (1 перевод), отправил 45 тыс ₸ 3 получателям (4 перевода); отправил в 5,0× больше полученного → есть невидимые входящие; 56% полученного ушло за ≤2 дн",722,R4: out/in=5.00>1.2 (невидимые входящие),-,not_sink,False,1.0,False,2,1,3,9000.0,45000.0,1,4,5.0,0.5556,36000.0,0,0,0.00032162,5.944e-05,-,0.1522,0.1138,0.1824,0.0,0.0
100000008417359100,transit,0.845,17,0.4483,"Получил 41 тыс ₸ от 1 плательщика (2 перевода), отправил 111 тыс ₸ 2 получателям (3 перевода); отправил в 2,7× больше полученного → есть невидимые входящие; 75% полученного ушло за ≤2 дн",723,R4: out/in=2.71>1.2 (невидимые входящие),-,not_sink,False,1.0,False,3,1,2,40810.0,110760.0,2,3,2.714,0.755,69950.0,0,0,0.00029199,0.0,in_cycle,0.1774,0.1641,0.0734,0.0,0.0333
100000008738526100,transit,0.533,13,0.4483,"Получил 15 тыс ₸ от 1 плательщика (1 перевод), отправил 140 тыс ₸ 1 получателю (1 перевод); отправил в 9,3× больше полученного → есть невидимые входящие",724,R4: out/in=9.33>1.2 (невидимые входящие),-,not_sink,False,1.0,False,3,1,1,15000.0,140000.0,1,1,9.3333,0.0,125000.0,0,0,0.00028745,2.14e-05,unseen_inflow,0.1119,0.1655,0.1709,0.0,0.0
100000001650895100,terminal,0.619,12,0.4479,"Получил 154 тыс ₸ от 1 плательщика (1 перевод), дальше ушло 7%",725,"R5: out/in=0.07≤0.1, in=154 тыс ₸",-,confirmed_sink,False,1.0,False,3,1,1,153500.0,10000.0,1,1,0.0651,0.0,0.0,0,0,0.00030927,2.199e-05,-,0.1083,0.1677,0.1719,0.0,0.0
100000001246806100,terminal,0.738,2,0.4479,"4-е колено, исходящие не выгружены; получил 130 тыс ₸ от 1 плательщика (1 перевод). У узлов колен 1–3 с таким профилем пересылают дальше 26%",726,T4: p_forward=0.26<0.5 (оценка по коленам 1–3),transit,truncated_depth,True,0.262,False,4,1,0,130000.0,0.0,1,0,0.0,-1.0,0.0,0,0,0.00053298,0.0,truncated,0.1291,0.1564,0.1624,0.0,0.0
100000003116106100,terminal,0.87,3,0.4478,"Получил 494 тыс ₸ от 1 плательщика (2 перевода), дальше ушло 0%",727,"R5: out/in=0.00≤0.1, in=494 тыс ₸",-,confirmed_sink,False,0.0,False,3,1,0,494050.0,0.0,2,0,0.0,-1.0,0.0,0,0,0.00030158,0.0,-,0.1522,0.215,0.0806,0.0,0.0
100000002615479100,terminal,0.799,12,0.4478,"Получил 220 тыс ₸ от 1 плательщика (1 перевод), дальше ушло 0%; seed среди плательщиков: 1",728,"R5: out/in=0.00≤0.1, in=220 тыс ₸",-,confirmed_sink,False,0.0,False,1,1,0,220000.0,0.0,1,0,0.0,-1.0,0.0,1,0,0.0003092,0.0,-,0.1398,0.1816,0.0931,0.0333,0.0
100000004676985100,transit,0.8,1,0.4477,"Получил 32 тыс ₸ от 1 плательщика (1 перевод), отправил 27 тыс ₸ 1 получателю (1 перевод); дальше ушло 84%",729,R4: out/in=0.84∈[0.8;1.2],-,not_sink,False,1.0,False,3,1,1,32260.0,27102.0,1,1,0.8401,0.0,0.0,0,0,0.00028739,1.922e-05,-,0.168,0.1177,0.162,0.0,0.0
100000002705460100,terminal,0.767,6,0.4476,"Получил 95 тыс ₸ от 1 плательщика (1 перевод), дальше ушло 0%",730,"R5: out/in=0.00≤0.1, in=95 тыс ₸",-,confirmed_sink,False,0.0,False,3,1,0,95000.0,0.0,1,0,0.0,-1.0,0.0,0,0,0.00055773,0.0,-,0.1342,0.1416,0.1718,0.0,0.0
100000008183752100,terminal,0.738,13,0.4475,"4-е колено, исходящие не выгружены; получил 140 тыс ₸ от 1 плательщика (1 перевод). У узлов колен 1–3 с таким профилем пересылают дальше 26%",731,T4: p_forward=0.26<0.5 (оценка по коленам 1–3),transit,truncated_depth,True,0.262,False,4,1,0,140000.0,0.0,1,0,0.0,-1.0,0.0,0,0,0.00053019,0.0,truncated,0.1291,0.1588,0.1595,0.0,0.0
100000003180305100,terminal,0.738,1,0.4473,"4-е колено, исходящие не выгружены; получил 144 тыс ₸ от 1 плательщика (1 перевод). У узлов колен 1–3 с таким профилем пересылают дальше 26%",732,T4: p_forward=0.26<0.5 (оценка по коленам 1–3),transit,truncated_depth,True,0.262,False,4,1,0,144000.0,0.0,1,0,0.0,-1.0,0.0,0,0,0.00052806,0.0,truncated,0.1291,0.1601,0.158,0.0,0.0
100000005022552100,terminal,0.753,6,0.447,"Получил 241 тыс ₸ от 1 плательщика (3 перевода), дальше ушло 2%",733,"R5: out/in=0.02≤0.1, in=241 тыс ₸",-,confirmed_sink,False,1.0,False,3,1,1,241000.0,5000.0,3,1,0.0207,0.0,0.0,0,0,0.00035776,0.0,-,0.1318,0.1871,0.1282,0.0,0.0
100000005474472100,terminal,0.768,4,0.4469,"Получил 100 тыс ₸ от 1 плательщика (1 перевод), дальше ушло 0%",734,"R5: out/in=0.00≤0.1, in=100 тыс ₸",-,confirmed_sink,False,0.0,False,2,1,0,100000.0,0.0,1,0,0.0,-1.0,0.0,0,0,0.00054495,0.0,-,0.1344,0.145,0.1675,0.0,0.0
100000008438656100,terminal,0.607,5,0.4469,"Получил 80 тыс ₸ от 2 плательщиков (2 перевода), дальше ушло 6%; seed среди плательщиков: 1",735,"R5: out/in=0.06≤0.1, in=80 тыс ₸",-,confirmed_sink,False,1.0,False,1,2,1,80000.0,5000.0,2,1,0.0625,0.0625,0.0,1,0,0.00029739,2.378e-05,-,0.1062,0.1344,0.1729,0.0333,0.0
100000003809101100,peripheral,0.273,14,0.4466,"Смешанный профиль: получил 166 тыс ₸ от 2 плательщиков (3 перевода), отправил 55 тыс ₸ 2 получателям (4 перевода); дальше ушло 33%; seed среди плательщиков: 1",736,R6: out/in=0.33 между 0.1 и 0.5,-,not_sink,False,1.0,False,1,2,2,166050.0,55200.0,3,4,0.3324,0.0614,0.0,1,0,0.00036195,0.00013334,in_cycle,0.0096,0.1817,0.1887,0.0333,0.0333
100000005664632100,terminal,0.793,51,0.4465,"Получил 199 тыс ₸ от 1 плательщика (18 переводов), дальше ушло 0%",737,"R5: out/in=0.00≤0.1, in=199 тыс ₸",-,confirmed_sink,False,0.0,False,2,1,0,198620.0,0.0,18,0,0.0,-1.0,0.0,0,0,0.00036514,0.0,-,0.1388,0.1764,0.1313,0.0,0.0
100000001746925100,terminal,0.568,5,0.4465,"Получил 65 тыс ₸ от 1 плательщика (1 перевод), дальше ушло 8%; seed среди плательщиков: 1",738,"R5: out/in=0.08≤0.1, in=65 тыс ₸",-,confirmed_sink,False,1.0,False,1,1,1,65250.0,5000.0,1,1,0.0766,0.0,0.0,1,0,0.00029863,0.00011889,-,0.0994,0.126,0.1878,0.0333,0.0
100000002760175100,terminal,0.791,14,0.4462,"Получил 187 тыс ₸ от 1 плательщика (1 перевод), дальше ушло 0%; seed среди плательщиков: 1",739,"R5: out/in=0.00≤0.1, in=187 тыс ₸",-,confirmed_sink,False,0.0,False,1,1,0,187410.0,0.0,1,0,0.0,-1.0,0.0,1,0,0.00031399,0.0,-,0.1384,0.1736,0.1008,0.0333,0.0
100000001427082100,transit,0.5,52,0.4462,"Получил 5 тыс ₸ от 1 плательщика (1 перевод), отправил 125 тыс ₸ 5 получателям (6 переводов); отправил в 25,0× больше полученного → есть невидимые входящие",740,R4: out/in=24.98>1.2 (невидимые входящие),-,not_sink,False,1.0,False,3,1,5,5000.0,124900.0,1,6,24.98,0.0,119900.0,0,0,0.00043925,7.847e-05,unseen_inflow,0.105,0.1561,0.1851,0.0,0.0
100000005264990100,transit,0.568,33,0.4459,"Получил 17 тыс ₸ от 1 плательщика (1 перевод), отправил 122 тыс ₸ 2 получателям (2 перевода); отправил в 7,1× больше полученного → есть невидимые входящие",741,R4: out/in=7.15>1.2 (невидимые входящие),-,not_sink,False,1.0,True,0,1,2,17070.0,122000.0,1,2,7.147,0.0,104930.0,0,1,0.000364,7.765e-05,-,0.1074,0.1425,0.166,0.03,0.0
100000002983879100,terminal,0.794,5,0.4458,"Получил 200 тыс ₸ от 2 плательщиков (2 перевода), дальше ушло 0%",742,"R5: out/in=0.00≤0.1, in=200 тыс ₸",-,confirmed_sink,False,0.0,False,2,2,0,200050.0,0.0,2,0,0.0,-1.0,0.0,0,0,0.00035808,0.0,-,0.139,0.1785,0.1284,0.0,0.0
100000008730021100,terminal,0.762,19,0.4457,"Получил 76 тыс ₸ от 1 плательщика (3 перевода), дальше ушло 0%; seed среди плательщиков: 1",743,"R5: out/in=0.00≤0.1, in=76 тыс ₸",-,confirmed_sink,False,0.0,False,1,1,0,75555.0,0.0,3,0,0.0,-1.0,0.0,1,0,0.00046814,0.0,-,0.1334,0.1283,0.1507,0.0333,0.0
100000005668605100,terminal,0.767,33,0.4455,"Получил 94 тыс ₸ от 3 плательщиков (3 перевода), дальше ушло 0%; seed среди плательщиков: 1",744,"R5: out/in=0.00≤0.1, in=94 тыс ₸",-,confirmed_sink,False,0.0,True,0,3,0,94500.0,0.0,3,0,0.0,-1.0,0.0,1,0,0.0008383,0.0,-,0.1208,0.1267,0.1681,0.03,0.0
100000002185328100,transit,0.654,52,0.4453,"Получил 15 тыс ₸ от 1 плательщика (1 перевод), отправил 55 тыс ₸ 4 получателям (4 перевода); отправил в 3,7× больше полученного → есть невидимые входящие",745,R4: out/in=3.67>1.2 (невидимые входящие),-,not_sink,False,1.0,False,3,1,4,15000.0,55000.0,1,4,3.6667,0.0,40000.0,0,0,0.00035185,6.162e-05,-,0.1373,0.1251,0.1829,0.0,0.0
100000002621949100,terminal,0.785,5,0.4452,"Получил 165 тыс ₸ от 1 плательщика (1 перевод), дальше ушло 0%; seed среди плательщиков: 1",746,"R5: out/in=0.00≤0.1, in=165 тыс ₸",-,confirmed_sink,False,0.0,False,1,1,0,164612.0,0.0,1,0,0.0,-1.0,0.0,1,0,0.00031853,0.0,-,0.1374,0.168,0.1064,0.0333,0.0
100000005041905100,transit,0.5,11,0.4452,"Получил 5 тыс ₸ от 1 плательщика (1 перевод), отправил 1,08 млн ₸ 1 получателю (5 переводов); отправил в 216,1× больше полученного → есть невидимые входящие",747,R4: out/in=216.07>1.2 (невидимые входящие),-,not_sink,False,1.0,False,3,1,1,5000.0,1080351.0,1,5,216.0702,0.0,1075351.0,0,0,0.00028635,0.0,in_cycle;unseen_inflow,0.105,0.2334,0.0734,0.0,0.0333
100000001373265100,terminal,0.691,8,0.4446,"Получил 142 тыс ₸ от 1 плательщика (1 перевод), дальше ушло 4%",748,"R5: out/in=0.04≤0.1, in=142 тыс ₸",-,confirmed_sink,False,1.0,False,3,1,1,142482.0,5000.0,1,1,0.0351,0.0,0.0,0,0,0.00031456,1.922e-05,-,0.1209,0.1617,0.162,0.0,0.0
100000000993112100,terminal,0.779,64,0.444,"Получил 141 тыс ₸ от 1 плательщика (1 перевод), дальше ушло 0%",749,"R5: out/in=0.00≤0.1, in=141 тыс ₸",-,confirmed_sink,False,0.0,False,2,1,0,141000.0,0.0,1,0,0.0,-1.0,0.0,0,0,0.00044111,0.0,-,0.1363,0.1594,0.1482,0.0,0.0
100000001252290100,terminal,0.69,3,0.4438,"Получил 141 тыс ₸ от 1 плательщика (1 перевод), дальше ушло 4%",750,"R5: out/in=0.04≤0.1, in=141 тыс ₸",-,confirmed_sink,False,1.0,False,3,1,1,141005.0,5000.0,1,1,0.0355,0.0,0.0,0,0,0.00029014,1.922e-05,-,0.1207,0.161,0.162,0.0,0.0
100000000955529100,transit,0.712,5,0.4438,"Получил 27 тыс ₸ от 1 плательщика (1 перевод), отправил 64 тыс ₸ 1 получателю (1 перевод); отправил в 2,4× больше полученного → есть невидимые входящие",751,R4: out/in=2.35>1.2 (невидимые входящие),-,not_sink,False,1.0,False,3,1,1,27000.0,63500.0,1,1,2.3519,0.0,36500.0,0,0,0.00029563,3.37e-06,-,0.1495,0.1386,0.1557,0.0,0.0
100000001270349100,terminal,0.794,24,0.4437,"Получил 200 тыс ₸ от 1 плательщика (1 перевод), дальше ушло 0%",752,"R5: out/in=0.00≤0.1, in=200 тыс ₸",-,confirmed_sink,False,0.0,False,3,1,0,200000.0,0.0,1,0,0.0,-1.0,0.0,0,0,0.0003553,0.0,-,0.139,0.1777,0.127,0.0,0.0
100000006308406100,terminal,0.598,52,0.4434,"4-е колено, исходящие не выгружены; получил 183 тыс ₸ от 1 плательщика (2 перевода). У узлов колен 1–3 с таким профилем пересылают дальше 40%",753,T4: p_forward=0.40<0.5 (оценка по коленам 1–3),transit,truncated_depth,True,0.402,False,4,1,0,183000.0,0.0,2,0,0.0,-1.0,0.0,0,0,0.00053936,0.0,truncated,0.1046,0.1727,0.166,0.0,0.0
100000008011159100,peripheral,0.131,44,0.4433,"Смешанный профиль: получил 363 тыс ₸ от 3 плательщиков (6 переводов), отправил 153 тыс ₸ 5 получателям (5 переводов); дальше ушло 42%",754,R6: out/in=0.42 между 0.1 и 0.5,-,not_sink,False,1.0,False,2,3,5,363000.0,153037.0,6,5,0.4216,0.0468,0.0,0,0,0.00048611,0.00012211,in_cycle,0.0046,0.2172,0.1882,0.0,0.0333
100000002548759100,terminal,0.839,2,0.4429,"Получил 375 тыс ₸ от 2 плательщиков (2 перевода), дальше ушло 0%",755,"R5: out/in=0.00≤0.1, in=375 тыс ₸",-,confirmed_sink,False,0.0,False,3,2,0,375000.0,0.0,2,0,0.0,-1.0,0.0,0,0,0.00030853,0.0,-,0.1468,0.2035,0.0925,0.0,0.0
100000003152964100,terminal,0.682,8,0.4429,"Получил 142 тыс ₸ от 1 плательщика (1 перевод), дальше ушло 4%",756,"R5: out/in=0.04≤0.1, in=142 тыс ₸",-,confirmed_sink,False,1.0,False,3,1,1,141847.0,5500.0,1,1,0.0388,0.0,0.0,0,0,0.00031443,1.922e-05,-,0.1194,0.1616,0.162,0.0,0.0
100000000041368100,terminal,0.784,5,0.4428,"Получил 160 тыс ₸ от 1 плательщика (1 перевод), дальше ушло 0%; seed среди плательщиков: 1",757,"R5: out/in=0.00≤0.1, in=160 тыс ₸",-,confirmed_sink,False,0.0,False,1,1,0,160000.0,0.0,1,0,0.0,-1.0,0.0,1,0,0.00031761,0.0,-,0.1372,0.1668,0.1054,0.0333,0.0
100000002933386100,transit,0.648,5,0.4427,"Получил 15 тыс ₸ от 1 плательщика (1 перевод), отправил 58 тыс ₸ 1 получателю (1 перевод); отправил в 3,9× больше полученного → есть невидимые входящие",758,R4: out/in=3.87>1.2 (невидимые входящие),-,not_sink,False,1.0,False,3,1,1,15000.0,58000.0,1,1,3.8667,0.0,43000.0,0,0,0.00065278,2.001e-05,-,0.1361,0.1267,0.18,0.0,0.0
100000001299828100,terminal,0.738,1,0.4425,"4-е колено, исходящие не выгружены; получил 100 тыс ₸ от 1 плательщика (1 перевод). У узлов колен 1–3 с таким профилем пересылают дальше 26%",759,T4: p_forward=0.26<0.5 (оценка по коленам 1–3),transit,truncated_depth,True,0.262,False,4,1,0,100000.0,0.0,1,0,0.0,-1.0,0.0,0,0,0.00054726,0.0,truncated,0.1291,0.145,0.1684,0.0,0.0
100000008775471100,terminal,0.535,13,0.4424,"Получил 580 тыс ₸ от 1 плательщика (2 перевода), дальше ушло 0%; 100% поступило 30–31 июля — август не виден",760,"R5: out/in=0.00≤0.1, in=580 тыс ₸",-,truncated_time,False,0.0,False,3,1,0,580000.0,0.0,2,0,0.0,-1.0,0.0,0,0,0.00035838,0.0,late_inflow,0.0936,0.2201,0.1286,0.0,0.0
100000004622227100,transit,0.631,1,0.4424,"Получил 25 тыс ₸ от 1 плательщика (1 перевод), отправил 19 тыс ₸ 3 получателям (3 перевода); дальше ушло 76%; seed среди плательщиков: 1",761,R4: out/in=0.76≥0.5,-,not_sink,False,1.0,False,1,1,3,24931.0,19000.0,1,3,0.7621,0.0,0.0,1,0,0.00029025,4.784e-05,-,0.1325,0.0965,0.18,0.0333,0.0
100000008619159100,terminal,0.598,39,0.4423,"4-е колено, исходящие не выгружены; получил 446 тыс ₸ от 1 плательщика (2 перевода). У узлов колен 1–3 с таким профилем пересылают дальше 40%",762,T4: p_forward=0.40<0.5 (оценка по коленам 1–3),transit,truncated_depth,True,0.402,False,4,1,0,446400.0,0.0,2,0,0.0,-1.0,0.0,0,0,0.00035659,0.0,truncated,0.1046,0.2101,0.1276,0.0,0.0
100000001724740100,terminal,0.598,2,0.4423,"4-е колено, исходящие не выгружены; получил 185 тыс ₸ от 1 плательщика (4 перевода). У узлов колен 1–3 с таким профилем пересылают дальше 40%",763,T4: p_forward=0.40<0.5 (оценка по коленам 1–3),transit,truncated_depth,True,0.402,False,4,1,0,185000.0,0.0,4,0,0.0,-1.0,0.0,0,0,0.00053648,0.0,truncated,0.1046,0.1731,0.1645,0.0,0.0
100000004539443100,terminal,0.758,5,0.4423,"Получил 62 тыс ₸ от 2 плательщиков (2 перевода), дальше ушло 0%",764,"R5: out/in=0.00≤0.1, in=62 тыс ₸",-,confirmed_sink,False,0.0,False,3,2,0,61990.0,0.0,2,0,0.0,-1.0,0.0,0,0,0.00095618,0.0,-,0.1326,0.12,0.1897,0.0,0.0
100000004931931100,transit,0.742,1,0.4421,"Получил 24 тыс ₸ от 1 плательщика (1 перевод), отправил 45 тыс ₸ 1 получателю (1 перевод); отправил в 1,9× больше полученного → есть невидимые входящие",765,R4: out/in=1.88>1.2 (невидимые входящие),-,not_sink,False,1.0,False,3,1,1,23938.0,45000.0,1,1,1.8799,0.0,21062.0,0,0,0.00029181,1.922e-05,-,0.1558,0.1242,0.162,0.0,0.0
100000007511780100,terminal,0.598,8,0.442,"4-е колено, исходящие не выгружены; получил 155 тыс ₸ от 1 плательщика (2 перевода). У узлов колен 1–3 с таким профилем пересылают дальше 40%",766,T4: p_forward=0.40<0.5 (оценка по коленам 1–3),transit,truncated_depth,True,0.402,False,4,1,0,155000.0,0.0,2,0,0.0,-1.0,0.0,0,0,0.00055777,0.0,truncated,0.1046,0.1655,0.1719,0.0,0.0
100000003664994100,terminal,0.598,44,0.4417,"4-е колено, исходящие не выгружены; получил 338 тыс ₸ от 1 плательщика (2 перевода). У узлов колен 1–3 с таким профилем пересылают дальше 40%",767,T4: p_forward=0.40<0.5 (оценка по коленам 1–3),transit,truncated_depth,True,0.402,False,4,1,0,338271.0,0.0,2,0,0.0,-1.0,0.0,0,0,0.00039112,0.0,truncated,0.1046,0.1987,0.1383,0.0,0.0
100000002779485100,terminal,0.766,8,0.4414,"Получил 91 тыс ₸ от 1 плательщика (2 перевода), дальше ушло 0%",768,"R5: out/in=0.00≤0.1, in=91 тыс ₸",-,confirmed_sink,False,0.0,False,2,1,0,91000.0,0.0,2,0,0.0,-1.0,0.0,0,0,0.00054691,0.0,-,0.134,0.1391,0.1682,0.0,0.0
100000008168850100,terminal,0.598,3,0.4411,"4-е колено, исходящие не выгружены; получил 188 тыс ₸ от 1 плательщика (2 перевода). У узлов колен 1–3 с таким профилем пересылают дальше 40%",769,T4: p_forward=0.40<0.5 (оценка по коленам 1–3),transit,truncated_depth,True,0.402,False,4,1,0,187910.0,0.0,2,0,0.0,-1.0,0.0,0,0,0.00053308,0.0,truncated,0.1046,0.1738,0.1626,0.0,0.0
100000003192309100,transit,0.5,11,0.4411,"Получил 17 тыс ₸ от 1 плательщика (1 перевод), отправил 213 тыс ₸ 1 получателю (1 перевод); отправил в 12,4× больше полученного → есть невидимые входящие",770,R4: out/in=12.38>1.2 (невидимые входящие),-,not_sink,False,1.0,False,3,1,1,17200.0,213000.0,1,1,12.3837,0.0,195800.0,0,0,0.00028825,1.39e-06,unseen_inflow,0.105,0.1833,0.1528,0.0,0.0
100000002242455100,terminal,0.738,3,0.441,"4-е колено, исходящие не выгружены; получил 110 тыс ₸ от 1 плательщика (1 перевод). У узлов колен 1–3 с таким профилем пересылают дальше 26%",771,T4: p_forward=0.26<0.5 (оценка по коленам 1–3),transit,truncated_depth,True,0.262,False,4,1,0,110000.0,0.0,1,0,0.0,-1.0,0.0,0,0,0.00053217,0.0,truncated,0.1291,0.1498,0.1621,0.0,0.0
100000002394199100,peripheral,0.195,7,0.4409,"Смешанный профиль: получил 277 тыс ₸ от 1 плательщика (3 перевода), отправил 77 тыс ₸ 1 получателю (1 перевод); дальше ушло 28%",772,R6: out/in=0.28 между 0.1 и 0.5,-,not_sink,False,1.0,False,3,1,1,277398.0,76777.0,3,1,0.2768,0.2768,0.0,0,0,0.00296785,0.0,in_cycle,0.0068,0.2013,0.1995,0.0,0.0333
100000008738325100,transit,0.6,33,0.4407,"Получил 37 тыс ₸ от 1 плательщика (1 перевод), отправил 54 тыс ₸ 1 получателю (1 перевод); отправил в 1,5× больше полученного → есть невидимые входящие; seed среди плательщиков: 1",773,R4: out/in=1.48>1.2 (невидимые входящие),-,not_sink,False,1.0,True,0,1,1,36550.0,54000.0,1,1,1.4774,0.0,17450.0,1,1,0.00052859,2e-07,-,0.1134,0.1248,0.1424,0.06,0.0
100000002784085100,terminal,0.794,12,0.4402,"Получил 200 тыс ₸ от 1 плательщика (1 перевод), дальше ушло 0%; seed среди плательщиков: 1",774,"R5: out/in=0.00≤0.1, in=200 тыс ₸",-,confirmed_sink,False,0.0,False,1,1,0,200000.0,0.0,1,0,0.0,-1.0,0.0,1,0,0.00030705,0.0,-,0.139,0.1777,0.0902,0.0333,0.0
100000008190411100,transit,0.568,2,0.4402,"4-е колено, исходящие не выгружены; получил 198 тыс ₸ от 1 плательщика (12 переводов). У узлов колен 1–3 с таким профилем пересылают дальше 57%",775,T4: p_forward=0.57≥0.5 (оценка),terminal,truncated_depth,True,0.568,False,4,1,0,198450.0,0.0,12,0,0.0,-1.0,0.0,0,0,0.00042413,0.0,truncated,0.1193,0.1763,0.1447,0.0,0.0
100000003696422100,terminal,0.598,22,0.4402,"4-е колено, исходящие не выгружены; получил 118 тыс ₸ от 1 плательщика (2 перевода). У узлов колен 1–3 с таким профилем пересылают дальше 40%",776,T4: p_forward=0.40<0.5 (оценка по коленам 1–3),transit,truncated_depth,True,0.402,False,4,1,0,118000.0,0.0,2,0,0.0,-1.0,0.0,0,0,0.00070852,0.0,truncated,0.1046,0.1531,0.1825,0.0,0.0
100000002132479100,transit,0.583,10,0.4398,"Получил 30 тыс ₸ от 1 плательщика (2 перевода), отправил 20 тыс ₸ 1 получателю (1 перевод); дальше ушло 67%",777,R4: out/in=0.67≥0.5,-,not_sink,False,1.0,False,2,1,1,30000.0,20000.0,2,1,0.6667,0.0,0.0,0,0,0.00060602,0.0,in_cycle,0.1224,0.1071,0.177,0.0,0.0333
100000006888238100,transit,0.757,70,0.4396,"Получил 18 тыс ₸ от 1 плательщика (1 перевод), отправил 30 тыс ₸ 1 получателю (1 перевод); отправил в 1,7× больше полученного → есть невидимые входящие",778,R4: out/in=1.67>1.2 (невидимые входящие),-,not_sink,False,1.0,False,2,1,1,18000.0,30000.0,1,1,1.6667,0.0,12000.0,0,0,0.00060975,4e-07,-,0.159,0.1034,0.1772,0.0,0.0
100000008532050100,terminal,0.86,3,0.4393,"Получил 455 тыс ₸ от 1 плательщика (1 перевод), дальше ушло 0%",779,"R5: out/in=0.00≤0.1, in=455 тыс ₸",-,confirmed_sink,False,0.0,False,3,1,0,455156.0,0.0,1,0,0.0,-1.0,0.0,0,0,0.00030032,0.0,-,0.1505,0.2116,0.0771,0.0,0.0
100000008747113100,terminal,0.793,3,0.4391,"Получил 198 тыс ₸ от 2 плательщиков (2 перевода), дальше ушло 0%; seed среди плательщиков: 1",780,"R5: out/in=0.00≤0.1, in=198 тыс ₸",-,confirmed_sink,False,0.0,False,1,2,0,197801.0,0.0,2,0,0.0,-1.0,0.0,1,0,0.00030752,0.0,-,0.1388,0.1759,0.091,0.0333,0.0
100000006734554100,transit,0.77,43,0.4391,"Получил 16 тыс ₸ от 1 плательщика (1 перевод), отправил 25 тыс ₸ 1 получателю (1 перевод); отправил в 1,5× больше полученного → есть невидимые входящие; seed среди плательщиков: 1",781,R4: out/in=1.52>1.2 (невидимые входящие),-,not_sink,False,1.0,False,1,1,1,16500.0,25000.0,1,1,1.5152,0.0,8500.0,1,0,0.00031194,5.9e-07,-,0.1617,0.0946,0.1495,0.0333,0.0
100000008172721100,terminal,0.738,8,0.439,"4-е колено, исходящие не выгружены; получил 168 тыс ₸ от 1 плательщика (1 перевод). У узлов колен 1–3 с таким профилем пересылают дальше 26%",782,T4: p_forward=0.26<0.5 (оценка по коленам 1–3),transit,truncated_depth,True,0.262,False,4,1,0,168335.0,0.0,1,0,0.0,-1.0,0.0,0,0,0.00039522,0.0,truncated,0.1291,0.1697,0.1401,0.0,0.0
100000003557488100,peripheral,0.092,22,0.4382,"Смешанный профиль: получил 665 тыс ₸ от 1 плательщика (3 перевода), отправил 138 тыс ₸ 2 получателям (4 перевода); дальше ушло 21%",783,R6: out/in=0.21 между 0.1 и 0.5,-,not_sink,False,1.0,False,3,1,2,664992.0,138000.0,3,4,0.2075,0.1774,0.0,0,0,0.00058097,1.981e-05,in_cycle,0.0032,0.227,0.1746,0.0,0.0333
100000004200745100,terminal,0.598,28,0.4378,"4-е колено, исходящие не выгружены; получил 130 тыс ₸ от 1 плательщика (4 перевода). У узлов колен 1–3 с таким профилем пересылают дальше 40%",784,T4: p_forward=0.40<0.5 (оценка по коленам 1–3),transit,truncated_depth,True,0.402,False,4,1,0,130000.0,0.0,4,0,0.0,-1.0,0.0,0,0,0.00060101,0.0,truncated,0.1046,0.1564,0.1767,0.0,0.0
100000008659950100,terminal,0.806,2,0.4375,"Получил 246 тыс ₸ от 1 плательщика (1 перевод), дальше ушло 0%",785,"R5: out/in=0.00≤0.1, in=246 тыс ₸",-,confirmed_sink,False,0.0,False,3,1,0,246000.0,0.0,1,0,0.0,-1.0,0.0,0,0,0.00032087,0.0,-,0.141,0.1871,0.1094,0.0,0.0
100000003132484100,terminal,0.765,12,0.4374,"Получил 90 тыс ₸ от 1 плательщика (1 перевод), дальше ушло 0%",786,"R5: out/in=0.00≤0.1, in=90 тыс ₸",-,confirmed_sink,False,0.0,False,3,1,0,90000.0,0.0,1,0,0.0,-1.0,0.0,0,0,0.00053882,0.0,-,0.1339,0.1378,0.1657,0.0,0.0
100000003360542100,peripheral,0.189,14,0.4373,"Смешанный профиль: получил 317 тыс ₸ от 2 плательщиков (3 перевода), отправил 52 тыс ₸ 2 получателям (5 переводов); дальше ушло 16%",787,R6: out/in=0.16 между 0.1 и 0.5,-,not_sink,False,1.0,False,2,2,2,317000.0,51800.0,3,5,0.1634,0.0489,0.0,0,0,0.00145643,9.9e-07,in_cycle,0.0066,0.2027,0.1947,0.0,0.0333
100000004217419100,terminal,0.61,8,0.4373,"Получил 118 тыс ₸ от 2 плательщиков (3 перевода), дальше ушло 7%",788,"R5: out/in=0.07≤0.1, in=118 тыс ₸",-,confirmed_sink,False,1.0,False,3,2,1,118200.0,7700.0,3,1,0.0651,0.0651,0.0,0,0,0.00058418,1.942e-05,-,0.1068,0.1556,0.175,0.0,0.0
100000008501413100,transit,1.0,53,0.4371,"Получил 5 тыс ₸ от 1 плательщика (1 перевод), отправил 5 тыс ₸ 1 получателю (1 перевод); дальше ушло 102%; 100% полученного ушло за ≤2 дн",789,R4: out/in=1.02∈[0.8;1.2],-,not_sink,False,1.0,False,3,1,1,5000.0,5100.0,1,1,1.02,1.0,100.0,0,0,0.00036665,2.12e-05,fast_transit,0.21,0.0232,0.1706,0.0,0.0333
100000001987030100,transit,0.558,19,0.4368,"Получил 31 тыс ₸ от 2 плательщиков (2 перевода), отправил 19 тыс ₸ 1 получателю (1 перевод); дальше ушло 62%; seed среди плательщиков: 1",790,R4: out/in=0.62≥0.5,-,not_sink,False,1.0,False,1,2,1,30864.0,19000.0,2,1,0.6156,0.0,0.0,1,0,0.00029387,5.707e-05,-,0.1172,0.1054,0.1809,0.0333,0.0
100000000850297100,transit,1.0,14,0.4366,"Получил 18 тыс ₸ от 1 плательщика (1 перевод), отправил 18 тыс ₸ 1 получателю (1 перевод); дальше ушло 100%; 100% полученного ушло за ≤2 дн",791,R4: out/in=1.00∈[0.8;1.2],-,not_sink,False,1.0,False,2,1,1,17520.0,17520.0,1,1,1.0,1.0,0.0,0,0,0.00029392,0.0,fast_transit;in_cycle,0.21,0.0865,0.0734,0.0,0.0667
100000003163256100,transit,0.8,6,0.4365,"Получил 13 тыс ₸ от 1 плательщика (1 перевод), отправил 15 тыс ₸ 1 получателю (1 перевод); дальше ушло 111%; seed среди плательщиков: 1",792,R4: out/in=1.11∈[0.8;1.2],-,not_sink,False,1.0,False,1,1,1,13485.0,15000.0,1,1,1.1123,0.0,1515.0,1,0,0.00028702,1.922e-05,-,0.168,0.0732,0.162,0.0333,0.0
100000004180097100,peripheral,0.343,1,0.4364,"Смешанный профиль: получил 105 тыс ₸ от 3 плательщиков (5 переводов), отправил 48 тыс ₸ 3 получателям (7 переводов); дальше ушло 46%; seed среди плательщиков: 1",793,R6: out/in=0.46 между 0.1 и 0.5,-,not_sink,False,1.0,False,1,3,3,104854.0,47800.0,5,7,0.4559,0.248,0.0,1,0,0.00085653,0.00031367,in_cycle,0.012,0.1644,0.1933,0.0333,0.0333
100000008740295100,terminal,0.738,2,0.4361,"4-е колено, исходящие не выгружены; получил 300 тыс ₸ от 1 плательщика (1 перевод). У узлов колен 1–3 с таким профилем пересылают дальше 26%",794,T4: p_forward=0.26<0.5 (оценка по коленам 1–3),transit,truncated_depth,True,0.262,False,4,1,0,300000.0,0.0,1,0,0.0,-1.0,0.0,0,0,0.00032504,0.0,truncated,0.1291,0.1946,0.1124,0.0,0.0
100000008720856100,transit,0.702,3,0.4359,"Получил 18 тыс ₸ от 1 плательщика (1 перевод), отправил 46 тыс ₸ 1 получателю (2 перевода); отправил в 2,5× больше полученного → есть невидимые входящие",795,R4: out/in=2.54>1.2 (невидимые входящие),-,not_sink,False,1.0,False,3,1,1,18105.0,46000.0,1,2,2.5407,0.0,27895.0,0,0,0.00031933,1.962e-05,-,0.1474,0.1213,0.1671,0.0,0.0
100000005061890100,terminal,0.765,5,0.4355,"Получил 90 тыс ₸ от 1 плательщика (1 перевод), дальше ушло 0%",796,"R5: out/in=0.00≤0.1, in=90 тыс ₸",-,confirmed_sink,False,0.0,False,3,1,0,90000.0,0.0,1,0,0.0,-1.0,0.0,0,0,0.00053463,0.0,-,0.1339,0.1378,0.1638,0.0,0.0
100000002941114100,peripheral,0.361,14,0.4353,"Смешанный профиль: получил 129 тыс ₸ от 2 плательщиков (15 переводов), отправил 15 тыс ₸ 1 получателю (1 перевод); дальше ушло 12%; seed среди плательщиков: 1",797,R6: out/in=0.12 между 0.1 и 0.5,-,not_sink,False,1.0,False,1,2,1,128510.0,15000.0,15,1,0.1167,0.1167,0.0,1,0,0.00181463,2.061e-05,in_cycle,0.0126,0.1597,0.1963,0.0333,0.0333
100000002984403100,transit,0.795,47,0.4349,"Получил 20 тыс ₸ от 1 плательщика (1 перевод), отправил 25 тыс ₸ 1 получателю (1 перевод); отправил в 1,2× больше полученного → есть невидимые входящие",798,R4: out/in=1.25>1.2 (невидимые входящие),-,not_sink,False,1.0,False,3,1,1,20000.0,25000.0,1,1,1.25,0.0,5000.0,0,0,0.0003201,2.001e-05,-,0.1669,0.0988,0.1692,0.0,0.0
100000008077552100,terminal,0.797,8,0.4341,"Получил 214 тыс ₸ от 1 плательщика (1 перевод), дальше ушло 0%",799,"R5: out/in=0.00≤0.1, in=214 тыс ₸",-,confirmed_sink,False,0.0,False,3,1,0,214000.0,0.0,1,0,0.0,-1.0,0.0,0,0,0.00032911,0.0,-,0.1395,0.18,0.1146,0.0,0.0
100000003125997100,terminal,0.738,2,0.4341,"4-е колено, исходящие не выгружены; получил 88 тыс ₸ от 1 плательщика (1 перевод). У узлов колен 1–3 с таким профилем пересылают дальше 26%",800,T4: p_forward=0.26<0.5 (оценка по коленам 1–3),transit,truncated_depth,True,0.262,False,4,1,0,87750.0,0.0,1,0,0.0,-1.0,0.0,0,0,0.00054837,0.0,truncated,0.1291,0.1361,0.1689,0.0,0.0
100000008536546100,terminal,0.807,13,0.4336,"Получил 250 тыс ₸ от 2 плательщиков (2 перевода), дальше ушло 0%",801,"R5: out/in=0.00≤0.1, in=250 тыс ₸",-,confirmed_sink,False,0.0,False,3,2,0,250000.0,0.0,2,0,0.0,-1.0,0.0,0,0,0.00031725,0.0,-,0.1412,0.1876,0.1048,0.0,0.0
100000008551752100,terminal,0.598,34,0.4334,"4-е колено, исходящие не выгружены; получил 406 тыс ₸ от 1 плательщика (2 перевода). У узлов колен 1–3 с таким профилем пересылают дальше 40%",802,T4: p_forward=0.40<0.5 (оценка по коленам 1–3),transit,truncated_depth,True,0.402,False,4,1,0,406000.0,0.0,2,0,0.0,-1.0,0.0,0,0,0.00034156,0.0,truncated,0.1046,0.2069,0.1219,0.0,0.0
100000002605184100,terminal,0.778,19,0.4332,"Получил 140 тыс ₸ от 1 плательщика (1 перевод), дальше ушло 0%",803,"R5: out/in=0.00≤0.1, in=140 тыс ₸",-,confirmed_sink,False,0.0,False,2,1,0,140000.0,0.0,1,0,0.0,-1.0,0.0,0,0,0.00039107,0.0,-,0.1362,0.1588,0.1383,0.0,0.0
100000002521039100,terminal,0.832,1,0.4329,"Получил 349 тыс ₸ от 1 плательщика (1 перевод), дальше ушло 0%",804,"R5: out/in=0.00≤0.1, in=349 тыс ₸",-,confirmed_sink,False,0.0,False,3,1,0,349370.0,0.0,1,0,0.0,-1.0,0.0,0,0,0.00030525,0.0,-,0.1456,0.2001,0.0873,0.0,0.0
100000003247600100,terminal,0.738,5,0.4329,"4-е колено, исходящие не выгружены; получил 58 тыс ₸ от 1 плательщика (1 перевод). У узлов колен 1–3 с таким профилем пересылают дальше 26%",805,T4: p_forward=0.26<0.5 (оценка по коленам 1–3),transit,truncated_depth,True,0.262,False,4,1,0,58000.0,0.0,1,0,0.0,-1.0,0.0,0,0,0.00084121,0.0,truncated,0.1291,0.1169,0.1868,0.0,0.0
100000008708207100,terminal,0.517,2,0.4326,"Получил 465 тыс ₸ от 2 плательщиков (2 перевода), дальше ушло 0%; 100% поступило 30–31 июля — август не виден",806,"R5: out/in=0.00≤0.1, in=465 тыс ₸",-,truncated_time,False,0.0,False,3,2,0,465000.0,0.0,2,0,0.0,-1.0,0.0,0,0,0.00035979,0.0,late_inflow,0.0905,0.2129,0.1293,0.0,0.0
100000004358004100,distributor,0.51,5,0.4326,"Веерная раздача: 981 тыс ₸ 11 получателям (17 переводов, в среднем 58 тыс ₸); входящие вне выборки",807,R2: out_deg=11≥10 и ≥3×in_deg,-,not_sink,False,1.0,True,0,0,11,0.0,980850.0,0,17,-1.0,-1.0,980850.0,0,1,0.00028557,0.0,-,0.1285,0.208,0.0661,0.03,0.0
100000008722541100,terminal,0.598,3,0.4324,"4-е колено, исходящие не выгружены; получил 280 тыс ₸ от 1 плательщика (4 перевода). У узлов колен 1–3 с таким профилем пересылают дальше 40%",808,T4: p_forward=0.40<0.5 (оценка по коленам 1–3),transit,truncated_depth,True,0.402,False,4,1,0,280000.0,0.0,4,0,0.0,-1.0,0.0,0,0,0.00038364,0.0,truncated,0.1046,0.1916,0.1362,0.0,0.0
100000002591469100,terminal,0.803,7,0.4319,"Получил 236 тыс ₸ от 1 плательщика (1 перевод), дальше ушло 0%; seed среди плательщиков: 1",809,"R5: out/in=0.00≤0.1, in=236 тыс ₸",-,confirmed_sink,False,0.0,False,1,1,0,235670.0,0.0,1,0,0.0,-1.0,0.0,1,0,0.00029908,0.0,-,0.1405,0.1846,0.0734,0.0333,0.0
100000002212494100,terminal,0.784,22,0.4318,"Получил 160 тыс ₸ от 1 плательщика (1 перевод), дальше ушло 0%",810,"R5: out/in=0.00≤0.1, in=160 тыс ₸",-,confirmed_sink,False,0.0,False,3,1,0,160000.0,0.0,1,0,0.0,-1.0,0.0,0,0,0.00035664,0.0,-,0.1372,0.1668,0.1278,0.0,0.0
100000000534581100,transit,0.607,8,0.4317,"Получил 56 тыс ₸ от 2 плательщиков (2 перевода), отправил 40 тыс ₸ 1 получателю (1 перевод); дальше ушло 71%",811,R4: out/in=0.71≥0.5,-,not_sink,False,1.0,False,3,2,1,55960.0,40000.0,2,1,0.7148,0.0,0.0,0,0,0.00029845,1.922e-05,-,0.1275,0.1422,0.162,0.0,0.0
100000000723383100,transit,0.511,52,0.4308,"Получил 7 тыс ₸ от 1 плательщика (1 перевод), отправил 75 тыс ₸ 2 получателям (2 перевода); отправил в 11,0× больше полученного → есть невидимые входящие",812,R4: out/in=11.03>1.2 (невидимые входящие),-,not_sink,False,1.0,False,2,1,2,6800.0,75000.0,1,2,11.0294,0.0,68200.0,0,0,0.00038932,0.00023897,-,0.1073,0.1317,0.1918,0.0,0.0
100000004921657100,transit,0.896,5,0.4305,"Получил 8 тыс ₸ от 1 плательщика (1 перевод), отправил 22 тыс ₸ 1 получателю (1 перевод); отправил в 2,7× больше полученного → есть невидимые входящие; 100% полученного ушло за ≤2 дн",813,R4: out/in=2.67>1.2 (невидимые входящие),-,not_sink,False,1.0,False,3,1,1,8300.0,22190.0,1,1,2.6735,1.0,13890.0,0,0,0.0003613,0.0,fast_transit,0.1882,0.0791,0.1299,0.0,0.0333
100000002632742100,terminal,0.803,2,0.4303,"Получил 236 тыс ₸ от 2 плательщиков (2 перевода), дальше ушло 0%",814,"R5: out/in=0.00≤0.1, in=236 тыс ₸",-,confirmed_sink,False,0.0,False,3,2,0,235500.0,0.0,2,0,0.0,-1.0,0.0,0,0,0.00031756,0.0,-,0.1405,0.1845,0.1052,0.0,0.0
100000004007116100,peripheral,0.08,27,0.4302,"Смешанный профиль: получил 765 тыс ₸ от 3 плательщиков (24 перевода), отправил 148 тыс ₸ 4 получателям (6 переводов); дальше ушло 19%",815,R6: out/in=0.19 между 0.1 и 0.5,-,not_sink,False,1.0,True,0,3,4,764704.0,148000.0,24,6,0.1935,0.1282,0.0,0,0,0.00062778,4e-07,in_cycle;repeat_route,0.0025,0.207,0.1607,0.0,0.06
100000004097972100,terminal,0.563,1,0.4302,"Получил 119 тыс ₸ от 1 плательщика (1 перевод), дальше ушло 8%",816,"R5: out/in=0.08≤0.1, in=119 тыс ₸",-,confirmed_sink,False,1.0,False,3,1,2,118878.0,10000.0,1,2,0.0841,0.0421,0.0,0,0,0.00031658,3.844e-05,-,0.0985,0.1559,0.1758,0.0,0.0
100000008555233100,terminal,0.514,13,0.43,"Получил 441 тыс ₸ от 1 плательщика (1 перевод), дальше ушло 0%; 100% поступило 30–31 июля — август не виден",817,"R5: out/in=0.00≤0.1, in=441 тыс ₸",-,truncated_time,False,0.0,False,3,1,0,440600.0,0.0,1,0,0.0,-1.0,0.0,0,0,0.00036341,0.0,late_inflow,0.09,0.2095,0.1305,0.0,0.0
100000001346560100,transit,0.82,5,0.43,"Получил 10 тыс ₸ от 2 плательщиков (2 перевода), отправил 22 тыс ₸ 1 получателю (1 перевод); отправил в 2,2× больше полученного → есть невидимые входящие; 50% полученного ушло за ≤2 дн",818,R4: out/in=2.22>1.2 (невидимые входящие),-,not_sink,False,1.0,False,2,2,1,10000.0,22200.0,2,1,2.22,0.5,12200.0,0,0,0.00058662,2.576e-05,-,0.1722,0.0824,0.1754,0.0,0.0
100000002822472100,terminal,0.811,9,0.4297,"Получил 267 тыс ₸ от 2 плательщиков (2 перевода), дальше ушло 0%",819,"R5: out/in=0.00≤0.1, in=267 тыс ₸",-,confirmed_sink,False,0.0,False,3,2,0,266722.0,0.0,2,0,0.0,-1.0,0.0,0,0,0.00031224,0.0,-,0.1419,0.1898,0.098,0.0,0.0
100000004591973100,transit,0.524,28,0.4296,"Получил 10 тыс ₸ от 1 плательщика (1 перевод), отправил 100 тыс ₸ 1 получателю (1 перевод); отправил в 10,0× больше полученного → есть невидимые входящие",820,R4: out/in=10.00>1.2 (невидимые входящие),-,not_sink,False,1.0,False,3,1,1,10000.0,100000.0,1,1,10.0,0.0,90000.0,0,0,0.00039913,2.041e-05,-,0.11,0.1498,0.1698,0.0,0.0
100000004770073100,transit,1.0,1,0.4296,"Получил 5 тыс ₸ от 1 плательщика (1 перевод), отправил 5 тыс ₸ 1 получателю (1 перевод); дальше ушло 100%; 100% полученного ушло за ≤2 дн",821,R4: out/in=1.00∈[0.8;1.2],-,not_sink,False,1.0,False,3,1,1,5462.4,5466.97,1,1,1.0008,1.0,4.5700000000006185,0,0,0.00028781,1.922e-05,fast_transit,0.21,0.0242,0.162,0.0,0.0333
100000004765639100,transit,0.921,1,0.4296,"Получил 5 тыс ₸ от 1 плательщика (1 перевод), отправил 11 тыс ₸ 2 получателям (2 перевода); отправил в 2,2× больше полученного → есть невидимые входящие; 100% полученного ушло за ≤2 дн",822,R4: out/in=2.20>1.2 (невидимые входящие),-,not_sink,False,1.0,False,2,1,2,5000.0,11000.0,1,2,2.2,1.0,6000.0,0,0,0.00036186,0.0,fast_transit;in_cycle,0.1934,0.0394,0.1301,0.0,0.0667
100000003631015100,terminal,0.738,34,0.4294,"4-е колено, исходящие не выгружены; получил 266 тыс ₸ от 1 плательщика (1 перевод). У узлов колен 1–3 с таким профилем пересылают дальше 26%",823,T4: p_forward=0.26<0.5 (оценка по коленам 1–3),transit,truncated_depth,True,0.262,False,4,1,0,266000.0,0.0,1,0,0.0,-1.0,0.0,0,0,0.00032225,0.0,truncated,0.1291,0.1897,0.1105,0.0,0.0
100000004588479100,terminal,0.788,6,0.4292,"Получил 178 тыс ₸ от 1 плательщика (2 перевода), дальше ушло 0%; seed среди плательщиков: 1",824,"R5: out/in=0.00≤0.1, in=178 тыс ₸",-,confirmed_sink,False,0.0,False,1,1,0,177633.0,0.0,2,0,0.0,-1.0,0.0,1,0,0.00030467,0.0,-,0.1379,0.1717,0.0863,0.0333,0.0
100000001822623100,terminal,0.794,25,0.4289,"Получил 201 тыс ₸ от 1 плательщика (1 перевод), дальше ушло 0%",825,"R5: out/in=0.00≤0.1, in=201 тыс ₸",-,confirmed_sink,False,0.0,False,2,1,0,201300.0,0.0,1,0,0.0,-1.0,0.0,0,0,0.00032349,0.0,-,0.139,0.1787,0.1112,0.0,0.0
100000004407753100,peripheral,0.199,37,0.4288,"Смешанный профиль: получил 250 тыс ₸ от 1 плательщика (4 перевода), отправил 100 тыс ₸ 1 получателю (1 перевод); дальше ушло 40%",826,R6: out/in=0.40 между 0.1 и 0.5,-,not_sink,False,1.0,False,3,1,1,250000.0,100000.0,4,1,0.4,0.4,0.0,0,0,0.00087856,0.0,in_cycle,0.007,0.2003,0.1882,0.0,0.0333
100000002812641100,transit,0.742,12,0.4286,"Получил 10 тыс ₸ от 1 плательщика (1 перевод), отправил 7 тыс ₸ 1 получателю (1 перевод); дальше ушло 70%; 70% полученного ушло за ≤2 дн",827,R4: out/in=0.70≥0.5,-,not_sink,False,1.0,False,2,1,1,10000.0,7023.95,1,1,0.7024,0.7024,0.0,0,0,0.00206385,0.0,in_cycle,0.1558,0.0418,0.1976,0.0,0.0333
100000003390036100,peripheral,0.226,14,0.4283,"Смешанный профиль: получил 231 тыс ₸ от 2 плательщиков (4 перевода), отправил 62 тыс ₸ 2 получателям (2 перевода); дальше ушло 27%",828,R6: out/in=0.27 между 0.1 и 0.5,-,not_sink,False,1.0,False,2,2,2,231300.0,62000.0,4,2,0.2681,0.0432,0.0,0,0,0.00132422,7.827e-05,in_cycle,0.0079,0.1935,0.1936,0.0,0.0333
100000002679516100,terminal,0.769,28,0.4282,"Получил 102 тыс ₸ от 3 плательщиков (3 перевода), дальше ушло 0%; seed среди плательщиков: 1",829,"R5: out/in=0.00≤0.1, in=102 тыс ₸",-,confirmed_sink,False,0.0,False,1,3,0,102335.0,0.0,3,0,0.0,-1.0,0.0,1,0,0.00032683,0.0,-,0.1346,0.1471,0.1132,0.0333,0.0
100000004321983100,transit,0.667,24,0.4282,"Получил 11 тыс ₸ от 1 плательщика (1 перевод), отправил 36 тыс ₸ 2 получателям (3 перевода); отправил в 3,3× больше полученного → есть невидимые входящие",830,R4: out/in=3.34>1.2 (невидимые входящие),-,not_sink,False,1.0,False,3,1,2,10840.0,36200.0,1,3,3.3395,0.0,25360.0,0,0,0.00032378,1.39e-06,in_cycle,0.1401,0.102,0.1528,0.0,0.0333
100000007689942100,transit,0.614,16,0.4282,"Получил 5 тыс ₸ от 1 плательщика (1 перевод), отправил 25 тыс ₸ 2 получателям (2 перевода); отправил в 5,0× больше полученного → есть невидимые входящие",831,R4: out/in=5.00>1.2 (невидимые входящие),-,not_sink,False,1.0,False,3,1,2,5000.0,25000.0,1,2,5.0,0.0,20000.0,0,0,0.00089259,1.981e-05,in_cycle,0.1289,0.0771,0.1888,0.0,0.0333
100000004500781100,transit,0.568,10,0.4281,"4-е колено, исходящие не выгружены; получил 74 тыс ₸ от 1 плательщика (5 переводов). У узлов колен 1–3 с таким профилем пересылают дальше 57%",832,T4: p_forward=0.57≥0.5 (оценка),terminal,truncated_depth,True,0.568,False,4,1,0,74000.0,0.0,5,0,0.0,-1.0,0.0,0,0,0.00068075,0.0,truncated,0.1193,0.1274,0.1814,0.0,0.0
100000002988894100,peripheral,0.182,5,0.4278,"Смешанный профиль: получил 306 тыс ₸ от 1 плательщика (1 перевод), отправил 78 тыс ₸ 3 получателям (3 перевода); дальше ушло 25%; seed среди плательщиков: 1",833,R6: out/in=0.25 между 0.1 и 0.5,-,not_sink,False,1.0,False,1,1,3,306121.0,77500.0,1,3,0.2532,0.0947,0.0,1,0,0.00034687,7.133e-05,-,0.0064,0.2045,0.1836,0.0333,0.0
100000002697752100,terminal,0.791,8,0.4278,"Получил 191 тыс ₸ от 2 плательщиков (2 перевода), дальше ушло 0%",834,"R5: out/in=0.00≤0.1, in=191 тыс ₸",-,confirmed_sink,False,0.0,False,3,2,0,190785.0,0.0,2,0,0.0,-1.0,0.0,0,0,0.00032958,0.0,-,0.1384,0.1746,0.1148,0.0,0.0
100000005974542100,terminal,0.767,25,0.4278,"Получил 94 тыс ₸ от 1 плательщика (3 перевода), дальше ушло 0%",835,"R5: out/in=0.00≤0.1, in=94 тыс ₸",-,confirmed_sink,False,0.0,False,3,1,0,94500.0,0.0,3,0,0.0,-1.0,0.0,0,0,0.00048305,0.0,-,0.1342,0.1407,0.1528,0.0,0.0
100000003824464100,terminal,0.794,25,0.4277,"Получил 200 тыс ₸ от 1 плательщика (1 перевод), дальше ушло 0%",836,"R5: out/in=0.00≤0.1, in=200 тыс ₸",-,confirmed_sink,False,0.0,False,2,1,0,200000.0,0.0,1,0,0.0,-1.0,0.0,0,0,0.00032325,0.0,-,0.139,0.1777,0.1111,0.0,0.0
100000008238989100,terminal,0.794,25,0.4277,"Получил 200 тыс ₸ от 1 плательщика (2 перевода), дальше ушло 0%",837,"R5: out/in=0.00≤0.1, in=200 тыс ₸",-,confirmed_sink,False,0.0,False,2,1,0,200000.0,0.0,2,0,0.0,-1.0,0.0,0,0,0.00032325,0.0,-,0.139,0.1777,0.1111,0.0,0.0
100000008732488100,terminal,0.595,8,0.4274,"Получил 137 тыс ₸ от 1 плательщика (1 перевод), дальше ушло 7%",838,"R5: out/in=0.07≤0.1, in=137 тыс ₸",-,confirmed_sink,False,1.0,False,3,1,1,137000.0,10000.0,1,1,0.073,0.073,0.0,0,0,0.00031344,1.922e-05,-,0.1041,0.1613,0.162,0.0,0.0
100000002170580100,terminal,0.781,14,0.4273,"Получил 150 тыс ₸ от 1 плательщика (1 перевод), дальше ушло 0%",839,"R5: out/in=0.00≤0.1, in=150 тыс ₸",-,confirmed_sink,False,0.0,False,2,1,0,150000.0,0.0,1,0,0.0,-1.0,0.0,0,0,0.00035704,0.0,-,0.1367,0.1626,0.128,0.0,0.0
100000004192865100,terminal,0.759,43,0.4273,"Получил 67 тыс ₸ от 1 плательщика (1 перевод), дальше ушло 0%",840,"R5: out/in=0.00≤0.1, in=67 тыс ₸",-,confirmed_sink,False,0.0,False,2,1,0,66666.0,0.0,1,0,0.0,-1.0,0.0,0,0,0.00055581,0.0,-,0.1328,0.1232,0.1713,0.0,0.0
100000002796853100,peripheral,0.253,60,0.427,"Смешанный профиль: получил 199 тыс ₸ от 1 плательщика (8 переводов), отправил 46 тыс ₸ 1 получателю (5 переводов); дальше ушло 23%",841,R6: out/in=0.23 между 0.1 и 0.5,-,not_sink,False,1.0,False,2,1,1,199000.0,46167.62,8,5,0.232,0.2069,0.0,0,0,0.0021136,0.0,in_cycle,0.0089,0.1868,0.198,0.0,0.0333
100000003205210100,terminal,0.778,5,0.427,"Получил 138 тыс ₸ от 1 плательщика (1 перевод), дальше ушло 0%; seed среди плательщиков: 1",842,"R5: out/in=0.00≤0.1, in=138 тыс ₸",-,confirmed_sink,False,0.0,False,1,1,0,137563.0,0.0,1,0,0.0,-1.0,0.0,1,0,0.00031311,0.0,-,0.1362,0.158,0.0995,0.0333,0.0
100000001674850100,terminal,0.803,2,0.4265,"Получил 237 тыс ₸ от 2 плательщиков (2 перевода), дальше ушло 0%",843,"R5: out/in=0.00≤0.1, in=237 тыс ₸",-,confirmed_sink,False,0.0,False,3,2,0,237000.0,0.0,2,0,0.0,-1.0,0.0,0,0,0.00031409,0.0,-,0.1405,0.1849,0.1011,0.0,0.0
100000002663511100,terminal,0.812,1,0.4264,"Получил 269 тыс ₸ от 1 плательщика (1 перевод), дальше ушло 0%",844,"R5: out/in=0.00≤0.1, in=269 тыс ₸",-,confirmed_sink,False,0.0,False,3,1,0,268940.0,0.0,1,0,0.0,-1.0,0.0,0,0,0.00030942,0.0,-,0.1421,0.1904,0.094,0.0,0.0
100000004235471100,terminal,0.738,3,0.4262,"4-е колено, исходящие не выгружены; получил 180 тыс ₸ от 1 плательщика (1 перевод). У узлов колен 1–3 с таким профилем пересылают дальше 26%",845,T4: p_forward=0.26<0.5 (оценка по коленам 1–3),transit,truncated_depth,True,0.262,False,4,1,0,180000.0,0.0,1,0,0.0,-1.0,0.0,0,0,0.00034861,0.0,truncated,0.1291,0.1722,0.1249,0.0,0.0
100000007982728100,transit,0.6,7,0.4262,"Seed: входящие вне выгрузки; отправил 1,80 млн ₸ 8 получателям (12 переводов) — передаёт средства дальше по цепочке",846,"R4s: seed с исходящими, входящие не наблюдаются",-,not_sink,False,1.0,True,0,0,8,0.0,1804384.0,0,12,-1.0,-1.0,1804384.0,0,1,0.00028557,0.0,-,0.1134,0.2167,0.0661,0.03,0.0
100000001927599100,terminal,0.791,12,0.426,"Получил 188 тыс ₸ от 2 плательщиков (2 перевода), дальше ушло 0%",847,"R5: out/in=0.00≤0.1, in=188 тыс ₸",-,confirmed_sink,False,0.0,False,3,2,0,188000.0,0.0,2,0,0.0,-1.0,0.0,0,0,0.00032726,0.0,-,0.1384,0.1739,0.1136,0.0,0.0
100000002921047100,peripheral,0.134,7,0.4259,"Смешанный профиль: получил 338 тыс ₸ от 2 плательщиков (2 перевода), отправил 163 тыс ₸ 1 получателю (1 перевод); дальше ушло 48%; seed среди плательщиков: 1",848,R6: out/in=0.48 между 0.1 и 0.5,-,not_sink,False,1.0,False,1,2,1,338000.0,163000.02,2,1,0.4822,0.4822,0.0,1,0,0.00031705,2.16e-05,-,0.0047,0.2165,0.1713,0.0333,0.0
100000002864256100,terminal,0.777,5,0.4258,"Получил 136 тыс ₸ от 1 плательщика (1 перевод), дальше ушло 0%; seed среди плательщиков: 1",849,"R5: out/in=0.00≤0.1, in=136 тыс ₸",-,confirmed_sink,False,0.0,False,1,1,0,135780.0,0.0,1,0,0.0,-1.0,0.0,1,0,0.00031276,0.0,-,0.136,0.1577,0.0988,0.0333,0.0
100000007334196100,terminal,0.781,14,0.4256,"Получил 150 тыс ₸ от 1 плательщика (1 перевод), дальше ушло 0%; seed среди плательщиков: 1",850,"R5: out/in=0.00≤0.1, in=150 тыс ₸",-,confirmed_sink,False,0.0,False,1,1,0,150002.0,0.0,1,0,0.0,-1.0,0.0,1,0,0.00030832,0.0,-,0.1367,0.1634,0.0923,0.0333,0.0
100000002981527100,terminal,0.786,12,0.4255,"Получил 168 тыс ₸ от 1 плательщика (1 перевод), дальше ушло 0%; seed среди плательщиков: 1",851,"R5: out/in=0.00≤0.1, in=168 тыс ₸",-,confirmed_sink,False,0.0,False,1,1,0,168000.0,0.0,1,0,0.0,-1.0,0.0,1,0,0.00030361,0.0,-,0.1376,0.1694,0.0851,0.0333,0.0
100000000533217100,terminal,0.756,1,0.4255,"Получил 54 тыс ₸ от 1 плательщика (1 перевод), дальше ушло 0%",852,"R5: out/in=0.00≤0.1, in=54 тыс ₸",-,confirmed_sink,False,0.0,False,2,1,0,53587.0,0.0,1,0,0.0,-1.0,0.0,0,0,0.0006536,0.0,-,0.1323,0.1131,0.1801,0.0,0.0
100000003484058100,terminal,0.634,10,0.4253,"Получил 110 тыс ₸ от 1 плательщика (1 перевод), дальше ушло 5%",853,"R5: out/in=0.05≤0.1, in=110 тыс ₸",-,confirmed_sink,False,1.0,False,3,1,1,110000.0,6000.0,1,1,0.0545,0.0,0.0,0,0,0.00031666,1.922e-05,-,0.111,0.1523,0.162,0.0,0.0
100000005628518100,terminal,0.762,16,0.4251,"Получил 77 тыс ₸ от 1 плательщика (3 перевода), дальше ушло 0%",854,"R5: out/in=0.00≤0.1, in=77 тыс ₸",-,confirmed_sink,False,0.0,False,3,1,0,77000.0,0.0,3,0,0.0,-1.0,0.0,0,0,0.00053299,0.0,-,0.1334,0.1293,0.1625,0.0,0.0
100000003278020100,terminal,0.791,1,0.4248,"Получил 190 тыс ₸ от 1 плательщика (1 перевод), дальше ушло 0%",855,"R5: out/in=0.00≤0.1, in=190 тыс ₸",-,confirmed_sink,False,0.0,False,2,1,0,190000.0,0.0,1,0,0.0,-1.0,0.0,0,0,0.00032455,0.0,-,0.1384,0.1744,0.1119,0.0,0.0
100000006901046100,terminal,0.348,6,0.4247,"Получил 76 тыс ₸ от 1 плательщика (3 перевода), дальше ушло 7%; 74% поступило 30–31 июля — август не виден",856,"R5: out/in=0.07≤0.1, in=76 тыс ₸",-,truncated_time,False,1.0,False,2,1,1,75800.0,5500.0,3,1,0.0726,0.0726,0.0,0,0,0.00299988,0.0,in_cycle,0.0609,0.1309,0.1996,0.0,0.0333
100000000011452100,peripheral,0.377,1,0.4246,"Смешанный профиль: получил 110 тыс ₸ от 3 плательщиков (7 переводов), отправил 17 тыс ₸ 1 получателю (2 перевода); дальше ушло 15%; seed среди плательщиков: 1",857,R6: out/in=0.15 между 0.1 и 0.5,-,not_sink,False,1.0,False,1,3,1,110000.0,16685.0,7,2,0.1517,0.1517,0.0,1,0,0.00047686,3.37e-06,in_cycle;repeat_route,0.0132,0.1557,0.1557,0.0333,0.0667
100000004652395100,transit,0.6,8,0.4246,"4-е колено, исходящие не выгружены; получил 102 тыс ₸ от 3 плательщиков (5 переводов). У узлов колен 1–3 с таким профилем пересылают дальше 78%",858,T4: p_forward=0.78≥0.5 (оценка),terminal,truncated_depth,True,0.781,False,4,3,0,101528.0,0.0,5,0,0.0,-1.0,0.0,0,0,0.00033571,0.0,burst_in;truncated,0.126,0.1469,0.1183,0.0,0.0333
100000002681544100,terminal,0.785,7,0.4245,"Получил 166 тыс ₸ от 2 плательщиков (2 перевода), дальше ушло 0%",859,"R5: out/in=0.00≤0.1, in=166 тыс ₸",-,confirmed_sink,False,0.0,False,3,2,0,166072.0,0.0,2,0,0.0,-1.0,0.0,0,0,0.00033572,0.0,-,0.1374,0.1687,0.1184,0.0,0.0
100000004976946100,terminal,0.738,34,0.4241,"4-е колено, исходящие не выгружены; получил 246 тыс ₸ от 1 плательщика (1 перевод). У узлов колен 1–3 с таким профилем пересылают дальше 26%",860,T4: p_forward=0.26<0.5 (оценка по коленам 1–3),transit,truncated_depth,True,0.262,False,4,1,0,246000.0,0.0,1,0,0.0,-1.0,0.0,0,0,0.00031949,0.0,truncated,0.1291,0.1871,0.1079,0.0,0.0
100000000569479100,terminal,0.495,8,0.4239,"Получил 320 тыс ₸ от 1 плательщика (1 перевод), дальше ушло 0%; 100% поступило 30–31 июля — август не виден",861,"R5: out/in=0.00≤0.1, in=320 тыс ₸",-,truncated_time,False,0.0,False,3,1,0,320000.0,0.0,1,0,0.0,-1.0,0.0,0,0,0.00039495,0.0,late_inflow,0.0866,0.1973,0.1399,0.0,0.0
100000000795129100,terminal,0.497,19,0.4237,"Получил 332 тыс ₸ от 1 плательщика (1 перевод), дальше ушло 0%; 100% поступило 30–31 июля — август не виден",862,"R5: out/in=0.00≤0.1, in=332 тыс ₸",-,truncated_time,False,0.0,False,2,1,0,332000.0,0.0,1,0,0.0,-1.0,0.0,0,0,0.00039119,0.0,late_inflow,0.087,0.1983,0.1384,0.0,0.0
100000004418967100,terminal,0.738,2,0.4235,"4-е колено, исходящие не выгружены; получил 100 тыс ₸ от 1 плательщика (1 перевод). У узлов колен 1–3 с таким профилем пересылают дальше 26%",863,T4: p_forward=0.26<0.5 (оценка по коленам 1–3),transit,truncated_depth,True,0.262,False,4,1,0,100000.0,0.0,1,0,0.0,-1.0,0.0,0,0,0.00045347,0.0,truncated,0.1291,0.145,0.1494,0.0,0.0
100000002886166100,terminal,0.79,27,0.4234,"Получил 185 тыс ₸ от 1 плательщика (3 перевода), дальше ушло 0%",864,"R5: out/in=0.00≤0.1, in=185 тыс ₸",-,confirmed_sink,False,0.0,False,3,1,0,185000.0,0.0,3,0,0.0,-1.0,0.0,0,0,0.00032459,0.0,-,0.1382,0.1731,0.1121,0.0,0.0
100000004130144100,terminal,0.794,7,0.4233,"Получил 200 тыс ₸ от 1 плательщика (1 перевод), дальше ушло 0%; seed среди плательщиков: 1",865,"R5: out/in=0.00≤0.1, in=200 тыс ₸",-,confirmed_sink,False,0.0,False,1,1,0,200000.0,0.0,1,0,0.0,-1.0,0.0,1,0,0.00029704,0.0,-,0.139,0.1777,0.0734,0.0333,0.0
100000007641801100,terminal,0.794,7,0.4233,"Получил 200 тыс ₸ от 1 плательщика (1 перевод), дальше ушло 0%; seed среди плательщиков: 1",866,"R5: out/in=0.00≤0.1, in=200 тыс ₸",-,confirmed_sink,False,0.0,False,1,1,0,200000.0,0.0,1,0,0.0,-1.0,0.0,1,0,0.00029704,0.0,-,0.139,0.1777,0.0734,0.0333,0.0
100000000860514100,transit,0.638,47,0.4233,"Получил 12 тыс ₸ от 1 плательщика (1 перевод), отправил 50 тыс ₸ 1 получателю (1 перевод); отправил в 4,2× больше полученного → есть невидимые входящие",867,R4: out/in=4.17>1.2 (невидимые входящие),-,not_sink,False,1.0,False,3,1,1,12000.0,50000.0,1,1,4.1667,0.0,38000.0,0,0,0.00030629,2.001e-05,-,0.134,0.1202,0.1692,0.0,0.0
100000001140785100,terminal,0.798,2,0.4231,"Получил 215 тыс ₸ от 2 плательщиков (2 перевода), дальше ушло 0%",868,"R5: out/in=0.00≤0.1, in=215 тыс ₸",-,confirmed_sink,False,0.0,False,3,2,0,215000.0,0.0,2,0,0.0,-1.0,0.0,0,0,0.00031535,0.0,-,0.1396,0.1803,0.1032,0.0,0.0
100000002469065100,terminal,0.794,6,0.4231,"Получил 200 тыс ₸ от 1 плательщика (1 перевод), дальше ушло 0%",869,"R5: out/in=0.00≤0.1, in=200 тыс ₸",-,confirmed_sink,False,0.0,False,2,1,0,200000.0,0.0,1,0,0.0,-1.0,0.0,0,0,0.0003187,0.0,-,0.139,0.1777,0.1065,0.0,0.0
100000003574895100,transit,0.751,1,0.423,"Получил 28 тыс ₸ от 1 плательщика (1 перевод), отправил 20 тыс ₸ 1 получателю (1 перевод); дальше ушло 72%; 72% полученного ушло за ≤2 дн",870,R4: out/in=0.72≥0.5,-,not_sink,False,1.0,False,3,1,1,27968.0,20000.0,1,1,0.7151,0.7151,0.0,0,0,0.00028714,1.922e-05,-,0.1577,0.1033,0.162,0.0,0.0
100000002659103100,terminal,0.738,30,0.4229,"4-е колено, исходящие не выгружены; получил 165 тыс ₸ от 1 плательщика (1 перевод). У узлов колен 1–3 с таким профилем пересылают дальше 26%",871,T4: p_forward=0.26<0.5 (оценка по коленам 1–3),transit,truncated_depth,True,0.262,False,4,1,0,165000.0,0.0,1,0,0.0,-1.0,0.0,0,0,0.00034971,0.0,truncated,0.1291,0.1684,0.1254,0.0,0.0
100000002605548100,terminal,0.772,14,0.4226,"Получил 117 тыс ₸ от 2 плательщиков (2 перевода), дальше ушло 0%; seed среди плательщиков: 1",872,"R5: out/in=0.00≤0.1, in=117 тыс ₸",-,confirmed_sink,False,0.0,False,1,2,0,116695.0,0.0,2,0,0.0,-1.0,0.0,1,0,0.00031432,0.0,-,0.1351,0.1526,0.1016,0.0333,0.0
100000005342513100,peripheral,0.242,11,0.4225,"Смешанный профиль: получил 235 тыс ₸ от 1 плательщика (2 перевода), отправил 30 тыс ₸ 1 получателю (1 перевод); дальше ушло 13%",873,R6: out/in=0.13 между 0.1 и 0.5,-,not_sink,False,1.0,False,3,1,1,235000.0,30000.0,2,1,0.1277,0.1277,0.0,0,0,0.00108165,0.0,in_cycle,0.0085,0.1895,0.1912,0.0,0.0333
100000000941942100,terminal,0.776,5,0.4225,"Получил 130 тыс ₸ от 1 плательщика (1 перевод), дальше ушло 0%; seed среди плательщиков: 1",874,"R5: out/in=0.00≤0.1, in=130 тыс ₸",-,confirmed_sink,False,0.0,False,1,1,0,130000.0,0.0,1,0,0.0,-1.0,0.0,1,0,0.0003116,0.0,-,0.1358,0.1564,0.097,0.0333,0.0
100000005052998100,transit,0.681,1,0.4225,"Получил 10 тыс ₸ от 1 плательщика (1 перевод), отправил 28 тыс ₸ 1 получателю (1 перевод); отправил в 3,0× больше полученного → есть невидимые входящие",875,R4: out/in=2.99>1.2 (невидимые входящие),-,not_sink,False,1.0,False,3,1,1,9500.0,28400.0,1,1,2.9895,0.0,18900.0,0,0,0.0002861,4.33e-06,in_cycle,0.143,0.09,0.1562,0.0,0.0333
100000004269433100,transit,0.6,19,0.4224,"Seed: входящие вне выгрузки; отправил 1,37 млн ₸ 1 получателю (67 переводов) — передаёт средства дальше по цепочке",876,"R4s: seed с исходящими, входящие не наблюдаются",-,not_sink,False,1.0,True,0,0,1,0.0,1372000.0,0,67,-1.0,-1.0,1372000.0,0,1,0.00028557,0.0,-,0.1134,0.213,0.0661,0.03,0.0
100000004096559100,terminal,0.754,7,0.4223,"Получил 46 тыс ₸ от 1 плательщика (1 перевод), дальше ушло 0%",877,"R5: out/in=0.00≤0.1, in=46 тыс ₸",-,confirmed_sink,False,0.0,False,3,1,0,46200.0,0.0,1,0,0.0,-1.0,0.0,0,0,0.00097659,0.0,-,0.1319,0.1002,0.1901,0.0,0.0
100000002769809100,terminal,0.772,16,0.4219,"Получил 113 тыс ₸ от 1 плательщика (1 перевод), дальше ушло 0%",878,"R5: out/in=0.00≤0.1, in=113 тыс ₸",-,confirmed_sink,False,0.0,False,3,1,0,113422.0,0.0,1,0,0.0,-1.0,0.0,0,0,0.00037774,0.0,-,0.1351,0.1517,0.1351,0.0,0.0
100000008762832100,transit,0.533,5,0.4217,"Получил 150 тыс ₸ от 1 плательщика (1 перевод), отправил 85 тыс ₸ 1 получателю (4 перевода); дальше ушло 57%",879,R4: out/in=0.57≥0.5,-,not_sink,False,1.0,False,2,1,1,150000.0,85000.0,1,4,0.5667,0.0,0.0,0,0,0.00030815,0.0,in_cycle,0.1119,0.1844,0.0921,0.0,0.0333
100000001954534100,transit,0.677,1,0.4215,"Получил 13 тыс ₸ от 1 плательщика (1 перевод), отправил 40 тыс ₸ 1 получателю (1 перевод); отправил в 3,1× больше полученного → есть невидимые входящие",880,R4: out/in=3.08>1.2 (невидимые входящие),-,not_sink,False,1.0,False,3,1,1,13000.0,40000.0,1,1,3.0769,0.0,27000.0,0,0,0.00036595,1.962e-05,-,0.1422,0.1122,0.1671,0.0,0.0
100000003034546100,terminal,0.521,12,0.4212,"Получил 487 тыс ₸ от 1 плательщика (2 перевода), дальше ушло 0%; 59% поступило 30–31 июля — август не виден",881,"R5: out/in=0.00≤0.1, in=487 тыс ₸",-,truncated_time,False,0.0,False,2,1,0,486715.0,0.0,2,0,0.0,-1.0,0.0,0,0,0.00033137,0.0,late_inflow,0.0912,0.2142,0.1158,0.0,0.0
100000008531186100,terminal,0.774,5,0.421,"Получил 125 тыс ₸ от 1 плательщика (1 перевод), дальше ушло 0%",882,"R5: out/in=0.00≤0.1, in=125 тыс ₸",-,confirmed_sink,False,0.0,False,2,1,0,125000.0,0.0,1,0,0.0,-1.0,0.0,0,0,0.00036196,0.0,-,0.1354,0.1552,0.1303,0.0,0.0
100000008295429100,terminal,0.833,3,0.4202,"Получил 352 тыс ₸ от 1 плательщика (1 перевод), дальше ушло 0%",883,"R5: out/in=0.00≤0.1, in=352 тыс ₸",-,confirmed_sink,False,0.0,False,3,1,0,352000.0,0.0,1,0,0.0,-1.0,0.0,0,0,0.00029698,0.0,-,0.1458,0.2011,0.0734,0.0,0.0
100000008701944100,terminal,0.756,19,0.4198,"Получил 52 тыс ₸ от 1 плательщика (1 перевод), дальше ушло 0%; seed среди плательщиков: 1",884,"R5: out/in=0.00≤0.1, in=52 тыс ₸",-,confirmed_sink,False,0.0,False,1,1,0,52124.0,0.0,1,0,0.0,-1.0,0.0,1,0,0.00041152,0.0,-,0.1323,0.111,0.1431,0.0333,0.0
100000001819396100,terminal,0.785,23,0.4197,"Получил 166 тыс ₸ от 1 плательщика (1 перевод), дальше ушло 0%",885,"R5: out/in=0.00≤0.1, in=166 тыс ₸",-,confirmed_sink,False,0.0,False,3,1,0,166080.0,0.0,1,0,0.0,-1.0,0.0,0,0,0.00032722,0.0,-,0.1374,0.1688,0.1135,0.0,0.0
100000000917179100,terminal,0.767,10,0.4197,"Получил 94 тыс ₸ от 1 плательщика (2 перевода), дальше ушло 0%",886,"R5: out/in=0.00≤0.1, in=94 тыс ₸",-,confirmed_sink,False,0.0,False,2,1,0,94465.0,0.0,2,0,0.0,-1.0,0.0,0,0,0.00042586,0.0,-,0.1342,0.1406,0.1449,0.0,0.0
100000003022835100,terminal,0.774,5,0.4195,"Получил 125 тыс ₸ от 1 плательщика (1 перевод), дальше ушло 0%; seed среди плательщиков: 1",887,"R5: out/in=0.00≤0.1, in=125 тыс ₸",-,confirmed_sink,False,0.0,False,1,1,0,125000.0,0.0,1,0,0.0,-1.0,0.0,1,0,0.0003106,0.0,-,0.1354,0.1552,0.0955,0.0333,0.0
100000007333038100,transit,0.733,9,0.4192,"Получил 18 тыс ₸ от 1 плательщика (1 перевод), отправил 35 тыс ₸ 2 получателям (2 перевода); отправил в 2,0× больше полученного → есть невидимые входящие",888,R4: out/in=2.00>1.2 (невидимые входящие),-,not_sink,False,1.0,False,3,1,2,17500.0,34994.0,1,2,1.9997,0.0,17494.0,0,0,0.00029969,1.59e-06,-,0.1539,0.1117,0.1536,0.0,0.0
100000007591246100,transit,0.526,21,0.4188,"Получил 12 тыс ₸ от 1 плательщика (1 перевод), отправил 120 тыс ₸ 1 получателю (1 перевод); отправил в 9,8× больше полученного → есть невидимые входящие",889,R4: out/in=9.84>1.2 (невидимые входящие),-,not_sink,False,1.0,False,3,1,1,12190.0,120000.0,1,1,9.8441,0.0,107810.0,0,0,0.00029789,1.02e-06,unseen_inflow,0.1105,0.1569,0.1514,0.0,0.0
100000002878467100,terminal,0.794,2,0.4183,"Получил 200 тыс ₸ от 2 плательщиков (2 перевода), дальше ушло 0%",890,"R5: out/in=0.00≤0.1, in=200 тыс ₸",-,confirmed_sink,False,0.0,False,3,2,0,200000.0,0.0,2,0,0.0,-1.0,0.0,0,0,0.0003144,0.0,-,0.139,0.1777,0.1017,0.0,0.0
100000006424479100,peripheral,0.101,21,0.4177,"Смешанный профиль: получил 500 тыс ₸ от 1 плательщика (2 перевода), отправил 220 тыс ₸ 2 получателям (3 перевода); дальше ушло 44%",891,R6: out/in=0.44 между 0.1 и 0.5,-,not_sink,False,1.0,False,2,1,2,500000.0,220000.0,2,3,0.44,0.0,0.0,0,0,0.00094382,7.312e-05,-,0.0035,0.2246,0.1895,0.0,0.0
100000005493505100,terminal,0.758,21,0.4177,"Получил 62 тыс ₸ от 3 плательщиков (3 перевода), дальше ушло 0%; seed среди плательщиков: 1",892,"R5: out/in=0.00≤0.1, in=62 тыс ₸",-,confirmed_sink,False,0.0,True,0,3,0,62020.0,0.0,3,0,0.0,-1.0,0.0,1,0,0.00061742,0.0,-,0.1194,0.1083,0.1601,0.03,0.0
100000004698193100,peripheral,0.243,7,0.4175,"Смешанный профиль: получил 223 тыс ₸ от 2 плательщиков (15 переводов), отправил 38 тыс ₸ 3 получателям (5 переводов); дальше ушло 17%",893,R6: out/in=0.17 между 0.1 и 0.5,-,not_sink,False,1.0,False,2,2,3,222700.0,38000.0,15,5,0.1706,0.0539,0.0,0,0,0.00082541,1.59e-06,in_cycle,0.0085,0.1893,0.1864,0.0,0.0333
100000005904580100,terminal,0.761,28,0.4173,"Получил 72 тыс ₸ от 2 плательщиков (2 перевода), дальше ушло 0%",894,"R5: out/in=0.00≤0.1, in=72 тыс ₸",-,confirmed_sink,False,0.0,False,2,2,0,72000.0,0.0,2,0,0.0,-1.0,0.0,0,0,0.00052271,0.0,-,0.1332,0.1266,0.1576,0.0,0.0
100000001680944100,terminal,0.506,13,0.4171,"Получил 393 тыс ₸ от 1 плательщика (1 перевод), дальше ушло 0%; 100% поступило 30–31 июля — август не виден",895,"R5: out/in=0.00≤0.1, in=393 тыс ₸",-,truncated_time,False,0.0,False,3,1,0,393000.0,0.0,1,0,0.0,-1.0,0.0,0,0,0.00034559,0.0,late_inflow,0.0885,0.2051,0.1235,0.0,0.0
100000004450649100,peripheral,0.258,3,0.417,"Смешанный профиль: получил 193 тыс ₸ от 2 плательщиков (2 перевода), отправил 47 тыс ₸ 2 получателям (2 перевода); дальше ушло 24%",896,R6: out/in=0.24 между 0.1 и 0.5,-,not_sink,False,1.0,False,3,2,2,192528.0,46527.0,2,2,0.2417,0.0271,0.0,0,1,0.00029896,0.00013875,-,0.009,0.1854,0.1892,0.0333,0.0
100000002958345100,terminal,0.821,9,0.4165,"Получил 307 тыс ₸ от 1 плательщика (1 перевод), дальше ушло 0%",897,"R5: out/in=0.00≤0.1, in=307 тыс ₸",-,confirmed_sink,False,0.0,False,3,1,0,307000.0,0.0,1,0,0.0,-1.0,0.0,0,0,0.00030019,0.0,-,0.1437,0.1962,0.0766,0.0,0.0
100000008655779100,transit,0.513,37,0.4164,"Получил 47 тыс ₸ от 1 плательщика (1 перевод), отправил 25 тыс ₸ 2 получателям (2 перевода); дальше ушло 53%",898,R4: out/in=0.53≥0.5,-,not_sink,False,1.0,False,3,1,2,47000.0,24704.0,1,2,0.5256,0.0,0.0,0,0,0.00039705,5.921e-05,-,0.1077,0.1264,0.1822,0.0,0.0
100000002509598100,terminal,0.821,9,0.4162,"Получил 306 тыс ₸ от 1 плательщика (1 перевод), дальше ушло 0%",899,"R5: out/in=0.00≤0.1, in=306 тыс ₸",-,confirmed_sink,False,0.0,False,3,1,0,305550.0,0.0,1,0,0.0,-1.0,0.0,0,0,0.00030012,0.0,-,0.1437,0.1961,0.0764,0.0,0.0
100000008106997100,transit,0.655,5,0.4156,"Получил 36 тыс ₸ от 2 плательщиков (2 перевода), отправил 21 тыс ₸ 1 получателю (1 перевод); дальше ушло 58%; 58% полученного ушло за ≤2 дн",900,R4: out/in=0.58≥0.5,-,not_sink,False,1.0,False,2,2,1,35600.0,20600.0,2,1,0.5787,0.5787,0.0,0,0,0.00030537,1.922e-05,-,0.1376,0.116,0.162,0.0,0.0
100000004840086100,terminal,0.598,1,0.4154,"4-е колено, исходящие не выгружены; получил 100 тыс ₸ от 1 плательщика (2 перевода). У узлов колен 1–3 с таким профилем пересылают дальше 40%",901,T4: p_forward=0.40<0.5 (оценка по коленам 1–3),transit,truncated_depth,True,0.402,False,4,1,0,100000.0,0.0,2,0,0.0,-1.0,0.0,0,0,0.00053916,0.0,truncated,0.1046,0.145,0.1658,0.0,0.0
100000005745873100,terminal,0.738,34,0.415,"4-е колено, исходящие не выгружены; получил 223 тыс ₸ от 1 плательщика (1 перевод). У узлов колен 1–3 с таким профилем пересылают дальше 26%",902,T4: p_forward=0.26<0.5 (оценка по коленам 1–3),transit,truncated_depth,True,0.262,False,4,1,0,223000.0,0.0,1,0,0.0,-1.0,0.0,0,0,0.00031632,0.0,truncated,0.1291,0.1819,0.1039,0.0,0.0
100000000600707100,terminal,0.598,61,0.415,"4-е колено, исходящие не выгружены; получил 89 тыс ₸ от 1 плательщика (2 перевода). У узлов колен 1–3 с таким профилем пересылают дальше 40%",903,T4: p_forward=0.40<0.5 (оценка по коленам 1–3),transit,truncated_depth,True,0.402,False,4,1,0,89000.0,0.0,2,0,0.0,-1.0,0.0,0,0,0.00057016,0.0,truncated,0.1046,0.1368,0.1735,0.0,0.0
100000004601193100,terminal,0.598,14,0.4147,"4-е колено, исходящие не выгружены; получил 84 тыс ₸ от 1 плательщика (3 перевода). У узлов колен 1–3 с таким профилем пересылают дальше 40%",904,T4: p_forward=0.40<0.5 (оценка по коленам 1–3),transit,truncated_depth,True,0.402,False,4,1,0,84000.0,0.0,3,0,0.0,-1.0,0.0,0,0,0.00060342,0.0,truncated,0.1046,0.1333,0.1768,0.0,0.0
100000004030553100,terminal,0.738,18,0.4144,"4-е колено, исходящие не выгружены; получил 70 тыс ₸ от 1 плательщика (1 перевод). У узлов колен 1–3 с таким профилем пересылают дальше 26%",905,T4: p_forward=0.26<0.5 (оценка по коленам 1–3),transit,truncated_depth,True,0.262,False,4,1,0,70000.0,0.0,1,0,0.0,-1.0,0.0,0,0,0.00053083,0.0,truncated,0.1291,0.1251,0.1602,0.0,0.0
100000003781406100,terminal,0.754,28,0.414,"Получил 45 тыс ₸ от 1 плательщика (2 перевода), дальше ушло 0%",906,"R5: out/in=0.00≤0.1, in=45 тыс ₸",-,confirmed_sink,False,0.0,False,3,1,0,45000.0,0.0,2,0,0.0,-1.0,0.0,0,0,0.00072288,0.0,-,0.1319,0.0988,0.1833,0.0,0.0
100000007138613100,peripheral,0.061,1,0.4138,"Смешанный профиль: получил 1,00 млн ₸ от 3 плательщиков (3 перевода), отправил 179 тыс ₸ 2 получателям (2 перевода); дальше ушло 18%",907,R6: out/in=0.18 между 0.1 и 0.5,-,not_sink,False,1.0,False,3,3,2,1002000.0,179000.0,3,2,0.1786,0.0,0.0,0,0,0.00035418,3.884e-05,-,0.0021,0.2347,0.177,0.0,0.0
100000003089018100,terminal,0.802,12,0.4138,"Получил 230 тыс ₸ от 1 плательщика (1 перевод), дальше ушло 0%",908,"R5: out/in=0.00≤0.1, in=230 тыс ₸",-,confirmed_sink,False,0.0,False,2,1,0,230000.0,0.0,1,0,0.0,-1.0,0.0,0,0,0.00030721,0.0,-,0.1404,0.183,0.0905,0.0,0.0
100000004673335100,terminal,0.738,15,0.4137,"4-е колено, исходящие не выгружены; получил 80 тыс ₸ от 1 плательщика (1 перевод). У узлов колен 1–3 с таким профилем пересылают дальше 26%",909,T4: p_forward=0.26<0.5 (оценка по коленам 1–3),transit,truncated_depth,True,0.262,False,4,1,0,80000.0,0.0,1,0,0.0,-1.0,0.0,0,0,0.00049409,0.0,truncated,0.1291,0.1302,0.1544,0.0,0.0
100000008174521100,terminal,0.763,6,0.4134,"Получил 82 тыс ₸ от 1 плательщика (1 перевод), дальше ушло 0%",910,"R5: out/in=0.00≤0.1, in=82 тыс ₸",-,confirmed_sink,False,0.0,False,2,1,0,82110.0,0.0,1,0,0.0,-1.0,0.0,0,0,0.00044053,0.0,-,0.1335,0.1318,0.1481,0.0,0.0
100000004798515100,terminal,0.598,28,0.4133,"4-е колено, исходящие не выгружены; получил 200 тыс ₸ от 1 плательщика (2 перевода). У узлов колен 1–3 с таким профилем пересылают дальше 40%",911,T4: p_forward=0.40<0.5 (оценка по коленам 1–3),transit,truncated_depth,True,0.402,False,4,1,0,200000.0,0.0,2,0,0.0,-1.0,0.0,0,0,0.00036384,0.0,truncated,0.1046,0.1777,0.131,0.0,0.0
100000002570206100,terminal,0.785,17,0.4128,"Получил 167 тыс ₸ от 2 плательщиков (2 перевода), дальше ушло 0%",912,"R5: out/in=0.00≤0.1, in=167 тыс ₸",-,confirmed_sink,False,0.0,False,2,2,0,166959.6,0.0,2,0,0.0,-1.0,0.0,0,0,0.00031851,0.0,-,0.1374,0.1692,0.1062,0.0,0.0
100000008336318100,terminal,0.738,2,0.4127,"4-е колено, исходящие не выгружены; получил 170 тыс ₸ от 1 плательщика (1 перевод). У узлов колен 1–3 с таким профилем пересылают дальше 26%",913,T4: p_forward=0.26<0.5 (оценка по коленам 1–3),transit,truncated_depth,True,0.262,False,4,1,0,170000.0,0.0,1,0,0.0,-1.0,0.0,0,0,0.00032672,0.0,truncated,0.1291,0.1704,0.1131,0.0,0.0
100000006567935100,terminal,0.794,15,0.412,"Получил 200 тыс ₸ от 1 плательщика (1 перевод), дальше ушло 0%",914,"R5: out/in=0.00≤0.1, in=200 тыс ₸",-,confirmed_sink,False,0.0,False,2,1,0,200000.0,0.0,1,0,0.0,-1.0,0.0,0,0,0.00031056,0.0,-,0.139,0.1777,0.0954,0.0,0.0
100000000555721100,terminal,0.771,1,0.4117,"Получил 113 тыс ₸ от 2 плательщиков (3 перевода), дальше ушло 0%; seed среди плательщиков: 1",915,"R5: out/in=0.00≤0.1, in=113 тыс ₸",-,confirmed_sink,False,0.0,False,1,2,0,113000.0,0.0,3,0,0.0,-1.0,0.0,1,0,0.00030809,0.0,-,0.1349,0.1515,0.092,0.0333,0.0
100000004326224100,terminal,0.738,3,0.4117,"4-е колено, исходящие не выгружены; получил 60 тыс ₸ от 1 плательщика (1 перевод). У узлов колен 1–3 с таким профилем пересылают дальше 26%",916,T4: p_forward=0.26<0.5 (оценка по коленам 1–3),transit,truncated_depth,True,0.262,False,4,1,0,60000.0,0.0,1,0,0.0,-1.0,0.0,0,0,0.00053488,0.0,truncated,0.1291,0.1187,0.1639,0.0,0.0
100000004544958100,peripheral,0.301,14,0.4116,"Смешанный профиль: получил 168 тыс ₸ от 1 плательщика (3 перевода), отправил 23 тыс ₸ 2 получателям (2 перевода); дальше ушло 14%",917,R6: out/in=0.14 между 0.1 и 0.5,-,not_sink,False,1.0,False,2,1,2,168000.0,23200.0,3,2,0.1381,0.031,0.0,0,0,0.00121461,2.081e-05,in_cycle,0.0105,0.1747,0.193,0.0,0.0333
100000005360814100,terminal,0.598,8,0.4116,"4-е колено, исходящие не выгружены; получил 144 тыс ₸ от 1 плательщика (3 перевода). У узлов колен 1–3 с таким профилем пересылают дальше 40%",918,T4: p_forward=0.40<0.5 (оценка по коленам 1–3),transit,truncated_depth,True,0.402,False,4,1,0,144000.0,0.0,3,0,0.0,-1.0,0.0,0,0,0.00043369,0.0,truncated,0.1046,0.1601,0.1468,0.0,0.0
100000002973903100,terminal,0.766,28,0.4116,"Получил 93 тыс ₸ от 3 плательщиков (3 перевода), дальше ушло 0%; seed среди плательщиков: 1",919,"R5: out/in=0.00≤0.1, in=93 тыс ₸",-,confirmed_sink,False,0.0,False,1,3,0,92880.0,0.0,3,0,0.0,-1.0,0.0,1,0,0.00031687,0.0,-,0.134,0.1397,0.1045,0.0333,0.0
100000002556775100,terminal,0.82,3,0.4115,"Получил 300 тыс ₸ от 1 плательщика (1 перевод), дальше ушло 0%",920,"R5: out/in=0.00≤0.1, in=300 тыс ₸",-,confirmed_sink,False,0.0,False,3,1,0,300000.0,0.0,1,0,0.0,-1.0,0.0,0,0,0.00029529,0.0,-,0.1435,0.1946,0.0734,0.0,0.0
100000003186579100,terminal,0.598,8,0.4115,"4-е колено, исходящие не выгружены; получил 110 тыс ₸ от 1 плательщика (2 перевода). У узлов колен 1–3 с таким профилем пересылают дальше 40%",921,T4: p_forward=0.40<0.5 (оценка по коленам 1–3),transit,truncated_depth,True,0.402,False,4,1,0,110000.0,0.0,2,0,0.0,-1.0,0.0,0,0,0.00051518,0.0,truncated,0.1046,0.1498,0.157,0.0,0.0
100000007042175100,terminal,0.738,1,0.4113,"4-е колено, исходящие не выгружены; получил 60 тыс ₸ от 1 плательщика (1 перевод). У узлов колен 1–3 с таким профилем пересылают дальше 26%",922,T4: p_forward=0.26<0.5 (оценка по коленам 1–3),transit,truncated_depth,True,0.262,False,4,1,0,60000.0,0.0,1,0,0.0,-1.0,0.0,0,0,0.00053401,0.0,truncated,0.1291,0.1187,0.1635,0.0,0.0
100000004739664100,transit,0.8,11,0.4113,"Получил 12 тыс ₸ от 1 плательщика (1 перевод), отправил 10 тыс ₸ 1 получателю (1 перевод); дальше ушло 83%; seed среди плательщиков: 1",923,R4: out/in=0.83∈[0.8;1.2],-,not_sink,False,1.0,False,1,1,1,12000.0,10000.0,1,1,0.8333,0.0,0.0,1,0,0.00028809,1.39e-06,-,0.168,0.0571,0.1528,0.0333,0.0
100000008675322100,terminal,0.598,32,0.4112,"4-е колено, исходящие не выгружены; получил 340 тыс ₸ от 1 плательщика (4 перевода). У узлов колен 1–3 с таким профилем пересылают дальше 40%",924,T4: p_forward=0.40<0.5 (оценка по коленам 1–3),transit,truncated_depth,True,0.402,False,4,1,0,340000.0,0.0,4,0,0.0,-1.0,0.0,0,0,0.00031935,0.0,truncated,0.1046,0.199,0.1076,0.0,0.0
100000002242066100,terminal,0.738,41,0.4111,"4-е колено, исходящие не выгружены; получил 60 тыс ₸ от 1 плательщика (1 перевод). У узлов колен 1–3 с таким профилем пересылают дальше 26%",925,T4: p_forward=0.26<0.5 (оценка по коленам 1–3),transit,truncated_depth,True,0.262,False,4,1,0,60000.0,0.0,1,0,0.0,-1.0,0.0,0,0,0.00053378,0.0,truncated,0.1291,0.1187,0.1633,0.0,0.0
100000000507799100,transit,0.766,67,0.411,"Получил 5 тыс ₸ от 1 плательщика (1 перевод), отправил 8 тыс ₸ 1 получателю (1 перевод); отправил в 1,6× больше полученного → есть невидимые входящие; seed среди плательщиков: 1",926,R4: out/in=1.56>1.2 (невидимые входящие),-,not_sink,False,1.0,False,1,1,1,5132.0,8000.0,1,1,1.5588,0.0,2868.0,1,0,0.00028612,0.00011532,-,0.1609,0.0295,0.1873,0.0333,0.0
100000005386383100,transit,0.6,33,0.4108,"Получил 38 тыс ₸ от 2 плательщиков (2 перевода), отправил 29 тыс ₸ 1 получателю (1 перевод); дальше ушло 77%",927,R4: out/in=0.77≥0.5,-,not_sink,False,1.0,True,0,2,1,37500.0,29000.0,2,1,0.7733,0.0,0.0,0,1,0.00052433,2.852e-05,-,0.1134,0.1107,0.1567,0.03,0.0
100000007197866100,transit,0.775,8,0.4107,"Получил 20 тыс ₸ от 1 плательщика (1 перевод), отправил 15 тыс ₸ 1 получателю (1 перевод); дальше ушло 75%; 75% полученного ушло за ≤2 дн",928,R4: out/in=0.75≥0.5,-,not_sink,False,1.0,False,3,1,1,20000.0,15000.0,1,1,0.75,0.75,0.0,0,0,0.00028964,1.922e-05,-,0.1627,0.0859,0.162,0.0,0.0
100000002794374100,terminal,0.738,50,0.4105,"4-е колено, исходящие не выгружены; получил 111 тыс ₸ от 1 плательщика (1 перевод). У узлов колен 1–3 с таким профилем пересылают дальше 26%",929,T4: p_forward=0.26<0.5 (оценка по коленам 1–3),transit,truncated_depth,True,0.262,False,4,1,0,111000.0,0.0,1,0,0.0,-1.0,0.0,0,0,0.00036376,0.0,truncated,0.1291,0.1505,0.1309,0.0,0.0
100000008027922100,terminal,0.738,25,0.4097,"4-е колено, исходящие не выгружены; получил 70 тыс ₸ от 1 плательщика (1 перевод). У узлов колен 1–3 с таким профилем пересылают дальше 26%",930,T4: p_forward=0.26<0.5 (оценка по коленам 1–3),transit,truncated_depth,True,0.262,False,4,1,0,70000.0,0.0,1,0,0.0,-1.0,0.0,0,0,0.00050237,0.0,truncated,0.1291,0.1251,0.1555,0.0,0.0
100000005667841100,terminal,0.79,2,0.4095,"Получил 186 тыс ₸ от 2 плательщиков (2 перевода), дальше ушло 0%",931,"R5: out/in=0.00≤0.1, in=186 тыс ₸",-,confirmed_sink,False,0.0,False,3,2,0,186000.0,0.0,2,0,0.0,-1.0,0.0,0,0,0.00031223,0.0,-,0.1382,0.1734,0.0979,0.0,0.0
100000006689603100,terminal,0.598,8,0.4093,"4-е колено, исходящие не выгружены; получил 400 тыс ₸ от 1 плательщика (2 перевода). У узлов колен 1–3 с таким профилем пересылают дальше 40%",932,T4: p_forward=0.40<0.5 (оценка по коленам 1–3),transit,truncated_depth,True,0.402,False,4,1,0,400000.0,0.0,2,0,0.0,-1.0,0.0,0,0,0.00031239,0.0,truncated,0.1046,0.2064,0.0982,0.0,0.0
100000002700161100,terminal,0.738,66,0.4093,"4-е колено, исходящие не выгружены; получил 39 тыс ₸ от 1 плательщика (1 перевод). У узлов колен 1–3 с таким профилем пересылают дальше 26%",933,T4: p_forward=0.26<0.5 (оценка по коленам 1–3),transit,truncated_depth,True,0.262,False,4,1,0,39000.0,0.0,1,0,0.0,-1.0,0.0,0,0,0.00090266,0.0,truncated,0.1291,0.091,0.1891,0.0,0.0
100000008254576100,transit,0.561,41,0.4089,"Получил 8 тыс ₸ от 1 плательщика (1 перевод), отправил 60 тыс ₸ 1 получателю (1 перевод); отправил в 7,5× больше полученного → есть невидимые входящие",934,R4: out/in=7.50>1.2 (невидимые входящие),-,not_sink,False,1.0,False,3,1,1,8000.0,60000.0,1,1,7.5,0.0,52000.0,0,0,0.00029167,1.962e-05,-,0.1178,0.124,0.1671,0.0,0.0
100000004340038100,transit,0.616,21,0.4088,"Получил 10 тыс ₸ от 1 плательщика (1 перевод), отправил 49 тыс ₸ 1 получателю (1 перевод); отправил в 4,9× больше полученного → есть невидимые входящие",935,R4: out/in=4.91>1.2 (невидимые входящие),-,not_sink,False,1.0,False,3,1,1,9978.0,49000.0,1,1,4.9108,0.0,39022.0,0,0,0.00028926,1.922e-05,-,0.1294,0.1174,0.162,0.0,0.0
100000006989106100,terminal,0.759,7,0.4086,"Получил 64 тыс ₸ от 1 плательщика (2 перевода), дальше ушло 0%",936,"R5: out/in=0.00≤0.1, in=64 тыс ₸",-,confirmed_sink,False,0.0,False,2,1,0,64000.0,0.0,2,0,0.0,-1.0,0.0,0,0,0.00049564,0.0,-,0.1328,0.1211,0.1547,0.0,0.0
100000004388353100,terminal,0.758,14,0.408,"Получил 63 тыс ₸ от 2 плательщиков (2 перевода), дальше ушло 0%; seed среди плательщиков: 1",937,"R5: out/in=0.00≤0.1, in=63 тыс ₸",-,confirmed_sink,False,0.0,False,1,2,0,62960.0,0.0,2,0,0.0,-1.0,0.0,1,0,0.00034076,0.0,-,0.1326,0.1207,0.1214,0.0333,0.0
100000002119762100,transit,0.568,3,0.4075,"4-е колено, исходящие не выгружены; получил 77 тыс ₸ от 1 плательщика (6 переводов). У узлов колен 1–3 с таким профилем пересылают дальше 57%",938,T4: p_forward=0.57≥0.5 (оценка),terminal,truncated_depth,True,0.568,False,4,1,0,77000.0,0.0,6,0,0.0,-1.0,0.0,0,0,0.00052952,0.0,truncated,0.1193,0.1293,0.1589,0.0,0.0
100000003192220100,terminal,0.758,6,0.407,"Получил 60 тыс ₸ от 1 плательщика (2 перевода), дальше ушло 0%",939,"R5: out/in=0.00≤0.1, in=60 тыс ₸",-,confirmed_sink,False,0.0,False,2,1,0,60000.0,0.0,2,0,0.0,-1.0,0.0,0,0,0.00050317,0.0,-,0.1326,0.1187,0.1557,0.0,0.0
100000002596039100,terminal,0.738,8,0.4068,"4-е колено, исходящие не выгружены; получил 280 тыс ₸ от 1 плательщика (1 перевод). У узлов колен 1–3 с таким профилем пересылают дальше 26%",940,T4: p_forward=0.26<0.5 (оценка по коленам 1–3),transit,truncated_depth,True,0.262,False,4,1,0,280000.0,0.0,1,0,0.0,-1.0,0.0,0,0,0.00030434,0.0,truncated,0.1291,0.1916,0.0861,0.0,0.0
100000003321423100,terminal,0.461,53,0.4066,"Получил 100 тыс ₸ от 1 плательщика (2 перевода), дальше ушло 0%; 50% поступило 30–31 июля — август не виден",941,"R5: out/in=0.00≤0.1, in=100 тыс ₸",-,truncated_time,False,0.0,False,2,1,0,100000.0,0.0,2,0,0.0,-1.0,0.0,0,0,0.0006711,0.0,late_inflow,0.0807,0.145,0.181,0.0,0.0
100000006912294100,transit,0.621,12,0.4066,"Получил 6 тыс ₸ от 1 плательщика (1 перевод), отправил 30 тыс ₸ 2 получателям (2 перевода); отправил в 4,7× больше полученного → есть невидимые входящие",942,R4: out/in=4.74>1.2 (невидимые входящие),-,not_sink,False,1.0,False,2,1,2,6335.09,30000.0,1,2,4.7355,0.0,23664.91,0,0,0.00049892,5.9e-07,in_cycle,0.1304,0.0879,0.155,0.0,0.0333
100000005222360100,transit,0.604,10,0.4066,"Получил 5 тыс ₸ от 1 плательщика (1 перевод), отправил 27 тыс ₸ 1 получателю (1 перевод); отправил в 5,4× больше полученного → есть невидимые входящие",943,R4: out/in=5.40>1.2 (невидимые входящие),-,not_sink,False,1.0,False,3,1,1,5000.0,27000.0,1,1,5.4,0.0,22000.0,0,0,0.00060086,0.00190871,-,0.1268,0.082,0.1978,0.0,0.0
100000002821425100,terminal,0.813,9,0.4065,"Получил 275 тыс ₸ от 1 плательщика (1 перевод), дальше ушло 0%",944,"R5: out/in=0.00≤0.1, in=275 тыс ₸",-,confirmed_sink,False,0.0,False,3,1,0,275000.0,0.0,1,0,0.0,-1.0,0.0,0,0,0.00029867,0.0,-,0.1423,0.1908,0.0734,0.0,0.0
100000004779204100,transit,0.644,1,0.4065,"Получил 30 тыс ₸ от 1 плательщика (1 перевод), отправил 20 тыс ₸ 1 получателю (2 перевода); дальше ушло 66%; 33% полученного ушло за ≤2 дн",945,R4: out/in=0.66≥0.5,-,not_sink,False,1.0,False,3,1,1,30450.0,20000.0,1,2,0.6568,0.3284,0.0,0,0,0.00028728,1.922e-05,-,0.1352,0.1092,0.162,0.0,0.0
100000008232832100,peripheral,0.147,20,0.4063,"Смешанный профиль: получил 337 тыс ₸ от 1 плательщика (2 перевода), отправил 138 тыс ₸ 1 получателю (1 перевод); дальше ушло 41%; seed среди плательщиков: 1",946,R6: out/in=0.41 между 0.1 и 0.5,-,not_sink,False,1.0,False,1,1,1,337000.0,138000.0,2,1,0.4095,0.0,0.0,1,0,0.00049423,0.0,-,0.0051,0.2134,0.1544,0.0333,0.0
100000004889043100,terminal,0.812,1,0.4061,"Получил 272 тыс ₸ от 2 плательщиков (4 перевода), дальше ушло 0%",947,"R5: out/in=0.00≤0.1, in=272 тыс ₸",-,confirmed_sink,False,0.0,False,3,2,0,272000.0,0.0,4,0,0.0,-1.0,0.0,0,0,0.0002985,0.0,-,0.1421,0.1906,0.0734,0.0,0.0
100000002475601100,terminal,0.802,18,0.4057,"Получил 232 тыс ₸ от 1 плательщика (1 перевод), дальше ушло 0%",948,"R5: out/in=0.00≤0.1, in=232 тыс ₸",-,confirmed_sink,False,0.0,False,3,1,0,232301.0,0.0,1,0,0.0,-1.0,0.0,0,0,0.00030211,0.0,-,0.1404,0.1838,0.0815,0.0,0.0
100000001241318100,terminal,0.756,1,0.4048,"Получил 53 тыс ₸ от 1 плательщика (1 перевод), дальше ушло 0%",949,"R5: out/in=0.00≤0.1, in=53 тыс ₸",-,confirmed_sink,False,0.0,False,2,1,0,53000.0,0.0,1,0,0.0,-1.0,0.0,0,0,0.00053084,0.0,-,0.1323,0.1122,0.1603,0.0,0.0
100000004800648100,terminal,0.738,28,0.4047,"4-е колено, исходящие не выгружены; получил 131 тыс ₸ от 1 плательщика (1 перевод). У узлов колен 1–3 с таким профилем пересылают дальше 26%",950,T4: p_forward=0.26<0.5 (оценка по коленам 1–3),transit,truncated_depth,True,0.262,False,4,1,0,131000.0,0.0,1,0,0.0,-1.0,0.0,0,0,0.00033683,0.0,truncated,0.1291,0.1567,0.1189,0.0,0.0
100000008714412100,terminal,0.786,12,0.4045,"Получил 169 тыс ₸ от 1 плательщика (1 перевод), дальше ушло 0%",951,"R5: out/in=0.00≤0.1, in=169 тыс ₸",-,confirmed_sink,False,0.0,False,3,1,0,169000.0,0.0,1,0,0.0,-1.0,0.0,0,0,0.00031167,0.0,-,0.1376,0.1699,0.0971,0.0,0.0
100000008595687100,peripheral,0.49,6,0.4044,"Смешанный профиль: получил 64 тыс ₸ от 1 плательщика (1 перевод), отправил 10 тыс ₸ 1 получателю (1 перевод); дальше ушло 16%",952,R6: out/in=0.16 между 0.1 и 0.5,-,not_sink,False,1.0,False,3,1,1,64395.0,10400.0,1,1,0.1615,0.1615,0.0,0,1,0.00030486,0.00030108,in_cycle,0.0172,0.1276,0.1931,0.0333,0.0333
100000007811950100,terminal,0.738,47,0.4043,"4-е колено, исходящие не выгружены; получил 50 тыс ₸ от 1 плательщика (1 перевод). У узлов колен 1–3 с таким профилем пересылают дальше 26%",953,T4: p_forward=0.26<0.5 (оценка по коленам 1–3),transit,truncated_depth,True,0.262,False,4,1,0,50000.0,0.0,1,0,0.0,-1.0,0.0,0,0,0.00054623,0.0,truncated,0.1291,0.1071,0.1681,0.0,0.0
100000003448713100,terminal,0.738,8,0.404,"4-е колено, исходящие не выгружены; получил 267 тыс ₸ от 1 плательщика (1 перевод). У узлов колен 1–3 с таким профилем пересылают дальше 26%",954,T4: p_forward=0.26<0.5 (оценка по коленам 1–3),transit,truncated_depth,True,0.262,False,4,1,0,266750.0,0.0,1,0,0.0,-1.0,0.0,0,0,0.00030345,0.0,truncated,0.1291,0.1899,0.0849,0.0,0.0
100000008699083100,terminal,0.738,9,0.4037,"4-е колено, исходящие не выгружены; получил 238 тыс ₸ от 1 плательщика (1 перевод). У узлов колен 1–3 с таким профилем пересылают дальше 26%",955,T4: p_forward=0.26<0.5 (оценка по коленам 1–3),transit,truncated_depth,True,0.262,False,4,1,0,238500.0,0.0,1,0,0.0,-1.0,0.0,0,0,0.0003064,0.0,truncated,0.1291,0.1853,0.0892,0.0,0.0
100000003345947100,transit,0.568,8,0.4037,"4-е колено, исходящие не выгружены; получил 80 тыс ₸ от 1 плательщика (6 переводов). У узлов колен 1–3 с таким профилем пересылают дальше 57%",956,T4: p_forward=0.57≥0.5 (оценка),terminal,truncated_depth,True,0.568,False,4,1,0,79500.0,0.0,6,0,0.0,-1.0,0.0,0,0,0.00049477,0.0,truncated,0.1193,0.1299,0.1545,0.0,0.0
100000008624978100,terminal,0.77,18,0.4036,"Получил 109 тыс ₸ от 1 плательщика (1 перевод), дальше ушло 0%",957,"R5: out/in=0.00≤0.1, in=109 тыс ₸",-,confirmed_sink,False,0.0,False,2,1,0,109000.0,0.0,1,0,0.0,-1.0,0.0,0,0,0.00033803,0.0,-,0.1347,0.1493,0.1196,0.0,0.0
100000004184158100,terminal,0.795,1,0.4035,"Получил 204 тыс ₸ от 1 плательщика (1 перевод), дальше ушло 0%",958,"R5: out/in=0.00≤0.1, in=204 тыс ₸",-,confirmed_sink,False,0.0,False,3,1,0,203805.0,0.0,1,0,0.0,-1.0,0.0,0,0,0.00030364,0.0,-,0.1391,0.1792,0.0852,0.0,0.0
100000003922499100,terminal,0.755,28,0.4033,"Получил 50 тыс ₸ от 1 плательщика (1 перевод), дальше ушло 0%",959,"R5: out/in=0.00≤0.1, in=50 тыс ₸",-,confirmed_sink,False,0.0,False,2,1,0,50000.0,0.0,1,0,0.0,-1.0,0.0,0,0,0.00053524,0.0,-,0.1321,0.1071,0.1641,0.0,0.0
100000008468762100,terminal,0.786,13,0.4031,"Получил 170 тыс ₸ от 2 плательщиков (2 перевода), дальше ушло 0%",960,"R5: out/in=0.00≤0.1, in=170 тыс ₸",-,confirmed_sink,False,0.0,False,3,2,0,170000.0,0.0,2,0,0.0,-1.0,0.0,0,0,0.00031041,0.0,-,0.1376,0.1704,0.0951,0.0,0.0
100000008673001100,terminal,0.763,33,0.4031,"Получил 80 тыс ₸ от 1 плательщика (1 перевод), дальше ушло 0%; seed среди плательщиков: 1",961,"R5: out/in=0.00≤0.1, in=80 тыс ₸",-,confirmed_sink,False,0.0,True,0,1,0,80000.0,0.0,1,0,0.0,-1.0,0.0,1,0,0.00046898,0.0,-,0.1202,0.1172,0.1358,0.03,0.0
100000004019056100,terminal,0.738,21,0.4031,"4-е колено, исходящие не выгружены; получил 50 тыс ₸ от 1 плательщика (1 перевод). У узлов колен 1–3 с таким профилем пересылают дальше 26%",962,T4: p_forward=0.26<0.5 (оценка по коленам 1–3),transit,truncated_depth,True,0.262,False,4,1,0,50000.0,0.0,1,0,0.0,-1.0,0.0,0,0,0.00054092,0.0,truncated,0.1291,0.1071,0.1668,0.0,0.0
100000004697956100,transit,0.8,7,0.4031,"Получил 10 тыс ₸ от 1 плательщика (1 перевод), отправил 10 тыс ₸ 1 получателю (1 перевод); дальше ушло 100%",963,R4: out/in=1.00∈[0.8;1.2],-,not_sink,False,1.0,False,3,1,1,10000.0,10000.0,1,1,1.0,0.0,0.0,0,0,0.00046812,0.0,in_cycle,0.168,0.0512,0.1506,0.0,0.0333
100000005873152100,transit,0.8,14,0.4029,"Получил 10 тыс ₸ от 1 плательщика (1 перевод), отправил 10 тыс ₸ 1 получателю (1 перевод); дальше ушло 100%",964,R4: out/in=1.00∈[0.8;1.2],-,not_sink,False,1.0,False,3,1,1,10000.0,10000.0,1,1,1.0,0.0,0.0,0,0,0.00046746,4e-07,in_cycle,0.168,0.0512,0.1504,0.0,0.0333
100000003069463100,transit,0.766,23,0.4028,"Получил 12 тыс ₸ от 1 плательщика (1 перевод), отправил 18 тыс ₸ 1 получателю (1 перевод); отправил в 1,6× больше полученного → есть невидимые входящие",965,R4: out/in=1.56>1.2 (невидимые входящие),-,not_sink,False,1.0,False,3,1,1,11500.0,17920.0,1,1,1.5583,0.0,6420.0,0,0,0.00028845,1.962e-05,-,0.1609,0.0748,0.1671,0.0,0.0
100000001714413100,terminal,0.807,3,0.4026,"Получил 250 тыс ₸ от 1 плательщика (1 перевод), дальше ушло 0%",966,"R5: out/in=0.00≤0.1, in=250 тыс ₸",-,confirmed_sink,False,0.0,False,3,1,0,250172.0,0.0,1,0,0.0,-1.0,0.0,0,0,0.00029368,0.0,-,0.1412,0.1879,0.0734,0.0,0.0
100000002943472100,terminal,0.786,2,0.4026,"Получил 170 тыс ₸ от 1 плательщика (1 перевод), дальше ушло 0%",967,"R5: out/in=0.00≤0.1, in=170 тыс ₸",-,confirmed_sink,False,0.0,False,3,1,0,170000.0,0.0,1,0,0.0,-1.0,0.0,0,0,0.00030996,0.0,-,0.1376,0.1704,0.0947,0.0,0.0
100000001524952100,terminal,0.769,1,0.4024,"Получил 104 тыс ₸ от 1 плательщика (1 перевод), дальше ушло 0%; seed среди плательщиков: 1",968,"R5: out/in=0.00≤0.1, in=104 тыс ₸",-,confirmed_sink,False,0.0,False,1,1,0,103807.0,0.0,1,0,0.0,-1.0,0.0,1,0,0.00030505,0.0,-,0.1346,0.1475,0.087,0.0333,0.0
100000000572276100,transit,0.697,11,0.4024,"Получил 13 тыс ₸ от 1 плательщика (1 перевод), отправил 35 тыс ₸ 1 получателю (1 перевод); отправил в 2,6× больше полученного → есть невидимые входящие",969,R4: out/in=2.64>1.2 (невидимые входящие),-,not_sink,False,1.0,False,3,1,1,13075.0,34547.0,1,1,2.6422,0.0,21472.0,0,0,0.00028761,1.39e-06,-,0.1464,0.1032,0.1528,0.0,0.0
100000001056414100,terminal,0.807,9,0.4022,"Получил 250 тыс ₸ от 1 плательщика (1 перевод), дальше ушло 0%",970,"R5: out/in=0.00≤0.1, in=250 тыс ₸",-,confirmed_sink,False,0.0,False,3,1,0,250000.0,0.0,1,0,0.0,-1.0,0.0,0,0,0.00029748,0.0,-,0.1412,0.1876,0.0734,0.0,0.0
100000006381453100,terminal,0.738,2,0.4022,"4-е колено, исходящие не выгружены; получил 45 тыс ₸ от 1 плательщика (1 перевод). У узлов колен 1–3 с таким профилем пересылают дальше 26%",971,T4: p_forward=0.26<0.5 (оценка по коленам 1–3),transit,truncated_depth,True,0.262,False,4,1,0,45000.0,0.0,1,0,0.0,-1.0,0.0,0,0,0.00057617,0.0,truncated,0.1291,0.0988,0.1743,0.0,0.0
100000004066370100,terminal,0.598,61,0.402,"4-е колено, исходящие не выгружены; получил 65 тыс ₸ от 1 плательщика (2 перевода). У узлов колен 1–3 с таким профилем пересылают дальше 40%",972,T4: p_forward=0.40<0.5 (оценка по коленам 1–3),transit,truncated_depth,True,0.402,False,4,1,0,65000.0,0.0,2,0,0.0,-1.0,0.0,0,0,0.00058935,0.0,truncated,0.1046,0.1219,0.1754,0.0,0.0
100000005857058100,terminal,0.763,1,0.4019,"Получил 80 тыс ₸ от 3 плательщиков (3 перевода), дальше ушло 0%",973,"R5: out/in=0.00≤0.1, in=80 тыс ₸",-,confirmed_sink,False,0.0,False,3,3,0,80222.0,0.0,3,0,0.0,-1.0,0.0,0,0,0.00038993,0.0,-,0.1335,0.1304,0.1379,0.0,0.0
100000003934614100,transit,0.706,35,0.4018,"Получил 17 тыс ₸ от 2 плательщиков (2 перевода), отправил 12 тыс ₸ 1 получателю (2 перевода); дальше ушло 68%; 59% полученного ушло за ≤2 дн",974,R4: out/in=0.68≥0.5,-,not_sink,False,1.0,False,3,2,1,17000.0,11500.0,2,2,0.6765,0.5882,0.0,0,0,0.00031349,7e-08,in_cycle,0.1483,0.0734,0.1468,0.0,0.0333
100000005888829100,terminal,0.738,2,0.4017,"4-е колено, исходящие не выгружены; получил 197 тыс ₸ от 1 плательщика (1 перевод). У узлов колен 1–3 с таким профилем пересылают дальше 26%",975,T4: p_forward=0.26<0.5 (оценка по коленам 1–3),transit,truncated_depth,True,0.262,False,4,1,0,197000.0,0.0,1,0,0.0,-1.0,0.0,0,0,0.00031149,0.0,truncated,0.1291,0.1758,0.0967,0.0,0.0
100000002901457100,peripheral,0.151,1,0.4015,"Смешанный профиль: получил 340 тыс ₸ от 1 плательщика (1 перевод), отправил 119 тыс ₸ 3 получателям (3 перевода); дальше ушло 35%",976,R6: out/in=0.35 между 0.1 и 0.5,-,not_sink,False,1.0,False,3,1,3,340000.0,119000.0,1,3,0.35,0.0,0.0,0,0,0.00037427,7.569e-05,-,0.0053,0.2122,0.184,0.0,0.0
100000002529877100,terminal,0.738,9,0.4011,"4-е колено, исходящие не выгружены; получил 232 тыс ₸ от 1 плательщика (1 перевод). У узлов колен 1–3 с таким профилем пересылают дальше 26%",977,T4: p_forward=0.26<0.5 (оценка по коленам 1–3),transit,truncated_depth,True,0.262,False,4,1,0,232000.0,0.0,1,0,0.0,-1.0,0.0,0,0,0.00030583,0.0,truncated,0.1291,0.1837,0.0883,0.0,0.0
100000003149149100,terminal,0.805,3,0.401,"Получил 245 тыс ₸ от 1 плательщика (1 перевод), дальше ушло 0%",978,"R5: out/in=0.00≤0.1, in=245 тыс ₸",-,confirmed_sink,False,0.0,False,3,1,0,245000.0,0.0,1,0,0.0,-1.0,0.0,0,0,0.00029351,0.0,-,0.1409,0.1867,0.0734,0.0,0.0
100000005636951100,terminal,0.738,24,0.401,"4-е колено, исходящие не выгружены; получил 40 тыс ₸ от 1 плательщика (1 перевод). У узлов колен 1–3 с таким профилем пересылают дальше 26%",979,T4: p_forward=0.26<0.5 (оценка по коленам 1–3),transit,truncated_depth,True,0.262,False,4,1,0,40000.0,0.0,1,0,0.0,-1.0,0.0,0,0,0.00063559,0.0,truncated,0.1291,0.0926,0.1792,0.0,0.0
100000000998559100,terminal,0.768,5,0.4005,"Получил 100 тыс ₸ от 1 плательщика (1 перевод), дальше ушло 0%; seed среди плательщиков: 1",980,"R5: out/in=0.00≤0.1, in=100 тыс ₸",-,confirmed_sink,False,0.0,False,1,1,0,100000.0,0.0,1,0,0.0,-1.0,0.0,1,0,0.00030559,0.0,-,0.1344,0.145,0.0878,0.0333,0.0
100000000861294100,terminal,0.781,7,0.4002,"Получил 150 тыс ₸ от 1 плательщика (1 перевод), дальше ушло 0%",981,"R5: out/in=0.00≤0.1, in=150 тыс ₸",-,confirmed_sink,False,0.0,False,2,1,0,150000.0,0.0,1,0,0.0,-1.0,0.0,0,0,0.000314,0.0,-,0.1367,0.1626,0.1009,0.0,0.0
100000001386612100,terminal,0.758,33,0.4001,"Получил 62 тыс ₸ от 1 плательщика (1 перевод), дальше ушло 0%",982,"R5: out/in=0.00≤0.1, in=62 тыс ₸",-,confirmed_sink,False,0.0,False,2,1,0,62264.0,0.0,1,0,0.0,-1.0,0.0,0,0,0.00043377,0.0,-,0.1326,0.1206,0.1469,0.0,0.0
100000003980083100,terminal,0.75,71,0.3999,"Получил 30 тыс ₸ от 1 плательщика (1 перевод), дальше ушло 0%; seed среди плательщиков: 1",983,"R5: out/in=0.00≤0.1, in=30 тыс ₸",-,confirmed_sink,False,0.0,False,1,1,0,30000.0,0.0,1,0,0.0,-1.0,0.0,1,0,0.00052859,0.0,-,0.1312,0.0771,0.1583,0.0333,0.0
100000004463277100,terminal,0.751,43,0.3993,"Получил 35 тыс ₸ от 1 плательщика (1 перевод), дальше ушло 0%",984,"R5: out/in=0.00≤0.1, in=35 тыс ₸",-,confirmed_sink,False,0.0,False,2,1,0,35000.0,0.0,1,0,0.0,-1.0,0.0,0,0,0.00069192,0.0,-,0.1314,0.0859,0.1819,0.0,0.0
100000002539625100,terminal,0.767,2,0.3982,"Получил 95 тыс ₸ от 1 плательщика (1 перевод), дальше ушло 0%",985,"R5: out/in=0.00≤0.1, in=95 тыс ₸",-,confirmed_sink,False,0.0,False,2,1,0,94700.0,0.0,1,0,0.0,-1.0,0.0,0,0,0.00034502,0.0,-,0.1342,0.1409,0.123,0.0,0.0
100000004904960100,terminal,0.751,1,0.3982,"Получил 32 тыс ₸ от 2 плательщиков (2 перевода), дальше ушло 0%",986,"R5: out/in=0.00≤0.1, in=32 тыс ₸",-,confirmed_sink,False,0.0,False,2,2,0,32000.0,0.0,2,0,0.0,-1.0,0.0,0,0,0.00077792,0.0,-,0.1314,0.082,0.1848,0.0,0.0
100000004891562100,terminal,0.738,59,0.3981,"4-е колено, исходящие не выгружены; получил 103 тыс ₸ от 1 плательщика (1 перевод). У узлов колен 1–3 с таким профилем пересылают дальше 26%",987,T4: p_forward=0.26<0.5 (оценка по коленам 1–3),transit,truncated_depth,True,0.262,False,4,1,0,103400.0,0.0,1,0,0.0,-1.0,0.0,0,0,0.0003409,0.0,truncated,0.1291,0.1474,0.1216,0.0,0.0
100000004777215100,terminal,0.738,52,0.3981,"4-е колено, исходящие не выгружены; получил 60 тыс ₸ от 1 плательщика (1 перевод). У узлов колен 1–3 с таким профилем пересылают дальше 26%",988,T4: p_forward=0.26<0.5 (оценка по коленам 1–3),transit,truncated_depth,True,0.262,False,4,1,0,60000.0,0.0,1,0,0.0,-1.0,0.0,0,0,0.00046515,0.0,truncated,0.1291,0.1187,0.1503,0.0,0.0
100000003289281100,terminal,0.738,1,0.3979,"4-е колено, исходящие не выгружены; получил 40 тыс ₸ от 1 плательщика (1 перевод). У узлов колен 1–3 с таким профилем пересылают дальше 26%",989,T4: p_forward=0.26<0.5 (оценка по коленам 1–3),transit,truncated_depth,True,0.262,False,4,1,0,40000.0,0.0,1,0,0.0,-1.0,0.0,0,0,0.00059672,0.0,truncated,0.1291,0.0926,0.1761,0.0,0.0
100000006446271100,terminal,0.763,5,0.3977,"Получил 80 тыс ₸ от 2 плательщиков (2 перевода), дальше ушло 0%; seed среди плательщиков: 1",990,"R5: out/in=0.00≤0.1, in=80 тыс ₸",-,confirmed_sink,False,0.0,False,1,2,0,80000.0,0.0,2,0,0.0,-1.0,0.0,1,0,0.00031391,0.0,-,0.1335,0.1302,0.1007,0.0333,0.0
100000004417753100,terminal,0.475,5,0.3976,"Получил 192 тыс ₸ от 2 плательщиков (2 перевода), дальше ушло 0%; 100% поступило 30–31 июля — август не виден",991,"R5: out/in=0.00≤0.1, in=192 тыс ₸",-,truncated_time,False,0.0,False,3,2,0,192099.0,0.0,2,0,0.0,-1.0,0.0,0,0,0.00039315,0.0,late_inflow,0.0831,0.1753,0.1392,0.0,0.0
100000004756901100,terminal,0.782,6,0.3975,"Получил 153 тыс ₸ от 1 плательщика (1 перевод), дальше ушло 0%",992,"R5: out/in=0.00≤0.1, in=153 тыс ₸",-,confirmed_sink,False,0.0,False,2,1,0,153248.0,0.0,1,0,0.0,-1.0,0.0,0,0,0.00031095,0.0,-,0.1368,0.1647,0.096,0.0,0.0
100000002659265100,terminal,0.738,2,0.3968,"4-е колено, исходящие не выгружены; получил 141 тыс ₸ от 1 плательщика (1 перевод). У узлов колен 1–3 с таким профилем пересылают дальше 26%",993,T4: p_forward=0.26<0.5 (оценка по коленам 1–3),transit,truncated_depth,True,0.262,False,4,1,0,141000.0,0.0,1,0,0.0,-1.0,0.0,0,0,0.0003197,0.0,truncated,0.1291,0.1594,0.1082,0.0,0.0
100000008555918100,peripheral,0.31,5,0.3966,"Смешанный профиль: получил 139 тыс ₸ от 1 плательщика (1 перевод), отправил 43 тыс ₸ 2 получателям (2 перевода); дальше ушло 31%; seed среди плательщиков: 1",994,R6: out/in=0.31 между 0.1 и 0.5,-,not_sink,False,1.0,False,1,1,2,139211.0,43300.0,1,2,0.311,0.0,0.0,1,0,0.00031344,4.756e-05,-,0.0108,0.1726,0.1798,0.0333,0.0
100000008343415100,terminal,0.598,18,0.3966,"4-е колено, исходящие не выгружены; получил 100 тыс ₸ от 1 плательщика (3 перевода). У узлов колен 1–3 с таким профилем пересылают дальше 40%",995,T4: p_forward=0.40<0.5 (оценка по коленам 1–3),transit,truncated_depth,True,0.402,False,4,1,0,100000.0,0.0,3,0,0.0,-1.0,0.0,0,0,0.00043399,0.0,truncated,0.1046,0.145,0.147,0.0,0.0
100000002540623100,terminal,0.768,14,0.3964,"Получил 100 тыс ₸ от 1 плательщика (1 перевод), дальше ушло 0%",996,"R5: out/in=0.00≤0.1, in=100 тыс ₸",-,confirmed_sink,False,0.0,False,2,1,0,100000.0,0.0,1,0,0.0,-1.0,0.0,0,0,0.00033322,0.0,-,0.1344,0.145,0.1171,0.0,0.0
100000001363952100,peripheral,0.228,8,0.3963,"Смешанный профиль: получил 197 тыс ₸ от 2 плательщиков (2 перевода), отправил 91 тыс ₸ 1 получателю (2 перевода); дальше ушло 46%; seed среди плательщиков: 1",997,R6: out/in=0.46 между 0.1 и 0.5,-,not_sink,False,1.0,False,1,2,1,196655.0,91000.0,2,2,0.4627,0.0509,0.0,1,0,0.0003071,1.922e-05,-,0.008,0.1929,0.162,0.0333,0.0
100000002958139100,terminal,0.796,2,0.3957,"Получил 210 тыс ₸ от 1 плательщика (2 перевода), дальше ушло 0%",998,"R5: out/in=0.00≤0.1, in=210 тыс ₸",-,confirmed_sink,False,0.0,False,3,1,0,209500.0,0.0,2,0,0.0,-1.0,0.0,0,0,0.00030027,0.0,-,0.1393,0.1795,0.0769,0.0,0.0
100000008735802100,terminal,0.598,1,0.3955,"4-е колено, исходящие не выгружены; получил 85 тыс ₸ от 1 плательщика (2 перевода). У узлов колен 1–3 с таким профилем пересылают дальше 40%",999,T4: p_forward=0.40<0.5 (оценка по коленам 1–3),transit,truncated_depth,True,0.402,False,4,1,0,85000.0,0.0,2,0,0.0,-1.0,0.0,0,0,0.0005087,0.0,truncated,0.1046,0.1344,0.1564,0.0,0.0
100000003102157100,terminal,0.767,1,0.3954,"Получил 97 тыс ₸ от 1 плательщика (2 перевода), дальше ушло 0%; seed среди плательщиков: 1",1000,"R5: out/in=0.00≤0.1, in=97 тыс ₸",-,confirmed_sink,False,0.0,False,1,1,0,96746.0,0.0,2,0,0.0,-1.0,0.0,1,0,0.00030372,0.0,-,0.1342,0.1425,0.0854,0.0333,0.0
100000005799271100,terminal,0.754,14,0.3954,"Получил 45 тыс ₸ от 1 плательщика (2 перевода), дальше ушло 0%",1001,"R5: out/in=0.00≤0.1, in=45 тыс ₸",-,confirmed_sink,False,0.0,False,2,1,0,45000.0,0.0,2,0,0.0,-1.0,0.0,0,0,0.00053667,0.0,-,0.1319,0.0988,0.1646,0.0,0.0
100000001073568100,peripheral,0.078,10,0.3953,"Смешанный профиль: получил 707 тыс ₸ от 1 плательщика (4 перевода), отправил 220 тыс ₸ 2 получателям (3 перевода); дальше ушло 31%",1002,R6: out/in=0.31 между 0.1 и 0.5,-,not_sink,False,1.0,False,3,1,2,707465.0,219503.0,4,3,0.3103,0.2643,0.0,0,0,0.00048554,1.922e-05,-,0.0027,0.2305,0.162,0.0,0.0
100000002890167100,terminal,0.773,6,0.3953,"Получил 118 тыс ₸ от 1 плательщика (1 перевод), дальше ушло 0%; seed среди плательщиков: 1",1003,"R5: out/in=0.00≤0.1, in=118 тыс ₸",-,confirmed_sink,False,0.0,False,1,1,0,118150.0,0.0,1,0,0.0,-1.0,0.0,1,0,0.00029827,0.0,-,0.1353,0.1532,0.0734,0.0333,0.0
100000003568904100,terminal,0.738,21,0.3948,"4-е колено, исходящие не выгружены; получил 49 тыс ₸ от 1 плательщика (1 перевод). У узлов колен 1–3 с таким профилем пересылают дальше 26%",1004,T4: p_forward=0.26<0.5 (оценка по коленам 1–3),transit,truncated_depth,True,0.262,False,4,1,0,49000.0,0.0,1,0,0.0,-1.0,0.0,0,0,0.00053173,0.0,truncated,0.1291,0.1044,0.1613,0.0,0.0
100000002343825100,peripheral,0.162,2,0.3944,"Смешанный профиль: получил 350 тыс ₸ от 3 плательщиков (4 перевода), отправил 90 тыс ₸ 2 получателям (2 перевода); дальше ушло 26%",1005,R6: out/in=0.26 между 0.1 и 0.5,-,not_sink,False,1.0,False,3,3,2,350000.0,89800.0,4,2,0.2566,0.1429,0.0,0,0,0.0003336,4.28e-05,-,0.0057,0.2094,0.1793,0.0,0.0
100000002757797100,terminal,0.768,28,0.3944,"Получил 100 тыс ₸ от 1 плательщика (1 перевод), дальше ушло 0%; seed среди плательщиков: 1",1006,"R5: out/in=0.00≤0.1, in=100 тыс ₸",-,confirmed_sink,False,0.0,False,1,1,0,100000.0,0.0,1,0,0.0,-1.0,0.0,1,0,0.00030216,0.0,-,0.1344,0.145,0.0817,0.0333,0.0
100000008097580100,terminal,0.751,8,0.3944,"Получил 32 тыс ₸ от 2 плательщиков (4 перевода), дальше ушло 0%",1007,"R5: out/in=0.00≤0.1, in=32 тыс ₸",-,confirmed_sink,False,0.0,False,3,2,0,32000.0,0.0,4,0,0.0,-1.0,0.0,0,0,0.00067479,0.0,-,0.1314,0.082,0.181,0.0,0.0
100000005546031100,peripheral,0.489,62,0.3942,"Смешанный профиль: получил 67 тыс ₸ от 3 плательщиков (6 переводов), отправил 8 тыс ₸ 1 получателю (1 перевод); дальше ушло 12%; seed среди плательщиков: 1",1008,R6: out/in=0.12 между 0.1 и 0.5,-,not_sink,False,1.0,False,1,3,1,66800.0,8000.0,6,1,0.1198,0.1198,0.0,1,0,0.00071253,5.9e-07,in_cycle,0.0171,0.1277,0.1827,0.0333,0.0333
100000001852140100,terminal,0.75,70,0.3938,"Получил 30 тыс ₸ от 1 плательщика (1 перевод), дальше ушло 0%",1009,"R5: out/in=0.00≤0.1, in=30 тыс ₸",-,confirmed_sink,False,0.0,False,3,1,0,30000.0,0.0,1,0,0.0,-1.0,0.0,0,0,0.00080472,0.0,-,0.1312,0.0771,0.1855,0.0,0.0
100000002971593100,terminal,0.738,3,0.3935,"4-е колено, исходящие не выгружены; получил 49 тыс ₸ от 1 плательщика (1 перевод). У узлов колен 1–3 с таким профилем пересылают дальше 26%",1010,T4: p_forward=0.26<0.5 (оценка по коленам 1–3),transit,truncated_depth,True,0.262,False,4,1,0,49050.0,0.0,1,0,0.0,-1.0,0.0,0,0,0.00053038,0.0,truncated,0.1291,0.1046,0.1598,0.0,0.0
100000001083990100,terminal,0.755,28,0.393,"Получил 50 тыс ₸ от 1 плательщика (2 перевода), дальше ушло 0%",1011,"R5: out/in=0.00≤0.1, in=50 тыс ₸",-,confirmed_sink,False,0.0,False,2,1,0,49900.0,0.0,2,0,0.0,-1.0,0.0,0,0,0.00050211,0.0,-,0.1321,0.1055,0.1553,0.0,0.0
100000000749118100,transit,0.763,1,0.393,"Получил 10 тыс ₸ от 1 плательщика (1 перевод), отправил 16 тыс ₸ 1 получателю (1 перевод); отправил в 1,6× больше полученного → есть невидимые входящие",1012,R4: out/in=1.60>1.2 (невидимые входящие),-,not_sink,False,1.0,False,3,1,1,10330.0,16500.0,1,1,1.5973,0.0,6170.0,0,0,0.00028615,1.922e-05,-,0.1602,0.0707,0.162,0.0,0.0
100000008778010100,terminal,0.598,11,0.3928,"4-е колено, исходящие не выгружены; получил 77 тыс ₸ от 1 плательщика (2 перевода). У узлов колен 1–3 с таким профилем пересылают дальше 40%",1013,T4: p_forward=0.40<0.5 (оценка по коленам 1–3),transit,truncated_depth,True,0.402,False,4,1,0,76950.0,0.0,2,0,0.0,-1.0,0.0,0,0,0.00052964,0.0,truncated,0.1046,0.1291,0.159,0.0,0.0
100000003237045100,peripheral,0.141,6,0.3925,"Смешанный профиль: получил 340 тыс ₸ от 1 плательщика (2 перевода), отправил 150 тыс ₸ 1 получателю (1 перевод); дальше ушло 44%",1014,R6: out/in=0.44 между 0.1 и 0.5,-,not_sink,False,1.0,False,2,1,1,340200.0,150000.0,2,1,0.4409,0.0,0.0,0,0,0.00039413,0.0,in_cycle,0.0049,0.2147,0.1395,0.0,0.0333
100000006100920100,terminal,0.768,1,0.3924,"Получил 100 тыс ₸ от 1 плательщика (1 перевод), дальше ушло 0%",1015,"R5: out/in=0.00≤0.1, in=100 тыс ₸",-,confirmed_sink,False,0.0,False,3,1,0,100000.0,0.0,1,0,0.0,-1.0,0.0,0,0,0.00032651,0.0,-,0.1344,0.145,0.113,0.0,0.0
100000008472324100,terminal,0.795,3,0.3918,"Получил 205 тыс ₸ от 1 плательщика (1 перевод), дальше ушло 0%",1016,"R5: out/in=0.00≤0.1, in=205 тыс ₸",-,confirmed_sink,False,0.0,False,3,1,0,205200.0,0.0,1,0,0.0,-1.0,0.0,0,0,0.00029222,0.0,-,0.1391,0.1793,0.0734,0.0,0.0
100000002755292100,terminal,0.795,3,0.3915,"Получил 203 тыс ₸ от 1 плательщика (1 перевод), дальше ушло 0%",1017,"R5: out/in=0.00≤0.1, in=203 тыс ₸",-,confirmed_sink,False,0.0,False,3,1,0,203400.0,0.0,1,0,0.0,-1.0,0.0,0,0,0.00029216,0.0,-,0.1391,0.1789,0.0734,0.0,0.0
100000003061115100,terminal,0.738,1,0.3914,"4-е колено, исходящие не выгружены; получил 45 тыс ₸ от 1 плательщика (1 перевод). У узлов колен 1–3 с таким профилем пересылают дальше 26%",1018,T4: p_forward=0.26<0.5 (оценка по коленам 1–3),transit,truncated_depth,True,0.262,False,4,1,0,45000.0,0.0,1,0,0.0,-1.0,0.0,0,0,0.0005339,0.0,truncated,0.1291,0.0988,0.1634,0.0,0.0
100000005124479100,peripheral,0.335,1,0.3912,"Смешанный профиль: получил 138 тыс ₸ от 2 плательщиков (2 перевода), отправил 22 тыс ₸ 2 получателям (2 перевода); дальше ушло 16%; seed среди плательщиков: 1",1019,R6: out/in=0.16 между 0.1 и 0.5,-,not_sink,False,1.0,False,1,2,2,137753.0,22000.0,2,2,0.1597,0.0,0.0,1,0,0.00030323,4.756e-05,-,0.0117,0.1664,0.1798,0.0333,0.0
100000002692044100,terminal,0.767,28,0.3911,"Получил 97 тыс ₸ от 1 плательщика (1 перевод), дальше ушло 0%; seed среди плательщиков: 1",1020,"R5: out/in=0.00≤0.1, in=97 тыс ₸",-,confirmed_sink,False,0.0,False,1,1,0,97000.0,0.0,1,0,0.0,-1.0,0.0,1,0,0.00030167,0.0,-,0.1342,0.1427,0.0808,0.0333,0.0
100000001851289100,terminal,0.77,6,0.3909,"Получил 110 тыс ₸ от 1 плательщика (3 перевода), дальше ушло 0%; seed среди плательщиков: 1",1021,"R5: out/in=0.00≤0.1, in=110 тыс ₸",-,confirmed_sink,False,0.0,False,1,1,0,109510.0,0.0,3,0,0.0,-1.0,0.0,1,0,0.00029734,0.0,-,0.1347,0.1495,0.0734,0.0333,0.0
100000002505277100,terminal,0.738,1,0.3904,"4-е колено, исходящие не выгружены; получил 60 тыс ₸ от 1 плательщика (1 перевод). У узлов колен 1–3 с таким профилем пересылают дальше 26%",1022,T4: p_forward=0.26<0.5 (оценка по коленам 1–3),transit,truncated_depth,True,0.262,False,4,1,0,60000.0,0.0,1,0,0.0,-1.0,0.0,0,0,0.00040765,0.0,truncated,0.1291,0.1187,0.1426,0.0,0.0
100000002662768100,terminal,0.764,5,0.3898,"Получил 84 тыс ₸ от 1 плательщика (1 перевод), дальше ушло 0%; seed среди плательщиков: 1",1023,"R5: out/in=0.00≤0.1, in=84 тыс ₸",-,confirmed_sink,False,0.0,False,1,1,0,84300.0,0.0,1,0,0.0,-1.0,0.0,1,0,0.00030646,0.0,-,0.1337,0.1335,0.0893,0.0333,0.0
100000000440392100,terminal,0.77,6,0.3897,"Получил 106 тыс ₸ от 1 плательщика (4 перевода), дальше ушло 0%; seed среди плательщиков: 1",1024,"R5: out/in=0.00≤0.1, in=106 тыс ₸",-,confirmed_sink,False,0.0,False,1,1,0,105705.0,0.0,4,0,0.0,-1.0,0.0,1,0,0.00029693,0.0,-,0.1347,0.1482,0.0734,0.0333,0.0
100000003089553100,terminal,0.781,2,0.3896,"Получил 150 тыс ₸ от 1 плательщика (1 перевод), дальше ушло 0%",1025,"R5: out/in=0.00≤0.1, in=150 тыс ₸",-,confirmed_sink,False,0.0,False,3,1,0,150000.0,0.0,1,0,0.0,-1.0,0.0,0,0,0.00030709,0.0,-,0.1367,0.1626,0.0903,0.0,0.0
100000003831201100,terminal,0.753,1,0.3893,"Получил 40 тыс ₸ от 1 плательщика (3 перевода), дальше ушло 0%",1026,"R5: out/in=0.00≤0.1, in=40 тыс ₸",-,confirmed_sink,False,0.0,False,2,1,0,40500.0,0.0,3,0,0.0,-1.0,0.0,0,0,0.00053433,0.0,-,0.1318,0.0938,0.1637,0.0,0.0
100000000611474100,terminal,0.751,25,0.3893,"Получил 32 тыс ₸ от 1 плательщика (1 перевод), дальше ушло 0%",1027,"R5: out/in=0.00≤0.1, in=32 тыс ₸",-,confirmed_sink,False,0.0,False,3,1,0,32000.0,0.0,1,0,0.0,-1.0,0.0,0,0,0.00059562,0.0,-,0.1314,0.082,0.1759,0.0,0.0
100000008568512100,terminal,0.794,3,0.3892,"Получил 200 тыс ₸ от 1 плательщика (1 перевод), дальше ушло 0%",1028,"R5: out/in=0.00≤0.1, in=200 тыс ₸",-,confirmed_sink,False,0.0,False,3,1,0,199640.0,0.0,1,0,0.0,-1.0,0.0,0,0,0.00029204,0.0,-,0.139,0.1768,0.0734,0.0,0.0
100000003073635100,terminal,0.776,8,0.3892,"Получил 129 тыс ₸ от 1 плательщика (1 перевод), дальше ушло 0%",1029,"R5: out/in=0.00≤0.1, in=129 тыс ₸",-,confirmed_sink,False,0.0,False,3,1,0,129231.0,0.0,1,0,0.0,-1.0,0.0,0,0,0.00031186,0.0,-,0.1358,0.156,0.0974,0.0,0.0
100000005942793100,consolidator,0.5,1,0.3889,"Получает от 4 плательщиков: 55 тыс ₸, 4 перевода (в среднем 14 тыс ₸); дальше не отправлял",1030,R3: in_deg=4≥4,terminal,confirmed_sink,False,0.0,False,2,4,0,55000.0,0.0,4,0,0.0,-1.0,0.0,0,0,0.00033223,0.0,-,0.1575,0.1149,0.1165,0.0,0.0
100000003447411100,terminal,0.598,8,0.3885,"4-е колено, исходящие не выгружены; получил 302 тыс ₸ от 1 плательщика (3 перевода). У узлов колен 1–3 с таким профилем пересылают дальше 40%",1031,T4: p_forward=0.40<0.5 (оценка по коленам 1–3),transit,truncated_depth,True,0.402,False,4,1,0,302000.0,0.0,3,0,0.0,-1.0,0.0,0,0,0.00030582,0.0,truncated,0.1046,0.1957,0.0882,0.0,0.0
100000005897462100,terminal,0.768,14,0.3885,"Получил 98 тыс ₸ от 1 плательщика (1 перевод), дальше ушло 0%; seed среди плательщиков: 1",1032,"R5: out/in=0.00≤0.1, in=98 тыс ₸",-,confirmed_sink,False,0.0,False,1,1,0,98400.0,0.0,1,0,0.0,-1.0,0.0,1,0,0.00030049,0.0,-,0.1344,0.1433,0.0774,0.0333,0.0
100000000979923100,terminal,0.768,14,0.3882,"Получил 98 тыс ₸ от 1 плательщика (1 перевод), дальше ушло 0%; seed среди плательщиков: 1",1033,"R5: out/in=0.00≤0.1, in=98 тыс ₸",-,confirmed_sink,False,0.0,False,1,1,0,97900.0,0.0,1,0,0.0,-1.0,0.0,1,0,0.00030042,0.0,-,0.1344,0.1431,0.0773,0.0333,0.0
100000003271151100,terminal,0.775,8,0.388,"Получил 127 тыс ₸ от 1 плательщика (1 перевод), дальше ушло 0%",1034,"R5: out/in=0.00≤0.1, in=127 тыс ₸",-,confirmed_sink,False,0.0,False,3,1,0,127294.0,0.0,1,0,0.0,-1.0,0.0,0,0,0.00031147,0.0,-,0.1356,0.1558,0.0966,0.0,0.0
100000001220124100,terminal,0.738,8,0.3879,"4-е колено, исходящие не выгружены; получил 40 тыс ₸ от 1 плательщика (1 перевод). У узлов колен 1–3 с таким профилем пересылают дальше 26%",1035,T4: p_forward=0.26<0.5 (оценка по коленам 1–3),transit,truncated_depth,True,0.262,False,4,1,0,40000.0,0.0,1,0,0.0,-1.0,0.0,0,0,0.00053956,0.0,truncated,0.1291,0.0926,0.1661,0.0,0.0
100000004975919100,transit,0.586,8,0.3879,"Получил 22 тыс ₸ от 1 плательщика (1 перевод), отправил 15 тыс ₸ 2 получателям (2 перевода); дальше ушло 67%",1036,R4: out/in=0.67≥0.5,-,not_sink,False,1.0,False,3,1,2,22351.0,15000.0,1,2,0.6711,0.0,0.0,0,0,0.00029012,3.844e-05,-,0.1231,0.0891,0.1758,0.0,0.0
100000001837130100,terminal,0.787,1,0.3878,"Получил 173 тыс ₸ от 1 плательщика (1 перевод), дальше ушло 0%",1037,"R5: out/in=0.00≤0.1, in=173 тыс ₸",-,confirmed_sink,False,0.0,False,3,1,0,172900.0,0.0,1,0,0.0,-1.0,0.0,0,0,0.0003009,0.0,-,0.1377,0.1712,0.0789,0.0,0.0
100000007153161100,terminal,0.738,1,0.3878,"4-е колено, исходящие не выгружены; получил 45 тыс ₸ от 1 плательщика (1 перевод). У узлов колен 1–3 с таким профилем пересылают дальше 26%",1038,T4: p_forward=0.26<0.5 (оценка по коленам 1–3),transit,truncated_depth,True,0.262,False,4,1,0,44997.0,0.0,1,0,0.0,-1.0,0.0,0,0,0.00053095,0.0,truncated,0.1291,0.098,0.1607,0.0,0.0
100000002528544100,terminal,0.792,18,0.3875,"Получил 193 тыс ₸ от 1 плательщика (1 перевод), дальше ушло 0%",1039,"R5: out/in=0.00≤0.1, in=193 тыс ₸",-,confirmed_sink,False,0.0,False,3,1,0,192912.0,0.0,1,0,0.0,-1.0,0.0,0,0,0.00029931,0.0,-,0.1386,0.1754,0.0735,0.0,0.0
100000002947299100,terminal,0.764,5,0.3873,"Получил 85 тыс ₸ от 1 плательщика (1 перевод), дальше ушло 0%",1040,"R5: out/in=0.00≤0.1, in=85 тыс ₸",-,confirmed_sink,False,0.0,False,2,1,0,85000.0,0.0,1,0,0.0,-1.0,0.0,0,0,0.00033751,0.0,-,0.1337,0.1344,0.1192,0.0,0.0
100000001184915100,terminal,0.476,19,0.3871,"Получил 201 тыс ₸ от 1 плательщика (2 перевода), дальше ушло 0%; 100% поступило 30–31 июля — август не виден",1041,"R5: out/in=0.00≤0.1, in=201 тыс ₸",-,truncated_time,False,0.0,False,2,1,0,201000.0,0.0,2,0,0.0,-1.0,0.0,0,0,0.00034952,0.0,late_inflow,0.0833,0.1786,0.1252,0.0,0.0
100000000470237100,terminal,0.738,37,0.3869,"4-е колено, исходящие не выгружены; получил 32 тыс ₸ от 1 плательщика (1 перевод). У узлов колен 1–3 с таким профилем пересылают дальше 26%",1042,T4: p_forward=0.26<0.5 (оценка по коленам 1–3),transit,truncated_depth,True,0.262,False,4,1,0,32500.0,0.0,1,0,0.0,-1.0,0.0,0,0,0.00058463,0.0,truncated,0.1291,0.0826,0.1751,0.0,0.0
100000002597003100,transit,0.561,1,0.3869,"Получил 18 тыс ₸ от 1 плательщика (1 перевод), отправил 11 тыс ₸ 1 получателю (1 перевод); дальше ушло 62%; seed среди плательщиков: 1",1043,R4: out/in=0.62≥0.5,-,not_sink,False,1.0,False,1,1,1,17700.0,11000.0,1,1,0.6215,0.0,0.0,1,0,0.00028889,1.922e-05,-,0.1178,0.0737,0.162,0.0333,0.0
100000003105929100,peripheral,0.118,3,0.3867,"Смешанный профиль: получил 430 тыс ₸ от 1 плательщика (2 перевода), отправил 156 тыс ₸ 1 получателю (1 перевод); дальше ушло 36%",1044,R6: out/in=0.36 между 0.1 и 0.5,-,not_sink,False,1.0,False,3,1,1,429567.0,156354.0,2,1,0.364,0.0,0.0,0,0,0.00029949,1.922e-05,-,0.0041,0.2205,0.162,0.0,0.0
100000002529880100,terminal,0.78,2,0.3866,"Получил 147 тыс ₸ от 2 плательщиков (2 перевода), дальше ушло 0%",1045,"R5: out/in=0.00≤0.1, in=147 тыс ₸",-,confirmed_sink,False,0.0,False,3,2,0,147000.0,0.0,2,0,0.0,-1.0,0.0,0,0,0.00030613,0.0,-,0.1365,0.1613,0.0888,0.0,0.0
100000003207060100,terminal,0.738,1,0.3866,"4-е колено, исходящие не выгружены; получил 53 тыс ₸ от 1 плательщика (1 перевод). У узлов колен 1–3 с таким профилем пересылают дальше 26%",1046,T4: p_forward=0.26<0.5 (оценка по коленам 1–3),transit,truncated_depth,True,0.262,False,4,1,0,53000.0,0.0,1,0,0.0,-1.0,0.0,0,0,0.00042744,0.0,truncated,0.1291,0.1122,0.1453,0.0,0.0
100000001484381100,terminal,0.767,12,0.3865,"Получил 96 тыс ₸ от 2 плательщиков (4 перевода), дальше ушло 0%",1047,"R5: out/in=0.00≤0.1, in=96 тыс ₸",-,confirmed_sink,False,0.0,False,3,2,0,95585.0,0.0,4,0,0.0,-1.0,0.0,0,0,0.00032131,0.0,-,0.1342,0.1421,0.1101,0.0,0.0
100000000945428100,terminal,0.765,1,0.3865,"Получил 90 тыс ₸ от 1 плательщика (1 перевод), дальше ушло 0%; seed среди плательщиков: 1",1048,"R5: out/in=0.00≤0.1, in=90 тыс ₸",-,confirmed_sink,False,0.0,False,1,1,0,89629.0,0.0,1,0,0.0,-1.0,0.0,1,0,0.00030239,0.0,-,0.1339,0.1372,0.082,0.0333,0.0
100000008238112100,terminal,0.791,3,0.3863,"Получил 190 тыс ₸ от 1 плательщика (1 перевод), дальше ушло 0%",1049,"R5: out/in=0.00≤0.1, in=190 тыс ₸",-,confirmed_sink,False,0.0,False,3,1,0,190000.0,0.0,1,0,0.0,-1.0,0.0,0,0,0.00029173,0.0,-,0.1384,0.1744,0.0734,0.0,0.0
100000003071649100,terminal,0.791,2,0.386,"Получил 190 тыс ₸ от 1 плательщика (1 перевод), дальше ушло 0%",1050,"R5: out/in=0.00≤0.1, in=190 тыс ₸",-,confirmed_sink,False,0.0,False,3,1,0,189500.0,0.0,1,0,0.0,-1.0,0.0,0,0,0.00029533,0.0,-,0.1384,0.1742,0.0734,0.0,0.0
100000008751380100,terminal,0.499,2,0.3859,"Получил 346 тыс ₸ от 2 плательщиков (2 перевода), дальше ушло 0%; 98% поступило 30–31 июля — август не виден",1051,"R5: out/in=0.00≤0.1, in=346 тыс ₸",-,truncated_time,False,0.0,False,3,2,0,345780.0,0.0,2,0,0.0,-1.0,0.0,0,0,0.00031276,0.0,late_inflow,0.0873,0.1997,0.0988,0.0,0.0
100000008279405100,terminal,0.482,8,0.3859,"Получил 235 тыс ₸ от 1 плательщика (2 перевода), дальше ушло 0%; 60% поступило 30–31 июля — август не виден",1052,"R5: out/in=0.00≤0.1, in=235 тыс ₸",-,truncated_time,False,0.0,False,3,1,0,234738.0,0.0,2,0,0.0,-1.0,0.0,0,0,0.00033333,0.0,late_inflow,0.0844,0.1843,0.1173,0.0,0.0
100000001533161100,terminal,0.738,30,0.3859,"4-е колено, исходящие не выгружены; получил 100 тыс ₸ от 1 плательщика (1 перевод). У узлов колен 1–3 с таким профилем пересылают дальше 26%",1053,T4: p_forward=0.26<0.5 (оценка по коленам 1–3),transit,truncated_depth,True,0.262,False,4,1,0,100000.0,0.0,1,0,0.0,-1.0,0.0,0,0,0.00032444,0.0,truncated,0.1291,0.145,0.1118,0.0,0.0
100000003239379100,terminal,0.766,28,0.3858,"Получил 92 тыс ₸ от 1 плательщика (1 перевод), дальше ушло 0%; seed среди плательщиков: 1",1054,"R5: out/in=0.00≤0.1, in=92 тыс ₸",-,confirmed_sink,False,0.0,False,1,1,0,92500.0,0.0,1,0,0.0,-1.0,0.0,1,0,0.00030092,0.0,-,0.134,0.1395,0.079,0.0333,0.0
100000001688676100,terminal,0.777,16,0.3856,"Получил 134 тыс ₸ от 1 плательщика (1 перевод), дальше ушло 0%",1055,"R5: out/in=0.00≤0.1, in=134 тыс ₸",-,confirmed_sink,False,0.0,False,3,1,0,133700.0,0.0,1,0,0.0,-1.0,0.0,0,0,0.00030843,0.0,-,0.136,0.1573,0.0923,0.0,0.0
100000006595426100,terminal,0.764,5,0.3855,"Получил 85 тыс ₸ от 1 плательщика (3 перевода), дальше ушло 0%",1056,"R5: out/in=0.00≤0.1, in=85 тыс ₸",-,confirmed_sink,False,0.0,False,2,1,0,84800.0,0.0,3,0,0.0,-1.0,0.0,0,0,0.00033432,0.0,-,0.1337,0.1339,0.1179,0.0,0.0
100000001961048100,terminal,0.781,15,0.3852,"Получил 150 тыс ₸ от 1 плательщика (1 перевод), дальше ушло 0%",1057,"R5: out/in=0.00≤0.1, in=150 тыс ₸",-,confirmed_sink,False,0.0,False,2,1,0,150000.0,0.0,1,0,0.0,-1.0,0.0,0,0,0.00030431,0.0,-,0.1367,0.1626,0.0859,0.0,0.0
100000007749747100,terminal,0.738,2,0.3846,"4-е колено, исходящие не выгружены; получил 50 тыс ₸ от 1 плательщика (1 перевод). У узлов колен 1–3 с таким профилем пересылают дальше 26%",1058,T4: p_forward=0.26<0.5 (оценка по коленам 1–3),transit,truncated_depth,True,0.262,False,4,1,0,50000.0,0.0,1,0,0.0,-1.0,0.0,0,0,0.00044362,0.0,truncated,0.1291,0.1071,0.1484,0.0,0.0
100000001534244100,peripheral,0.171,2,0.3845,"Смешанный профиль: получил 366 тыс ₸ от 2 плательщиков (2 перевода), отправил 45 тыс ₸ 1 получателю (1 перевод); дальше ушло 12%",1059,R6: out/in=0.12 между 0.1 и 0.5,-,not_sink,False,1.0,False,3,2,1,366000.0,45000.0,2,1,0.123,0.0,0.0,0,0,0.00034151,2.16e-05,-,0.006,0.2072,0.1713,0.0,0.0
100000006852430100,terminal,0.752,14,0.3845,"Получил 37 тыс ₸ от 1 плательщика (1 перевод), дальше ушло 0%",1060,"R5: out/in=0.00≤0.1, in=37 тыс ₸",-,confirmed_sink,False,0.0,False,2,1,0,37000.0,0.0,1,0,0.0,-1.0,0.0,0,0,0.0005362,0.0,-,0.1316,0.0885,0.1644,0.0,0.0
100000004134060100,terminal,0.765,18,0.3844,"Получил 88 тыс ₸ от 1 плательщика (1 перевод), дальше ушло 0%",1061,"R5: out/in=0.00≤0.1, in=88 тыс ₸",-,confirmed_sink,False,0.0,False,2,1,0,88179.0,0.0,1,0,0.0,-1.0,0.0,0,0,0.00032801,0.0,-,0.1339,0.1366,0.114,0.0,0.0
100000005409680100,terminal,0.756,16,0.384,"Получил 55 тыс ₸ от 2 плательщиков (2 перевода), дальше ушло 0%",1062,"R5: out/in=0.00≤0.1, in=55 тыс ₸",-,confirmed_sink,False,0.0,True,0,2,0,55060.0,0.0,2,0,0.0,-1.0,0.0,0,0,0.00063353,0.0,-,0.1191,0.1038,0.1611,0.0,0.0
100000002906470100,terminal,0.776,16,0.3839,"Получил 130 тыс ₸ от 1 плательщика (1 перевод), дальше ушло 0%",1063,"R5: out/in=0.00≤0.1, in=130 тыс ₸",-,confirmed_sink,False,0.0,False,3,1,0,130000.0,0.0,1,0,0.0,-1.0,0.0,0,0,0.0003078,0.0,-,0.1358,0.1564,0.0916,0.0,0.0
100000000190228100,transit,0.597,12,0.3839,"Получил 5 тыс ₸ от 1 плательщика (1 перевод), отправил 29 тыс ₸ 1 получателю (1 перевод); отправил в 5,7× больше полученного → есть невидимые входящие",1064,R4: out/in=5.71>1.2 (невидимые входящие),-,not_sink,False,1.0,False,2,1,1,5000.0,28560.0,1,1,5.712,0.0,23560.0,0,0,0.00058201,2.16e-05,-,0.1254,0.0836,0.1749,0.0,0.0
100000004674412100,terminal,0.738,14,0.3829,"4-е колено, исходящие не выгружены; получил 46 тыс ₸ от 1 плательщика (1 перевод). У узлов колен 1–3 с таким профилем пересылают дальше 26%",1065,T4: p_forward=0.26<0.5 (оценка по коленам 1–3),transit,truncated_depth,True,0.262,False,4,1,0,46000.0,0.0,1,0,0.0,-1.0,0.0,0,0,0.00048937,0.0,truncated,0.1291,0.1,0.1537,0.0,0.0
100000002432143100,terminal,0.763,5,0.3828,"Получил 81 тыс ₸ от 1 плательщика (1 перевод), дальше ушло 0%",1066,"R5: out/in=0.00≤0.1, in=81 тыс ₸",-,confirmed_sink,False,0.0,False,2,1,0,81310.0,0.0,1,0,0.0,-1.0,0.0,0,0,0.00033526,0.0,-,0.1335,0.1311,0.1181,0.0,0.0
100000008308418100,terminal,0.738,1,0.3827,"4-е колено, исходящие не выгружены; получил 50 тыс ₸ от 1 плательщика (1 перевод). У узлов колен 1–3 с таким профилем пересылают дальше 26%",1067,T4: p_forward=0.26<0.5 (оценка по коленам 1–3),transit,truncated_depth,True,0.262,False,4,1,0,50000.0,0.0,1,0,0.0,-1.0,0.0,0,0,0.0004316,0.0,truncated,0.1291,0.1071,0.1464,0.0,0.0
100000005783452100,terminal,0.504,9,0.3826,"4-е колено, исходящие не выгружены; получил 286 тыс ₸ от 2 плательщиков (2 перевода). У узлов колен 1–3 с таким профилем пересылают дальше 50%",1068,T4: p_forward=0.50<0.5 (оценка по коленам 1–3),transit,truncated_depth,True,0.496,False,4,2,0,286500.0,0.0,2,0,0.0,-1.0,0.0,0,0,0.00031442,0.0,truncated,0.0882,0.1926,0.1018,0.0,0.0
100000003636627100,peripheral,0.457,7,0.3824,"Смешанный профиль: получил 77 тыс ₸ от 1 плательщика (8 переводов), отправил 10 тыс ₸ 1 получателю (1 перевод); дальше ушло 13%",1069,R6: out/in=0.13 между 0.1 и 0.5,-,not_sink,False,1.0,False,3,1,1,77000.0,10000.0,8,1,0.1299,0.0,0.0,0,0,0.00197631,0.0,in_cycle,0.016,0.1358,0.1972,0.0,0.0333
100000008571243100,terminal,0.777,12,0.3823,"Получил 134 тыс ₸ от 1 плательщика (1 перевод), дальше ушло 0%",1070,"R5: out/in=0.00≤0.1, in=134 тыс ₸",-,confirmed_sink,False,0.0,False,3,1,0,134000.0,0.0,1,0,0.0,-1.0,0.0,0,0,0.00030626,0.0,-,0.136,0.1574,0.089,0.0,0.0
100000004360785100,terminal,0.767,6,0.382,"Получил 95 тыс ₸ от 1 плательщика (1 перевод), дальше ушло 0%; seed среди плательщиков: 1",1071,"R5: out/in=0.00≤0.1, in=95 тыс ₸",-,confirmed_sink,False,0.0,False,1,1,0,94705.0,0.0,1,0,0.0,-1.0,0.0,1,0,0.00029575,0.0,-,0.1342,0.141,0.0734,0.0333,0.0
100000004549591100,terminal,0.738,67,0.382,"4-е колено, исходящие не выгружены; получил 49 тыс ₸ от 1 плательщика (1 перевод). У узлов колен 1–3 с таким профилем пересылают дальше 26%",1072,T4: p_forward=0.26<0.5 (оценка по коленам 1–3),transit,truncated_depth,True,0.262,False,4,1,0,49000.0,0.0,1,0,0.0,-1.0,0.0,0,0,0.00044432,0.0,truncated,0.1291,0.1044,0.1485,0.0,0.0
100000002208836100,terminal,0.738,3,0.3819,"4-е колено, исходящие не выгружены; получил 90 тыс ₸ от 1 плательщика (1 перевод). У узлов колен 1–3 с таким профилем пересылают дальше 26%",1073,T4: p_forward=0.26<0.5 (оценка по коленам 1–3),transit,truncated_depth,True,0.262,False,4,1,0,90000.0,0.0,1,0,0.0,-1.0,0.0,0,0,0.00032982,0.0,truncated,0.1291,0.1378,0.1149,0.0,0.0
100000004596284100,terminal,0.738,6,0.3818,"4-е колено, исходящие не выгружены; получил 30 тыс ₸ от 1 плательщика (1 перевод). У узлов колен 1–3 с таким профилем пересылают дальше 26%",1074,T4: p_forward=0.26<0.5 (оценка по коленам 1–3),transit,truncated_depth,True,0.262,False,4,1,0,30000.0,0.0,1,0,0.0,-1.0,0.0,0,0,0.00059149,0.0,truncated,0.1291,0.0771,0.1756,0.0,0.0
100000008757301100,terminal,0.598,1,0.3817,"4-е колено, исходящие не выгружены; получил 58 тыс ₸ от 1 плательщика (3 перевода). У узлов колен 1–3 с таким профилем пересылают дальше 40%",1075,T4: p_forward=0.40<0.5 (оценка по коленам 1–3),transit,truncated_depth,True,0.402,False,4,1,0,58398.0,0.0,3,0,0.0,-1.0,0.0,0,0,0.00053055,0.0,truncated,0.1046,0.1171,0.16,0.0,0.0
100000007793871100,terminal,0.75,14,0.3808,"Получил 26 тыс ₸ от 1 плательщика (3 перевода), дальше ушло 0%",1076,"R5: out/in=0.00≤0.1, in=26 тыс ₸",-,confirmed_sink,False,0.0,False,3,1,0,26000.0,0.0,3,0,0.0,-1.0,0.0,0,0,0.00068723,0.0,-,0.1312,0.0678,0.1818,0.0,0.0
100000003782913100,terminal,0.738,10,0.3807,"4-е колено, исходящие не выгружены; получил 200 тыс ₸ от 1 плательщика (1 перевод). У узлов колен 1–3 с таким профилем пересылают дальше 26%",1077,T4: p_forward=0.26<0.5 (оценка по коленам 1–3),transit,truncated_depth,True,0.262,False,4,1,0,200000.0,0.0,1,0,0.0,-1.0,0.0,0,0,0.0002994,0.0,truncated,0.1291,0.1777,0.0738,0.0,0.0
100000003286537100,terminal,0.782,2,0.3807,"Получил 153 тыс ₸ от 2 плательщиков (2 перевода), дальше ушло 0%",1078,"R5: out/in=0.00≤0.1, in=153 тыс ₸",-,confirmed_sink,False,0.0,False,3,2,0,153000.0,0.0,2,0,0.0,-1.0,0.0,0,0,0.00030109,0.0,-,0.1368,0.1645,0.0793,0.0,0.0
100000002695812100,terminal,0.738,12,0.3807,"4-е колено, исходящие не выгружены; получил 95 тыс ₸ от 1 плательщика (1 перевод). У узлов колен 1–3 с таким профилем пересылают дальше 26%",1079,T4: p_forward=0.26<0.5 (оценка по коленам 1–3),transit,truncated_depth,True,0.262,False,4,1,0,95000.0,0.0,1,0,0.0,-1.0,0.0,0,0,0.00032113,0.0,truncated,0.1291,0.1416,0.11,0.0,0.0
100000002121357100,peripheral,0.19,2,0.3806,"Смешанный профиль: получил 255 тыс ₸ от 2 плательщиков (2 перевода), отправил 113 тыс ₸ 1 получателю (1 перевод); дальше ушло 44%",1080,R6: out/in=0.44 между 0.1 и 0.5,-,not_sink,False,1.0,False,3,2,1,255300.0,113000.0,2,1,0.4426,0.0,0.0,0,0,0.00032627,2.16e-05,-,0.0066,0.2026,0.1713,0.0,0.0
100000003497735100,terminal,0.774,16,0.3805,"Получил 125 тыс ₸ от 1 плательщика (1 перевод), дальше ушло 0%",1081,"R5: out/in=0.00≤0.1, in=125 тыс ₸",-,confirmed_sink,False,0.0,False,3,1,0,125000.0,0.0,1,0,0.0,-1.0,0.0,0,0,0.00030695,0.0,-,0.1354,0.1552,0.0899,0.0,0.0
100000002340562100,terminal,0.752,7,0.3802,"Получил 37 тыс ₸ от 1 плательщика (2 перевода), дальше ушло 0%",1082,"R5: out/in=0.00≤0.1, in=37 тыс ₸",-,confirmed_sink,False,0.0,False,2,1,0,36650.0,0.0,2,0,0.0,-1.0,0.0,0,0,0.00053086,0.0,-,0.1316,0.0882,0.1604,0.0,0.0
100000006445501100,terminal,0.766,14,0.3801,"Получил 91 тыс ₸ от 1 плательщика (1 перевод), дальше ушло 0%; seed среди плательщиков: 1",1083,"R5: out/in=0.00≤0.1, in=91 тыс ₸",-,confirmed_sink,False,0.0,False,1,1,0,91000.0,0.0,1,0,0.0,-1.0,0.0,1,0,0.00029937,0.0,-,0.134,0.1391,0.0736,0.0333,0.0
100000001276409100,terminal,0.738,12,0.38,"4-е колено, исходящие не выгружены; получил 95 тыс ₸ от 1 плательщика (1 перевод). У узлов колен 1–3 с таким профилем пересылают дальше 26%",1084,T4: p_forward=0.26<0.5 (оценка по коленам 1–3),transit,truncated_depth,True,0.262,False,4,1,0,94760.0,0.0,1,0,0.0,-1.0,0.0,0,0,0.00032104,0.0,truncated,0.1291,0.1411,0.1097,0.0,0.0
100000002599729100,terminal,0.598,1,0.3798,"4-е колено, исходящие не выгружены; получил 65 тыс ₸ от 1 плательщика (2 перевода). У узлов колен 1–3 с таким профилем пересылают дальше 40%",1085,T4: p_forward=0.40<0.5 (оценка по коленам 1–3),transit,truncated_depth,True,0.402,False,4,1,0,65000.0,0.0,2,0,0.0,-1.0,0.0,0,0,0.00048579,0.0,truncated,0.1046,0.1219,0.1533,0.0,0.0
100000008502995100,terminal,0.75,1,0.3798,"Получил 25 тыс ₸ от 1 плательщика (2 перевода), дальше ушло 0%",1086,"R5: out/in=0.00≤0.1, in=25 тыс ₸",-,confirmed_sink,False,0.0,False,3,1,0,25000.0,0.0,2,0,0.0,-1.0,0.0,0,0,0.00072709,0.0,-,0.1312,0.0651,0.1835,0.0,0.0
100000001285440100,terminal,0.483,13,0.3797,"Получил 243 тыс ₸ от 2 плательщиков (2 перевода), дальше ушло 0%; 100% поступило 30–31 июля — август не виден",1087,"R5: out/in=0.00≤0.1, in=243 тыс ₸",-,truncated_time,False,0.0,False,3,2,0,243000.0,0.0,2,0,0.0,-1.0,0.0,0,0,0.00032036,0.0,late_inflow,0.0845,0.1863,0.1089,0.0,0.0
100000002581346100,terminal,0.785,3,0.3797,"Получил 166 тыс ₸ от 1 плательщика (1 перевод), дальше ушло 0%",1088,"R5: out/in=0.00≤0.1, in=166 тыс ₸",-,confirmed_sink,False,0.0,False,3,1,0,166400.0,0.0,1,0,0.0,-1.0,0.0,0,0,0.00029096,0.0,-,0.1374,0.1689,0.0734,0.0,0.0
100000008638859100,terminal,0.738,16,0.3797,"4-е колено, исходящие не выгружены; получил 34 тыс ₸ от 1 плательщика (1 перевод). У узлов колен 1–3 с таким профилем пересылают дальше 26%",1089,T4: p_forward=0.26<0.5 (оценка по коленам 1–3),transit,truncated_depth,True,0.262,False,4,1,0,34000.0,0.0,1,0,0.0,-1.0,0.0,0,0,0.00053965,0.0,truncated,0.1291,0.0844,0.1662,0.0,0.0
100000008337304100,terminal,0.598,8,0.3796,"4-е колено, исходящие не выгружены; получил 105 тыс ₸ от 1 плательщика (2 перевода). У узлов колен 1–3 с таким профилем пересылают дальше 40%",1090,T4: p_forward=0.40<0.5 (оценка по коленам 1–3),transit,truncated_depth,True,0.402,False,4,1,0,105465.0,0.0,2,0,0.0,-1.0,0.0,0,0,0.00035427,0.0,truncated,0.1046,0.1481,0.1268,0.0,0.0
100000000764836100,peripheral,0.218,8,0.3789,"Смешанный профиль: получил 252 тыс ₸ от 1 плательщика (1 перевод), отправил 50 тыс ₸ 2 получателям (2 перевода); дальше ушло 20%",1091,R6: out/in=0.20 между 0.1 и 0.5,-,not_sink,False,1.0,False,3,1,2,251716.0,50000.0,1,2,0.1986,0.0993,0.0,0,0,0.00033678,3.844e-05,-,0.0076,0.1955,0.1758,0.0,0.0
100000001227106100,terminal,0.785,3,0.3789,"Получил 165 тыс ₸ от 1 плательщика (1 перевод), дальше ушло 0%",1092,"R5: out/in=0.00≤0.1, in=165 тыс ₸",-,confirmed_sink,False,0.0,False,3,1,0,164765.0,0.0,1,0,0.0,-1.0,0.0,0,0,0.00029091,0.0,-,0.1374,0.1681,0.0734,0.0,0.0
100000004797167100,terminal,0.738,18,0.3788,"4-е колено, исходящие не выгружены; получил 31 тыс ₸ от 1 плательщика (1 перевод). У узлов колен 1–3 с таким профилем пересылают дальше 26%",1093,T4: p_forward=0.26<0.5 (оценка по коленам 1–3),transit,truncated_depth,True,0.262,False,4,1,0,31000.0,0.0,1,0,0.0,-1.0,0.0,0,0,0.00055162,0.0,truncated,0.1291,0.0798,0.1698,0.0,0.0
100000001362940100,terminal,0.763,5,0.3787,"Получил 81 тыс ₸ от 1 плательщика (1 перевод), дальше ушло 0%; seed среди плательщиков: 1",1094,"R5: out/in=0.00≤0.1, in=81 тыс ₸",-,confirmed_sink,False,0.0,False,1,1,0,81000.0,0.0,1,0,0.0,-1.0,0.0,1,0,0.00030179,0.0,-,0.1335,0.1307,0.0811,0.0333,0.0
100000005567828100,terminal,0.738,12,0.3786,"4-е колено, исходящие не выгружены; получил 94 тыс ₸ от 1 плательщика (1 перевод). У узлов колен 1–3 с таким профилем пересылают дальше 26%",1095,T4: p_forward=0.26<0.5 (оценка по коленам 1–3),transit,truncated_depth,True,0.262,False,4,1,0,94000.0,0.0,1,0,0.0,-1.0,0.0,0,0,0.00032076,0.0,truncated,0.1291,0.1403,0.1092,0.0,0.0
100000003123296100,terminal,0.764,28,0.3781,"Получил 86 тыс ₸ от 1 плательщика (2 перевода), дальше ушло 0%; seed среди плательщиков: 1",1096,"R5: out/in=0.00≤0.1, in=86 тыс ₸",-,confirmed_sink,False,0.0,False,1,1,0,86200.0,0.0,2,0,0.0,-1.0,0.0,1,0,0.00029987,0.0,-,0.1337,0.1355,0.0756,0.0333,0.0
100000004403641100,terminal,0.738,9,0.3777,"4-е колено, исходящие не выгружены; получил 172 тыс ₸ от 1 плательщика (1 перевод). У узлов колен 1–3 с таким профилем пересылают дальше 26%",1097,T4: p_forward=0.26<0.5 (оценка по коленам 1–3),transit,truncated_depth,True,0.262,False,4,1,0,171500.0,0.0,1,0,0.0,-1.0,0.0,0,0,0.00030055,0.0,truncated,0.1291,0.1709,0.0776,0.0,0.0
100000002842321100,terminal,0.784,3,0.3774,"Получил 160 тыс ₸ от 1 плательщика (1 перевод), дальше ушло 0%",1098,"R5: out/in=0.00≤0.1, in=160 тыс ₸",-,confirmed_sink,False,0.0,False,3,1,0,160000.0,0.0,1,0,0.0,-1.0,0.0,0,0,0.00029075,0.0,-,0.1372,0.1668,0.0734,0.0,0.0
100000001952325100,terminal,0.762,11,0.3774,"Получил 78 тыс ₸ от 1 плательщика (2 перевода), дальше ушло 0%; seed среди плательщиков: 1",1099,"R5: out/in=0.00≤0.1, in=78 тыс ₸",-,confirmed_sink,False,0.0,False,1,1,0,77888.0,0.0,2,0,0.0,-1.0,0.0,1,0,0.00030192,0.0,-,0.1334,0.1294,0.0813,0.0333,0.0
100000002904919100,terminal,0.53,1,0.3773,"Получил 60 тыс ₸ от 1 плательщика (1 перевод), дальше ушло 9%",1100,"R5: out/in=0.09≤0.1, in=60 тыс ₸",-,confirmed_sink,False,1.0,False,3,1,1,60325.0,5500.0,1,1,0.0912,0.0,0.0,0,0,0.00029092,1.922e-05,-,0.0928,0.1226,0.162,0.0,0.0
100000002983426100,terminal,0.765,12,0.3771,"Получил 89 тыс ₸ от 1 плательщика (1 перевод), дальше ушло 0%",1101,"R5: out/in=0.00≤0.1, in=89 тыс ₸",-,confirmed_sink,False,0.0,False,3,1,0,88945.0,0.0,1,0,0.0,-1.0,0.0,0,0,0.00031871,0.0,-,0.1339,0.1367,0.1066,0.0,0.0
100000002734815100,terminal,0.738,2,0.3766,"4-е колено, исходящие не выгружены; получил 110 тыс ₸ от 1 плательщика (1 перевод). У узлов колен 1–3 с таким профилем пересылают дальше 26%",1102,T4: p_forward=0.26<0.5 (оценка по коленам 1–3),transit,truncated_depth,True,0.262,False,4,1,0,110000.0,0.0,1,0,0.0,-1.0,0.0,0,0,0.0003122,0.0,truncated,0.1291,0.1498,0.0977,0.0,0.0
100000008737422100,terminal,0.762,11,0.3766,"Получил 77 тыс ₸ от 1 плательщика (1 перевод), дальше ушло 0%; seed среди плательщиков: 1",1103,"R5: out/in=0.00≤0.1, in=77 тыс ₸",-,confirmed_sink,False,0.0,False,1,1,0,76903.0,0.0,1,0,0.0,-1.0,0.0,1,0,0.00030171,0.0,-,0.1334,0.129,0.0809,0.0333,0.0
100000003970394100,terminal,0.764,28,0.3764,"Получил 85 тыс ₸ от 1 плательщика (1 перевод), дальше ушло 0%; seed среди плательщиков: 1",1104,"R5: out/in=0.00≤0.1, in=85 тыс ₸",-,confirmed_sink,False,0.0,False,1,1,0,85000.0,0.0,1,0,0.0,-1.0,0.0,1,0,0.00029968,0.0,-,0.1337,0.1344,0.075,0.0333,0.0
100000007539296100,terminal,0.598,3,0.3763,"4-е колено, исходящие не выгружены; получил 46 тыс ₸ от 1 плательщика (2 перевода). У узлов колен 1–3 с таким профилем пересылают дальше 40%",1105,T4: p_forward=0.40<0.5 (оценка по коленам 1–3),transit,truncated_depth,True,0.402,False,4,1,0,46000.0,0.0,2,0,0.0,-1.0,0.0,0,0,0.00055732,0.0,truncated,0.1046,0.1,0.1716,0.0,0.0
100000003951827100,transit,0.741,1,0.3759,"Получил 9 тыс ₸ от 1 плательщика (1 перевод), отправил 17 тыс ₸ 2 получателям (2 перевода); отправил в 1,9× больше полученного → есть невидимые входящие",1106,R4: out/in=1.89>1.2 (невидимые входящие),-,not_sink,False,1.0,False,3,1,2,9000.0,17000.0,1,2,1.8889,0.0,8000.0,0,0,0.00028608,1.33e-06,-,0.1556,0.0678,0.1525,0.0,0.0
100000002566204100,terminal,0.763,14,0.3758,"Получил 81 тыс ₸ от 1 плательщика (1 перевод), дальше ушло 0%",1107,"R5: out/in=0.00≤0.1, in=81 тыс ₸",-,confirmed_sink,False,0.0,False,2,1,0,80805.0,0.0,1,0,0.0,-1.0,0.0,0,0,0.00032407,0.0,-,0.1335,0.1306,0.1117,0.0,0.0
100000008376089100,terminal,0.777,15,0.3757,"Получил 135 тыс ₸ от 1 плательщика (1 перевод), дальше ушло 0%",1108,"R5: out/in=0.00≤0.1, in=135 тыс ₸",-,confirmed_sink,False,0.0,False,2,1,0,135000.0,0.0,1,0,0.0,-1.0,0.0,0,0,0.00030244,0.0,-,0.136,0.1575,0.0822,0.0,0.0
100000002516862100,transit,0.568,63,0.3757,"4-е колено, исходящие не выгружены; получил 82 тыс ₸ от 1 плательщика (5 переводов). У узлов колен 1–3 с таким профилем пересылают дальше 57%",1109,T4: p_forward=0.57≥0.5 (оценка),terminal,truncated_depth,True,0.568,False,4,1,0,81710.0,0.0,5,0,0.0,-1.0,0.0,0,0,0.00034944,0.0,truncated,0.1193,0.1315,0.125,0.0,0.0
100000002459093100,peripheral,0.123,24,0.3754,"Смешанный профиль: получил 500 тыс ₸ от 1 плательщика (2 перевода), отправил 55 тыс ₸ 1 получателю (3 перевода); дальше ушло 11%",1110,R6: out/in=0.11 между 0.1 и 0.5,-,not_sink,False,1.0,False,2,1,1,500000.0,55000.0,2,3,0.11,0.0,0.0,0,0,0.00038925,1.19e-06,-,0.0043,0.2191,0.152,0.0,0.0
100000008655035100,terminal,0.75,7,0.375,"Получил 30 тыс ₸ от 1 плательщика (1 перевод), дальше ушло 0%",1111,"R5: out/in=0.00≤0.1, in=30 тыс ₸",-,confirmed_sink,False,0.0,False,2,1,0,30000.0,0.0,1,0,0.0,-1.0,0.0,0,0,0.00054014,0.0,-,0.1312,0.0771,0.1666,0.0,0.0
100000005878334100,terminal,0.598,18,0.3744,"4-е колено, исходящие не выгружены; получил 76 тыс ₸ от 1 плательщика (2 перевода). У узлов колен 1–3 с таким профилем пересылают дальше 40%",1112,T4: p_forward=0.40<0.5 (оценка по коленам 1–3),transit,truncated_depth,True,0.402,False,4,1,0,76400.0,0.0,2,0,0.0,-1.0,0.0,0,0,0.00039896,0.0,truncated,0.1046,0.1289,0.1408,0.0,0.0
100000007034089100,terminal,0.504,2,0.3742,"4-е колено, исходящие не выгружены; получил 198 тыс ₸ от 2 плательщиков (2 перевода). У узлов колен 1–3 с таким профилем пересылают дальше 50%",1113,T4: p_forward=0.50<0.5 (оценка по коленам 1–3),transit,truncated_depth,True,0.496,False,4,2,0,198000.0,0.0,2,0,0.0,-1.0,0.0,0,0,0.00032112,0.0,truncated,0.0882,0.1762,0.1099,0.0,0.0
100000003031003100,terminal,0.488,9,0.374,"Получил 280 тыс ₸ от 3 плательщиков (3 перевода), дальше ушло 0%; 95% поступило 30–31 июля — август не виден",1114,"R5: out/in=0.00≤0.1, in=280 тыс ₸",-,truncated_time,False,0.0,False,3,3,0,280090.0,0.0,3,0,0.0,-1.0,0.0,0,0,0.0003115,0.0,late_inflow,0.0854,0.1918,0.0968,0.0,0.0
100000006122699100,terminal,0.754,6,0.374,"Получил 46 тыс ₸ от 2 плательщиков (2 перевода), дальше ушло 0%",1115,"R5: out/in=0.00≤0.1, in=46 тыс ₸",-,confirmed_sink,False,0.0,False,2,2,0,45865.0,0.0,2,0,0.0,-1.0,0.0,0,0,0.00040471,0.0,-,0.1319,0.0999,0.1422,0.0,0.0
100000008560263100,terminal,0.738,3,0.3738,"4-е колено, исходящие не выгружены; получил 100 тыс ₸ от 1 плательщика (1 перевод). У узлов колен 1–3 с таким профилем пересылают дальше 26%",1116,T4: p_forward=0.26<0.5 (оценка по коленам 1–3),transit,truncated_depth,True,0.262,False,4,1,0,100000.0,0.0,1,0,0.0,-1.0,0.0,0,0,0.00031319,0.0,truncated,0.1291,0.145,0.0996,0.0,0.0
100000005182219100,terminal,0.756,3,0.3738,"Получил 55 тыс ₸ от 2 плательщиков (2 перевода), дальше ушло 0%",1117,"R5: out/in=0.00≤0.1, in=55 тыс ₸",-,confirmed_sink,False,0.0,False,3,2,0,55000.0,0.0,2,0,0.0,-1.0,0.0,0,0,0.00035413,0.0,-,0.1323,0.1149,0.1266,0.0,0.0
100000008745676100,terminal,0.738,11,0.3738,"4-е колено, исходящие не выгружены; получил 35 тыс ₸ от 1 плательщика (1 перевод). У узлов колен 1–3 с таким профилем пересылают дальше 26%",1118,T4: p_forward=0.26<0.5 (оценка по коленам 1–3),transit,truncated_depth,True,0.262,False,4,1,0,34547.0,0.0,1,0,0.0,-1.0,0.0,0,0,0.00053032,0.0,truncated,0.1291,0.085,0.1597,0.0,0.0
100000001329153100,terminal,0.781,1,0.3736,"Получил 151 тыс ₸ от 1 плательщика (1 перевод), дальше ушло 0%",1119,"R5: out/in=0.00≤0.1, in=151 тыс ₸",-,confirmed_sink,False,0.0,False,3,1,0,150687.0,0.0,1,0,0.0,-1.0,0.0,0,0,0.00029406,0.0,-,0.1367,0.1635,0.0734,0.0,0.0
100000002870937100,terminal,0.764,7,0.3736,"Получил 84 тыс ₸ от 1 плательщика (1 перевод), дальше ушло 0%; seed среди плательщиков: 1",1120,"R5: out/in=0.00≤0.1, in=84 тыс ₸",-,confirmed_sink,False,0.0,False,1,1,0,83700.0,0.0,1,0,0.0,-1.0,0.0,1,0,0.00029037,0.0,-,0.1337,0.1331,0.0734,0.0333,0.0
100000004004621100,terminal,0.762,21,0.3735,"Получил 75 тыс ₸ от 3 плательщиков (3 перевода), дальше ушло 0%; seed среди плательщиков: 1",1121,"R5: out/in=0.00≤0.1, in=75 тыс ₸",-,confirmed_sink,False,0.0,False,1,3,0,75389.0,0.0,3,0,0.0,-1.0,0.0,1,0,0.00030077,0.0,-,0.1334,0.1282,0.0786,0.0333,0.0
100000002156381100,peripheral,0.471,53,0.3733,"Смешанный профиль: получил 61 тыс ₸ от 2 плательщиков (7 переводов), отправил 22 тыс ₸ 1 получателю (3 перевода); дальше ушло 36%",1122,R6: out/in=0.36 между 0.1 и 0.5,-,not_sink,False,1.0,False,2,2,1,61000.0,21800.0,7,3,0.3574,0.082,0.0,0,0,0.00108078,4.24e-05,in_cycle,0.0165,0.1323,0.1911,0.0,0.0333
100000007867364100,terminal,0.738,16,0.3732,"4-е колено, исходящие не выгружены; получил 42 тыс ₸ от 1 плательщика (1 перевод). У узлов колен 1–3 с таким профилем пересылают дальше 26%",1123,T4: p_forward=0.26<0.5 (оценка по коленам 1–3),transit,truncated_depth,True,0.262,False,4,1,0,41852.0,0.0,1,0,0.0,-1.0,0.0,0,0,0.00044874,0.0,truncated,0.1291,0.0951,0.1489,0.0,0.0
100000001046057100,terminal,0.764,2,0.373,"Получил 83 тыс ₸ от 1 плательщика (1 перевод), дальше ушло 0%",1124,"R5: out/in=0.00≤0.1, in=83 тыс ₸",-,confirmed_sink,False,0.0,False,3,1,0,83420.0,0.0,1,0,0.0,-1.0,0.0,0,0,0.00031851,0.0,-,0.1337,0.133,0.1063,0.0,0.0
100000002926970100,terminal,0.764,12,0.3728,"Получил 85 тыс ₸ от 1 плательщика (1 перевод), дальше ушло 0%",1125,"R5: out/in=0.00≤0.1, in=85 тыс ₸",-,confirmed_sink,False,0.0,False,3,1,0,85000.0,0.0,1,0,0.0,-1.0,0.0,0,0,0.00031724,0.0,-,0.1337,0.1344,0.1047,0.0,0.0
100000001046626100,terminal,0.781,3,0.3727,"Получил 150 тыс ₸ от 1 плательщика (1 перевод), дальше ушло 0%",1126,"R5: out/in=0.00≤0.1, in=150 тыс ₸",-,confirmed_sink,False,0.0,False,3,1,0,150000.0,0.0,1,0,0.0,-1.0,0.0,0,0,0.00029043,0.0,-,0.1367,0.1626,0.0734,0.0,0.0
100000002459240100,terminal,0.781,3,0.3727,"Получил 150 тыс ₸ от 1 плательщика (1 перевод), дальше ушло 0%",1127,"R5: out/in=0.00≤0.1, in=150 тыс ₸",-,confirmed_sink,False,0.0,False,3,1,0,150000.0,0.0,1,0,0.0,-1.0,0.0,0,0,0.00029043,0.0,-,0.1367,0.1626,0.0734,0.0,0.0
100000003486970100,terminal,0.781,3,0.3727,"Получил 150 тыс ₸ от 1 плательщика (1 перевод), дальше ушло 0%",1128,"R5: out/in=0.00≤0.1, in=150 тыс ₸",-,confirmed_sink,False,0.0,False,3,1,0,150000.0,0.0,1,0,0.0,-1.0,0.0,0,0,0.00029043,0.0,-,0.1367,0.1626,0.0734,0.0,0.0
100000006030946100,terminal,0.761,11,0.3726,"Получил 73 тыс ₸ от 1 плательщика (1 перевод), дальше ушло 0%; seed среди плательщиков: 1",1129,"R5: out/in=0.00≤0.1, in=73 тыс ₸",-,confirmed_sink,False,0.0,False,1,1,0,73289.0,0.0,1,0,0.0,-1.0,0.0,1,0,0.00030095,0.0,-,0.1332,0.127,0.0791,0.0333,0.0
100000002550141100,terminal,0.768,8,0.3725,"Получил 101 тыс ₸ от 1 плательщика (1 перевод), дальше ушло 0%",1130,"R5: out/in=0.00≤0.1, in=101 тыс ₸",-,confirmed_sink,False,0.0,False,3,1,0,100586.0,0.0,1,0,0.0,-1.0,0.0,0,0,0.00030779,0.0,-,0.1344,0.1466,0.0915,0.0,0.0
100000006745291100,terminal,0.764,14,0.3724,"Получил 83 тыс ₸ от 1 плательщика (1 перевод), дальше ушло 0%; seed среди плательщиков: 1",1131,"R5: out/in=0.00≤0.1, in=83 тыс ₸",-,confirmed_sink,False,0.0,False,1,1,0,82534.0,0.0,1,0,0.0,-1.0,0.0,1,0,0.00029809,0.0,-,0.1337,0.132,0.0734,0.0333,0.0
100000008671929100,terminal,0.762,5,0.3723,"Получил 75 тыс ₸ от 1 плательщика (2 перевода), дальше ушло 0%; seed среди плательщиков: 1",1132,"R5: out/in=0.00≤0.1, in=75 тыс ₸",-,confirmed_sink,False,0.0,False,1,1,0,75000.0,0.0,2,0,0.0,-1.0,0.0,1,0,0.00030059,0.0,-,0.1334,0.1279,0.0778,0.0333,0.0
100000005175148100,peripheral,0.439,19,0.3721,"Смешанный профиль: получил 79 тыс ₸ от 2 плательщиков (4 перевода), отправил 15 тыс ₸ 1 получателю (1 перевод); дальше ушло 19%",1133,R6: out/in=0.19 между 0.1 и 0.5,-,not_sink,False,1.0,False,2,2,1,79000.0,15000.0,4,1,0.1899,0.1899,0.0,0,0,0.00071815,0.0,in_cycle,0.0154,0.1403,0.1831,0.0,0.0333
100000003003821100,terminal,0.753,5,0.372,"Получил 40 тыс ₸ от 1 плательщика (1 перевод), дальше ушло 0%",1134,"R5: out/in=0.00≤0.1, in=40 тыс ₸",-,confirmed_sink,False,0.0,False,2,1,0,40000.0,0.0,1,0,0.0,-1.0,0.0,0,0,0.00043794,0.0,-,0.1318,0.0926,0.1476,0.0,0.0
100000004993576100,terminal,0.471,19,0.3718,"Получил 167 тыс ₸ от 1 плательщика (1 перевод), дальше ушло 0%; 100% поступило 30–31 июля — август не виден",1135,"R5: out/in=0.00≤0.1, in=167 тыс ₸",-,truncated_time,False,0.0,False,2,1,0,167000.0,0.0,1,0,0.0,-1.0,0.0,0,0,0.0003387,0.0,late_inflow,0.0824,0.1693,0.1201,0.0,0.0
100000000608031100,terminal,0.738,17,0.3716,"4-е колено, исходящие не выгружены; получил 30 тыс ₸ от 1 плательщика (1 перевод). У узлов колен 1–3 с таким профилем пересылают дальше 26%",1136,T4: p_forward=0.26<0.5 (оценка по коленам 1–3),transit,truncated_depth,True,0.262,False,4,1,0,30000.0,0.0,1,0,0.0,-1.0,0.0,0,0,0.00053864,0.0,truncated,0.1291,0.0771,0.1654,0.0,0.0
100000001074553100,consolidator,0.5,12,0.3715,"Получает от 2 плательщиков: 29 тыс ₸, 2 перевода (в среднем 14 тыс ₸); seed среди плательщиков: 2; дальше не отправлял",1137,R3: seed-плательщиков=2≥2,terminal,confirmed_sink,False,0.0,False,1,2,0,28971.0,0.0,2,0,0.0,-1.0,0.0,2,0,0.0002895,0.0,-,0.1575,0.074,0.0734,0.0667,0.0
100000008474308100,transit,0.607,1,0.3714,"Получил 14 тыс ₸ от 1 плательщика (2 перевода), отправил 10 тыс ₸ 1 получателю (1 перевод); дальше ушло 71%",1138,R4: out/in=0.71≥0.5,-,not_sink,False,1.0,False,2,1,1,14000.0,10000.0,2,1,0.7143,0.0,0.0,0,0,0.00044502,0.0,in_cycle,0.1275,0.0621,0.1486,0.0,0.0333
100000002842337100,terminal,0.755,7,0.3712,"Получил 50 тыс ₸ от 1 плательщика (1 перевод), дальше ушло 0%",1139,"R5: out/in=0.00≤0.1, in=50 тыс ₸",-,confirmed_sink,False,0.0,False,2,1,0,50000.0,0.0,1,0,0.0,-1.0,0.0,0,0,0.00036666,0.0,-,0.1321,0.1071,0.132,0.0,0.0
100000002633701100,terminal,0.487,12,0.3709,"Получил 267 тыс ₸ от 1 плательщика (1 перевод), дальше ушло 0%; 100% поступило 30–31 июля — август не виден",1140,"R5: out/in=0.00≤0.1, in=267 тыс ₸",-,truncated_time,False,0.0,False,2,1,0,266850.0,0.0,1,0,0.0,-1.0,0.0,0,0,0.00031068,0.0,late_inflow,0.0852,0.1901,0.0956,0.0,0.0
100000005754335100,terminal,0.754,44,0.3708,"Получил 44 тыс ₸ от 1 плательщика (1 перевод), дальше ушло 0%",1141,"R5: out/in=0.00≤0.1, in=44 тыс ₸",-,confirmed_sink,False,0.0,False,3,1,0,44037.0,0.0,1,0,0.0,-1.0,0.0,0,0,0.00040462,0.0,-,0.1319,0.0968,0.1421,0.0,0.0
100000002712416100,terminal,0.772,9,0.3706,"Получил 117 тыс ₸ от 2 плательщиков (2 перевода), дальше ушло 0%",1142,"R5: out/in=0.00≤0.1, in=117 тыс ₸",-,confirmed_sink,False,0.0,False,3,2,0,116800.0,0.0,2,0,0.0,-1.0,0.0,0,0,0.00030266,0.0,-,0.1351,0.1527,0.0828,0.0,0.0
100000006530134100,terminal,0.78,3,0.3704,"Получил 145 тыс ₸ от 2 плательщиков (2 перевода), дальше ушло 0%",1143,"R5: out/in=0.00≤0.1, in=145 тыс ₸",-,confirmed_sink,False,0.0,False,3,2,0,144663.0,0.0,2,0,0.0,-1.0,0.0,0,0,0.00029909,0.0,-,0.1365,0.1605,0.0734,0.0,0.0
100000001733687100,terminal,0.492,2,0.3703,"Получил 300 тыс ₸ от 1 плательщика (1 перевод), дальше ушло 0%; 100% поступило 30–31 июля — август не виден",1144,"R5: out/in=0.00≤0.1, in=300 тыс ₸",-,truncated_time,False,0.0,False,3,1,0,300000.0,0.0,1,0,0.0,-1.0,0.0,0,0,0.00030662,0.0,late_inflow,0.0861,0.1946,0.0896,0.0,0.0
100000002454724100,terminal,0.774,15,0.3703,"Получил 125 тыс ₸ от 1 плательщика (3 перевода), дальше ушло 0%",1145,"R5: out/in=0.00≤0.1, in=125 тыс ₸",-,confirmed_sink,False,0.0,False,2,1,0,125000.0,0.0,3,0,0.0,-1.0,0.0,0,0,0.00030119,0.0,-,0.1354,0.1552,0.0796,0.0,0.0
100000008633099100,transit,0.597,7,0.3703,"Получил 19 тыс ₸ от 1 плательщика (1 перевод), отправил 14 тыс ₸ 1 получателю (1 перевод); дальше ушло 69%",1146,R4: out/in=0.69≥0.5,-,not_sink,False,1.0,False,3,1,1,19468.0,13500.0,1,1,0.6934,0.0,0.0,0,0,0.00029196,1.922e-05,-,0.1254,0.083,0.162,0.0,0.0
100000003133045100,terminal,0.738,2,0.3701,"4-е колено, исходящие не выгружены; получил 68 тыс ₸ от 1 плательщика (1 перевод). У узлов колен 1–3 с таким профилем пересылают дальше 26%",1147,T4: p_forward=0.26<0.5 (оценка по коленам 1–3),transit,truncated_depth,True,0.262,False,4,1,0,68000.0,0.0,1,0,0.0,-1.0,0.0,0,0,0.00033305,0.0,truncated,0.1291,0.124,0.117,0.0,0.0
100000004292885100,terminal,0.771,11,0.37,"Получил 113 тыс ₸ от 1 плательщика (1 перевод), дальше ушло 0%",1148,"R5: out/in=0.00≤0.1, in=113 тыс ₸",-,confirmed_sink,False,0.0,False,3,1,0,112700.0,0.0,1,0,0.0,-1.0,0.0,0,0,0.00030316,0.0,-,0.1349,0.1511,0.0839,0.0,0.0
100000002791494100,terminal,0.738,12,0.37,"4-е колено, исходящие не выгружены; получил 86 тыс ₸ от 1 плательщика (1 перевод). У узлов колен 1–3 с таким профилем пересылают дальше 26%",1149,T4: p_forward=0.26<0.5 (оценка по коленам 1–3),transit,truncated_depth,True,0.262,False,4,1,0,85860.0,0.0,1,0,0.0,-1.0,0.0,0,0,0.00031771,0.0,truncated,0.1291,0.1352,0.1056,0.0,0.0
100000001223977100,transit,0.657,66,0.37,"Получил 5 тыс ₸ от 1 плательщика (1 перевод), отправил 18 тыс ₸ 1 получателю (1 перевод); отправил в 3,6× больше полученного → есть невидимые входящие",1150,R4: out/in=3.60>1.2 (невидимые входящие),-,not_sink,False,1.0,False,3,1,1,5000.0,18000.0,1,1,3.6,0.0,13000.0,0,0,0.00030554,2.417e-05,-,0.138,0.0587,0.1734,0.0,0.0
100000006756956100,transit,0.568,8,0.3697,"4-е колено, исходящие не выгружены; получил 121 тыс ₸ от 1 плательщика (9 переводов). У узлов колен 1–3 с таким профилем пересылают дальше 57%",1151,T4: p_forward=0.57≥0.5 (оценка),terminal,truncated_depth,True,0.568,False,4,1,0,121200.0,0.0,9,0,0.0,-1.0,0.0,0,0,0.00031095,0.0,truncated,0.1193,0.1545,0.0959,0.0,0.0
100000002217806100,terminal,0.598,67,0.3696,"4-е колено, исходящие не выгружены; получил 55 тыс ₸ от 1 плательщика (2 перевода). У узлов колен 1–3 с таким профилем пересылают дальше 40%",1152,T4: p_forward=0.40<0.5 (оценка по коленам 1–3),transit,truncated_depth,True,0.402,False,4,1,0,55000.0,0.0,2,0,0.0,-1.0,0.0,0,0,0.00046376,0.0,truncated,0.1046,0.1149,0.1501,0.0,0.0
100000004388983100,transit,0.6,57,0.3696,Seed: входящие вне выгрузки; отправил 451 тыс ₸ 2 получателям (23 перевода) — передаёт средства дальше по цепочке,1153,"R4s: seed с исходящими, входящие не наблюдаются",-,not_sink,False,1.0,True,0,0,2,0.0,450816.0,0,23,-1.0,-1.0,450816.0,0,0,0.00028557,0.0,-,0.1134,0.1902,0.0661,0.0,0.0
100000004747154100,terminal,0.738,2,0.3694,"4-е колено, исходящие не выгружены; получил 67 тыс ₸ от 1 плательщика (1 перевод). У узлов колен 1–3 с таким профилем пересылают дальше 26%",1154,T4: p_forward=0.26<0.5 (оценка по коленам 1–3),transit,truncated_depth,True,0.262,False,4,1,0,67000.0,0.0,1,0,0.0,-1.0,0.0,0,0,0.00033235,0.0,truncated,0.1291,0.1236,0.1167,0.0,0.0
100000004657034100,terminal,0.779,3,0.3693,"Получил 141 тыс ₸ от 1 плательщика (1 перевод), дальше ушло 0%",1155,"R5: out/in=0.00≤0.1, in=141 тыс ₸",-,confirmed_sink,False,0.0,False,3,1,0,141250.0,0.0,1,0,0.0,-1.0,0.0,0,0,0.00029015,0.0,-,0.1363,0.1596,0.0734,0.0,0.0
100000008596924100,terminal,0.461,7,0.3693,"Получил 100 тыс ₸ от 1 плательщика (1 перевод), дальше ушло 0%; 100% поступило 30–31 июля — август не виден",1156,"R5: out/in=0.00≤0.1, in=100 тыс ₸",-,truncated_time,False,0.0,False,3,1,0,100000.0,0.0,1,0,0.0,-1.0,0.0,0,0,0.00041602,0.0,late_inflow,0.0807,0.145,0.1437,0.0,0.0
100000008417029100,terminal,0.768,2,0.3691,"Получил 100 тыс ₸ от 1 плательщика (1 перевод), дальше ушло 0%",1157,"R5: out/in=0.00≤0.1, in=100 тыс ₸",-,confirmed_sink,False,0.0,False,3,1,0,100000.0,0.0,1,0,0.0,-1.0,0.0,0,0,0.00030663,0.0,-,0.1344,0.145,0.0898,0.0,0.0
100000005849100100,terminal,0.751,5,0.369,"Получил 33 тыс ₸ от 1 плательщика (1 перевод), дальше ушло 0%",1158,"R5: out/in=0.00≤0.1, in=33 тыс ₸",-,confirmed_sink,False,0.0,False,2,1,0,33300.0,0.0,1,0,0.0,-1.0,0.0,0,0,0.00049072,0.0,-,0.1314,0.0834,0.1542,0.0,0.0
100000004071444100,peripheral,0.201,1,0.3689,"Смешанный профиль: получил 247 тыс ₸ от 1 плательщика (1 перевод), отправил 100 тыс ₸ 1 получателю (1 перевод); дальше ушло 40%",1159,R6: out/in=0.40 между 0.1 и 0.5,-,not_sink,False,1.0,False,3,1,1,247350.0,100000.0,1,1,0.4043,0.0,0.0,0,0,0.0003075,1.922e-05,-,0.007,0.1998,0.162,0.0,0.0
100000002914245100,terminal,0.779,18,0.3689,"Получил 141 тыс ₸ от 1 плательщика (1 перевод), дальше ушло 0%",1160,"R5: out/in=0.00≤0.1, in=141 тыс ₸",-,confirmed_sink,False,0.0,False,3,1,0,140611.0,0.0,1,0,0.0,-1.0,0.0,0,0,0.00029558,0.0,-,0.1363,0.1591,0.0734,0.0,0.0
100000004318918100,terminal,0.762,14,0.3685,"Получил 76 тыс ₸ от 1 плательщика (1 перевод), дальше ушло 0%; seed среди плательщиков: 1",1161,"R5: out/in=0.00≤0.1, in=76 тыс ₸",-,confirmed_sink,False,0.0,False,1,1,0,75600.0,0.0,1,0,0.0,-1.0,0.0,1,0,0.00029704,0.0,-,0.1334,0.1284,0.0734,0.0333,0.0
100000001822650100,terminal,0.738,2,0.3684,"4-е колено, исходящие не выгружены; получил 112 тыс ₸ от 1 плательщика (1 перевод). У узлов колен 1–3 с таким профилем пересылают дальше 26%",1162,T4: p_forward=0.26<0.5 (оценка по коленам 1–3),transit,truncated_depth,True,0.262,False,4,1,0,112000.0,0.0,1,0,0.0,-1.0,0.0,0,0,0.0003059,0.0,truncated,0.1291,0.1509,0.0883,0.0,0.0
100000001130176100,terminal,0.75,1,0.3684,"Получил 25 тыс ₸ от 1 плательщика (2 перевода), дальше ушло 0%",1163,"R5: out/in=0.00≤0.1, in=25 тыс ₸",-,confirmed_sink,False,0.0,False,3,1,0,25000.0,0.0,2,0,0.0,-1.0,0.0,0,0,0.00055805,0.0,-,0.1312,0.0651,0.1721,0.0,0.0
100000002934441100,terminal,0.758,1,0.3683,"Получил 61 тыс ₸ от 2 плательщиков (2 перевода), дальше ушло 0%; seed среди плательщиков: 1",1164,"R5: out/in=0.00≤0.1, in=61 тыс ₸",-,confirmed_sink,False,0.0,False,1,2,0,60845.6,0.0,2,0,0.0,-1.0,0.0,1,0,0.00030248,0.0,-,0.1326,0.1198,0.0826,0.0333,0.0
100000005877725100,terminal,0.76,11,0.3682,"Получил 70 тыс ₸ от 1 плательщика (1 перевод), дальше ушло 0%; seed среди плательщиков: 1",1165,"R5: out/in=0.00≤0.1, in=70 тыс ₸",-,confirmed_sink,False,0.0,False,1,1,0,70000.0,0.0,1,0,0.0,-1.0,0.0,1,0,0.00030026,0.0,-,0.133,0.1251,0.0768,0.0333,0.0
100000001726614100,terminal,0.778,1,0.3678,"Получил 139 тыс ₸ от 1 плательщика (1 перевод), дальше ушло 0%",1166,"R5: out/in=0.00≤0.1, in=139 тыс ₸",-,confirmed_sink,False,0.0,False,3,1,0,138717.0,0.0,1,0,0.0,-1.0,0.0,0,0,0.00029787,0.0,-,0.1362,0.1583,0.0734,0.0,0.0
100000001229743100,transit,0.791,1,0.3675,"Получил 7 тыс ₸ от 1 плательщика (1 перевод), отправил 9 тыс ₸ 1 получателю (1 перевод); отправил в 1,3× больше полученного → есть невидимые входящие",1167,R4: out/in=1.29>1.2 (невидимые входящие),-,not_sink,False,1.0,False,3,1,1,7000.0,9000.0,1,1,1.2857,0.0,2000.0,0,0,0.00028844,1.922e-05,-,0.1661,0.0394,0.162,0.0,0.0
100000001236706100,peripheral,0.313,21,0.3674,"Смешанный профиль: получил 143 тыс ₸ от 3 плательщиков (3 перевода), отправил 36 тыс ₸ 2 получателям (2 перевода); дальше ушло 25%",1168,R6: out/in=0.25 между 0.1 и 0.5,-,not_sink,False,1.0,False,3,3,2,142700.0,36000.0,3,2,0.2523,0.0,0.0,0,0,0.00076629,3.923e-05,-,0.011,0.1718,0.1846,0.0,0.0
100000001169666100,peripheral,0.254,12,0.3673,"Смешанный профиль: получил 220 тыс ₸ от 1 плательщика (2 перевода), отправил 24 тыс ₸ 1 получателю (1 перевод); дальше ушло 11%",1169,R6: out/in=0.11 между 0.1 и 0.5,-,not_sink,False,1.0,False,3,1,1,220000.0,24000.0,2,1,0.1091,0.0,0.0,0,0,0.00031954,2.199e-05,-,0.0089,0.1865,0.1719,0.0,0.0
100000001009583100,terminal,0.506,3,0.3672,"Получил 394 тыс ₸ от 1 плательщика (1 перевод), дальше ушло 0%; 100% поступило 30–31 июля — август не виден",1170,"R5: out/in=0.00≤0.1, in=394 тыс ₸",-,truncated_time,False,0.0,False,3,1,0,393740.0,0.0,1,0,0.0,-1.0,0.0,0,0,0.00029833,0.0,late_inflow,0.0885,0.2053,0.0734,0.0,0.0
100000002666248100,terminal,0.76,5,0.3668,"Получил 70 тыс ₸ от 1 плательщика (1 перевод), дальше ушло 0%; seed среди плательщиков: 1",1171,"R5: out/in=0.00≤0.1, in=70 тыс ₸",-,confirmed_sink,False,0.0,False,1,1,0,70032.0,0.0,1,0,0.0,-1.0,0.0,1,0,0.00029959,0.0,-,0.133,0.1258,0.0747,0.0333,0.0
100000008737514100,terminal,0.764,19,0.3666,"Получил 85 тыс ₸ от 1 плательщика (1 перевод), дальше ушло 0%",1172,"R5: out/in=0.00≤0.1, in=85 тыс ₸",-,confirmed_sink,False,0.0,False,2,1,0,85000.0,0.0,1,0,0.0,-1.0,0.0,0,0,0.00031261,0.0,-,0.1337,0.1344,0.0985,0.0,0.0
100000002954780100,terminal,0.777,2,0.3665,"Получил 133 тыс ₸ от 1 плательщика (1 перевод), дальше ушло 0%",1173,"R5: out/in=0.00≤0.1, in=133 тыс ₸",-,confirmed_sink,False,0.0,False,3,1,0,133400.0,0.0,1,0,0.0,-1.0,0.0,0,0,0.00029244,0.0,-,0.136,0.1571,0.0734,0.0,0.0
100000002457464100,terminal,0.759,5,0.3663,"Получил 67 тыс ₸ от 1 плательщика (1 перевод), дальше ушло 0%",1174,"R5: out/in=0.00≤0.1, in=67 тыс ₸",-,confirmed_sink,False,0.0,False,2,1,0,66647.0,0.0,1,0,0.0,-1.0,0.0,0,0,0.00032217,0.0,-,0.1328,0.1231,0.1104,0.0,0.0
100000005834479100,transit,0.738,8,0.3663,"Получил 8 тыс ₸ от 1 плательщика (1 перевод), отправил 14 тыс ₸ 2 получателям (2 перевода); отправил в 1,9× больше полученного → есть невидимые входящие",1175,R4: out/in=1.93>1.2 (невидимые входящие),-,not_sink,False,1.0,False,2,1,2,7500.0,14470.0,1,2,1.9293,0.0,6970.0,0,0,0.00028675,1.98e-06,-,0.155,0.0568,0.1544,0.0,0.0
100000002435265100,terminal,0.776,1,0.3662,"Получил 133 тыс ₸ от 1 плательщика (3 перевода), дальше ушло 0%",1176,"R5: out/in=0.00≤0.1, in=133 тыс ₸",-,confirmed_sink,False,0.0,False,3,1,0,132628.0,0.0,3,0,0.0,-1.0,0.0,0,0,0.00029304,0.0,-,0.1358,0.157,0.0734,0.0,0.0
100000006952718100,terminal,0.761,6,0.3662,"Получил 71 тыс ₸ от 1 плательщика (1 перевод), дальше ушло 0%; seed среди плательщиков: 1",1177,"R5: out/in=0.00≤0.1, in=71 тыс ₸",-,confirmed_sink,False,0.0,False,1,1,0,71489.0,0.0,1,0,0.0,-1.0,0.0,1,0,0.00029326,0.0,-,0.1332,0.1263,0.0734,0.0333,0.0
100000002952756100,terminal,0.754,14,0.366,"Получил 47 тыс ₸ от 1 плательщика (1 перевод), дальше ушло 0%",1178,"R5: out/in=0.00≤0.1, in=47 тыс ₸",-,confirmed_sink,False,0.0,False,3,1,0,47000.0,0.0,1,0,0.0,-1.0,0.0,0,0,0.00036771,0.0,-,0.1319,0.1016,0.1325,0.0,0.0
100000001733216100,terminal,0.598,1,0.3659,"4-е колено, исходящие не выгружены; получил 60 тыс ₸ от 1 плательщика (2 перевода). У узлов колен 1–3 с таким профилем пересылают дальше 40%",1179,T4: p_forward=0.40<0.5 (оценка по коленам 1–3),transit,truncated_depth,True,0.402,False,4,1,0,60000.0,0.0,2,0,0.0,-1.0,0.0,0,0,0.00040765,0.0,truncated,0.1046,0.1187,0.1426,0.0,0.0
100000006257675100,terminal,0.598,52,0.3656,"4-е колено, исходящие не выгружены; получил 70 тыс ₸ от 1 плательщика (2 перевода). У узлов колен 1–3 с таким профилем пересылают дальше 40%",1180,T4: p_forward=0.40<0.5 (оценка по коленам 1–3),transit,truncated_depth,True,0.402,False,4,1,0,70000.0,0.0,2,0,0.0,-1.0,0.0,0,0,0.00038265,0.0,truncated,0.1046,0.1251,0.1359,0.0,0.0
100000003284932100,terminal,0.76,5,0.3652,"Получил 70 тыс ₸ от 1 плательщика (1 перевод), дальше ушло 0%; seed среди плательщиков: 1",1181,"R5: out/in=0.00≤0.1, in=70 тыс ₸",-,confirmed_sink,False,0.0,False,1,1,0,69925.0,0.0,1,0,0.0,-1.0,0.0,1,0,0.00029957,0.0,-,0.133,0.1244,0.0745,0.0333,0.0
100000001537524100,terminal,0.738,9,0.3651,"4-е колено, исходящие не выгружены; получил 150 тыс ₸ от 1 плательщика (1 перевод). У узлов колен 1–3 с таким профилем пересылают дальше 26%",1182,T4: p_forward=0.26<0.5 (оценка по коленам 1–3),transit,truncated_depth,True,0.262,False,4,1,0,150000.0,0.0,1,0,0.0,-1.0,0.0,0,0,0.00029867,0.0,truncated,0.1291,0.1626,0.0734,0.0,0.0
100000002752565100,terminal,0.738,8,0.3651,"4-е колено, исходящие не выгружены; получил 57 тыс ₸ от 1 плательщика (1 перевод). У узлов колен 1–3 с таким профилем пересылают дальше 26%",1183,T4: p_forward=0.26<0.5 (оценка по коленам 1–3),transit,truncated_depth,True,0.262,False,4,1,0,57000.0,0.0,1,0,0.0,-1.0,0.0,0,0,0.00033824,0.0,truncated,0.1291,0.1161,0.1198,0.0,0.0
100000002691858100,terminal,0.756,64,0.3649,"Получил 52 тыс ₸ от 1 плательщика (1 перевод), дальше ушло 0%",1184,"R5: out/in=0.00≤0.1, in=52 тыс ₸",-,confirmed_sink,False,0.0,False,2,1,0,51500.0,0.0,1,0,0.0,-1.0,0.0,0,0,0.00034238,0.0,-,0.1323,0.1105,0.1222,0.0,0.0
100000004629688100,transit,0.681,19,0.3649,"Получил 5 тыс ₸ от 1 плательщика (1 перевод), отправил 15 тыс ₸ 1 получателю (2 перевода); отправил в 3,0× больше полученного → есть невидимые входящие",1185,R4: out/in=3.00>1.2 (невидимые входящие),-,not_sink,False,1.0,False,3,1,1,5000.0,15000.0,1,2,3.0,0.0,10000.0,0,0,0.00038797,0.0,in_cycle,0.143,0.0512,0.1374,0.0,0.0333
100000006008169100,terminal,0.76,28,0.3648,"Получил 70 тыс ₸ от 1 плательщика (1 перевод), дальше ушло 0%; seed среди плательщиков: 1",1186,"R5: out/in=0.00≤0.1, in=70 тыс ₸",-,confirmed_sink,False,0.0,False,1,1,0,70000.0,0.0,1,0,0.0,-1.0,0.0,1,0,0.00029719,0.0,-,0.133,0.1251,0.0734,0.0333,0.0
100000003091142100,terminal,0.738,1,0.3647,"4-е колено, исходящие не выгружены; получил 40 тыс ₸ от 1 плательщика (1 перевод). У узлов колен 1–3 с таким профилем пересылают дальше 26%",1187,T4: p_forward=0.26<0.5 (оценка по коленам 1–3),transit,truncated_depth,True,0.262,False,4,1,0,40000.0,0.0,1,0,0.0,-1.0,0.0,0,0,0.00040986,0.0,truncated,0.1291,0.0926,0.1429,0.0,0.0
100000007020162100,terminal,0.765,10,0.3642,"Получил 86 тыс ₸ от 1 плательщика (1 перевод), дальше ушло 0%",1188,"R5: out/in=0.00≤0.1, in=86 тыс ₸",-,confirmed_sink,False,0.0,False,3,1,0,86395.0,0.0,1,0,0.0,-1.0,0.0,0,0,0.00030999,0.0,-,0.1339,0.1356,0.0948,0.0,0.0
100000004979264100,terminal,0.738,2,0.3641,"4-е колено, исходящие не выгружены; получил 40 тыс ₸ от 1 плательщика (1 перевод). У узлов колен 1–3 с таким профилем пересылают дальше 26%",1189,T4: p_forward=0.26<0.5 (оценка по коленам 1–3),transit,truncated_depth,True,0.262,False,4,1,0,39800.0,0.0,1,0,0.0,-1.0,0.0,0,0,0.00041138,0.0,truncated,0.1291,0.0919,0.1431,0.0,0.0
100000008306857100,terminal,0.774,9,0.364,"Получил 125 тыс ₸ от 1 плательщика (1 перевод), дальше ушло 0%",1190,"R5: out/in=0.00≤0.1, in=125 тыс ₸",-,confirmed_sink,False,0.0,False,3,1,0,125000.0,0.0,1,0,0.0,-1.0,0.0,0,0,0.00029152,0.0,-,0.1354,0.1552,0.0734,0.0,0.0
100000005198906100,peripheral,0.228,3,0.3631,"Смешанный профиль: получил 228 тыс ₸ от 1 плательщика (1 перевод), отправил 60 тыс ₸ 1 получателю (1 перевод); дальше ушло 26%",1191,R6: out/in=0.26 между 0.1 и 0.5,-,not_sink,False,1.0,False,3,1,1,227970.0,60000.0,1,1,0.2632,0.0,0.0,0,0,0.00029296,1.922e-05,-,0.008,0.1931,0.162,0.0,0.0
100000002404112100,terminal,0.738,23,0.363,"4-е колено, исходящие не выгружены; получил 60 тыс ₸ от 1 плательщика (1 перевод). У узлов колен 1–3 с таким профилем пересылают дальше 26%",1192,T4: p_forward=0.26<0.5 (оценка по коленам 1–3),transit,truncated_depth,True,0.262,False,4,1,0,60000.0,0.0,1,0,0.0,-1.0,0.0,0,0,0.00033008,0.0,truncated,0.1291,0.1187,0.1152,0.0,0.0
100000000703894100,peripheral,0.338,43,0.3628,"Смешанный профиль: получил 120 тыс ₸ от 1 плательщика (1 перевод), отправил 35 тыс ₸ 1 получателю (1 перевод); дальше ушло 29%; seed среди плательщиков: 1",1193,R6: out/in=0.29 между 0.1 и 0.5,-,not_sink,False,1.0,False,1,1,1,120000.0,35000.0,1,1,0.2917,0.0,0.0,1,0,0.00047737,5.9e-07,-,0.0118,0.1655,0.1521,0.0333,0.0
100000004500444100,peripheral,0.248,10,0.3627,"Смешанный профиль: получил 180 тыс ₸ от 2 плательщиков (7 переводов), отправил 74 тыс ₸ 1 получателю (5 переводов); дальше ушло 41%",1194,R6: out/in=0.41 между 0.1 и 0.5,-,not_sink,False,1.0,False,3,2,1,180000.0,74000.0,7,5,0.4111,0.4111,0.0,0,0,0.00046439,1.942e-05,-,0.0087,0.1881,0.166,0.0,0.0
100000004917367100,terminal,0.773,3,0.3626,"Получил 120 тыс ₸ от 2 плательщиков (2 перевода), дальше ушло 0%",1195,"R5: out/in=0.00≤0.1, in=120 тыс ₸",-,confirmed_sink,False,0.0,False,3,2,0,120000.0,0.0,2,0,0.0,-1.0,0.0,0,0,0.00029403,0.0,-,0.1353,0.154,0.0734,0.0,0.0
100000008598972100,terminal,0.773,18,0.3626,"Получил 120 тыс ₸ от 1 плательщика (1 перевод), дальше ушло 0%",1196,"R5: out/in=0.00≤0.1, in=120 тыс ₸",-,confirmed_sink,False,0.0,False,3,1,0,120000.0,0.0,1,0,0.0,-1.0,0.0,0,0,0.00029412,0.0,-,0.1353,0.154,0.0734,0.0,0.0
100000003072205100,terminal,0.504,2,0.3625,"4-е колено, исходящие не выгружены; получил 163 тыс ₸ от 2 плательщиков (2 перевода). У узлов колен 1–3 с таким профилем пересылают дальше 50%",1197,T4: p_forward=0.50<0.5 (оценка по коленам 1–3),transit,truncated_depth,True,0.496,False,4,2,0,163000.0,0.0,2,0,0.0,-1.0,0.0,0,0,0.00031897,0.0,truncated,0.0882,0.1674,0.1069,0.0,0.0
100000003819173100,terminal,0.738,8,0.3624,"4-е колено, исходящие не выгружены; получил 144 тыс ₸ от 1 плательщика (1 перевод). У узлов колен 1–3 с таким профилем пересылают дальше 26%",1198,T4: p_forward=0.26<0.5 (оценка по коленам 1–3),transit,truncated_depth,True,0.262,False,4,1,0,143777.0,0.0,1,0,0.0,-1.0,0.0,0,0,0.00029521,0.0,truncated,0.1291,0.1598,0.0734,0.0,0.0
100000002778085100,terminal,0.759,6,0.3624,"Получил 66 тыс ₸ от 1 плательщика (1 перевод), дальше ушло 0%; seed среди плательщиков: 1",1199,"R5: out/in=0.00≤0.1, in=66 тыс ₸",-,confirmed_sink,False,0.0,False,1,1,0,66208.0,0.0,1,0,0.0,-1.0,0.0,1,0,0.00029269,0.0,-,0.1328,0.1229,0.0734,0.0333,0.0
100000000557536100,transit,0.568,32,0.3623,"4-е колено, исходящие не выгружены; получил 153 тыс ₸ от 1 плательщика (7 переводов). У узлов колен 1–3 с таким профилем пересылают дальше 57%",1200,T4: p_forward=0.57≥0.5 (оценка),terminal,truncated_depth,True,0.568,False,4,1,0,153000.0,0.0,7,0,0.0,-1.0,0.0,0,0,0.00030077,0.0,truncated,0.1193,0.1645,0.0785,0.0,0.0
100000001934935100,terminal,0.773,1,0.3621,"Получил 119 тыс ₸ от 1 плательщика (1 перевод), дальше ушло 0%",1201,"R5: out/in=0.00≤0.1, in=119 тыс ₸",-,confirmed_sink,False,0.0,False,3,1,0,118935.0,0.0,1,0,0.0,-1.0,0.0,0,0,0.00029227,0.0,-,0.1353,0.1535,0.0734,0.0,0.0
100000003219438100,terminal,0.751,35,0.3621,"Получил 32 тыс ₸ от 1 плательщика (1 перевод), дальше ушло 0%",1202,"R5: out/in=0.00≤0.1, in=32 тыс ₸",-,confirmed_sink,False,0.0,False,2,1,0,32000.0,0.0,1,0,0.0,-1.0,0.0,0,0,0.00044716,0.0,-,0.1314,0.082,0.1487,0.0,0.0
100000002968096100,terminal,0.738,8,0.362,"4-е колено, исходящие не выгружены; получил 70 тыс ₸ от 1 плательщика (1 перевод). У узлов колен 1–3 с таким профилем пересылают дальше 26%",1203,T4: p_forward=0.26<0.5 (оценка по коленам 1–3),transit,truncated_depth,True,0.262,False,4,1,0,70000.0,0.0,1,0,0.0,-1.0,0.0,0,0,0.00031948,0.0,truncated,0.1291,0.1251,0.1078,0.0,0.0
100000005133757100,terminal,0.759,8,0.362,"Получил 65 тыс ₸ от 2 плательщиков (2 перевода), дальше ушло 0%; seed среди плательщиков: 1",1204,"R5: out/in=0.00≤0.1, in=65 тыс ₸",-,confirmed_sink,False,0.0,False,1,2,0,65000.0,0.0,2,0,0.0,-1.0,0.0,1,0,0.00029941,0.0,-,0.1328,0.1219,0.0739,0.0333,0.0
100000008406609100,terminal,0.751,33,0.362,"Получил 34 тыс ₸ от 1 плательщика (1 перевод), дальше ушло 0%",1205,"R5: out/in=0.00≤0.1, in=34 тыс ₸",-,confirmed_sink,False,0.0,False,2,1,0,34000.0,0.0,1,0,0.0,-1.0,0.0,0,0,0.0004305,0.0,-,0.1314,0.0844,0.1462,0.0,0.0
100000001541418100,terminal,0.767,12,0.3618,"Получил 97 тыс ₸ от 2 плательщиков (2 перевода), дальше ушло 0%",1206,"R5: out/in=0.00≤0.1, in=97 тыс ₸",-,confirmed_sink,False,0.0,False,2,2,0,96900.0,0.0,2,0,0.0,-1.0,0.0,0,0,0.00030353,0.0,-,0.1342,0.1426,0.085,0.0,0.0
100000001848426100,terminal,0.767,7,0.3616,"Получил 96 тыс ₸ от 1 плательщика (1 перевод), дальше ушло 0%",1207,"R5: out/in=0.00≤0.1, in=96 тыс ₸",-,confirmed_sink,False,0.0,False,2,1,0,95530.0,0.0,1,0,0.0,-1.0,0.0,0,0,0.00030368,0.0,-,0.1342,0.142,0.0853,0.0,0.0
100000002511825100,terminal,0.759,1,0.3614,"Получил 65 тыс ₸ от 1 плательщика (1 перевод), дальше ушло 0%; seed среди плательщиков: 1",1208,"R5: out/in=0.00≤0.1, in=65 тыс ₸",-,confirmed_sink,False,0.0,False,1,1,0,65000.0,0.0,1,0,0.0,-1.0,0.0,1,0,0.00029777,0.0,-,0.1328,0.1219,0.0734,0.0333,0.0
100000003235780100,terminal,0.759,1,0.3614,"Получил 65 тыс ₸ от 2 плательщиков (2 перевода), дальше ушло 0%; seed среди плательщиков: 1",1209,"R5: out/in=0.00≤0.1, in=65 тыс ₸",-,confirmed_sink,False,0.0,False,1,2,0,65000.0,0.0,2,0,0.0,-1.0,0.0,1,0,0.0002912,0.0,-,0.1328,0.1219,0.0734,0.0333,0.0
100000000596954100,peripheral,0.322,5,0.3611,"Смешанный профиль: получил 120 тыс ₸ от 1 плательщика (1 перевод), отправил 48 тыс ₸ 2 получателям (2 перевода); дальше ушло 40%",1210,R6: out/in=0.40 между 0.1 и 0.5,-,not_sink,False,1.0,False,2,1,2,120000.0,48100.0,1,2,0.4008,0.4008,0.0,0,0,0.00051561,4.835e-05,-,0.0113,0.1696,0.1802,0.0,0.0
100000003112436100,terminal,0.768,6,0.3609,"Получил 100 тыс ₸ от 1 плательщика (1 перевод), дальше ушло 0%",1211,"R5: out/in=0.00≤0.1, in=100 тыс ₸",-,confirmed_sink,False,0.0,False,2,1,0,100000.0,0.0,1,0,0.0,-1.0,0.0,0,0,0.00030213,0.0,-,0.1344,0.145,0.0816,0.0,0.0
100000005979037100,terminal,0.738,8,0.3609,"4-е колено, исходящие не выгружены; получил 60 тыс ₸ от 1 плательщика (1 перевод). У узлов колен 1–3 с таким профилем пересылают дальше 26%",1212,T4: p_forward=0.26<0.5 (оценка по коленам 1–3),transit,truncated_depth,True,0.262,False,4,1,0,60300.0,0.0,1,0,0.0,-1.0,0.0,0,0,0.00032485,0.0,truncated,0.1291,0.1196,0.1122,0.0,0.0
100000003134474100,terminal,0.772,3,0.3608,"Получил 116 тыс ₸ от 1 плательщика (1 перевод), дальше ушло 0%",1213,"R5: out/in=0.00≤0.1, in=116 тыс ₸",-,confirmed_sink,False,0.0,False,3,1,0,116000.0,0.0,1,0,0.0,-1.0,0.0,0,0,0.00028933,0.0,-,0.1351,0.1523,0.0734,0.0,0.0
100000006532229100,terminal,0.769,2,0.3604,"Получил 105 тыс ₸ от 1 плательщика (1 перевод), дальше ушло 0%",1214,"R5: out/in=0.00≤0.1, in=105 тыс ₸",-,confirmed_sink,False,0.0,False,3,1,0,105000.0,0.0,1,0,0.0,-1.0,0.0,0,0,0.00030064,0.0,-,0.1346,0.1479,0.0779,0.0,0.0
100000002530224100,terminal,0.771,2,0.3598,"Получил 113 тыс ₸ от 1 плательщика (1 перевод), дальше ушло 0%",1215,"R5: out/in=0.00≤0.1, in=113 тыс ₸",-,confirmed_sink,False,0.0,False,3,1,0,113000.0,0.0,1,0,0.0,-1.0,0.0,0,0,0.00029139,0.0,-,0.1349,0.1515,0.0734,0.0,0.0
100000003567087100,terminal,0.758,11,0.3598,"Получил 62 тыс ₸ от 1 плательщика (1 перевод), дальше ушло 0%; seed среди плательщиков: 1",1216,"R5: out/in=0.00≤0.1, in=62 тыс ₸",-,confirmed_sink,False,0.0,False,1,1,0,62115.0,0.0,1,0,0.0,-1.0,0.0,1,0,0.00029861,0.0,-,0.1326,0.1204,0.0734,0.0333,0.0
100000007861311100,terminal,0.754,7,0.3595,"Получил 45 тыс ₸ от 1 плательщика (1 перевод), дальше ушло 0%",1217,"R5: out/in=0.00≤0.1, in=45 тыс ₸",-,confirmed_sink,False,0.0,False,2,1,0,45000.0,0.0,1,0,0.0,-1.0,0.0,0,0,0.00035855,0.0,-,0.1319,0.0988,0.1287,0.0,0.0
100000007653003100,terminal,0.768,17,0.3593,"Получил 100 тыс ₸ от 1 плательщика (1 перевод), дальше ушло 0%",1218,"R5: out/in=0.00≤0.1, in=100 тыс ₸",-,confirmed_sink,False,0.0,False,3,1,0,100000.0,0.0,1,0,0.0,-1.0,0.0,0,0,0.00030131,0.0,-,0.1344,0.145,0.08,0.0,0.0
100000002844652100,terminal,0.758,7,0.3593,"Получил 61 тыс ₸ от 1 плательщика (1 перевод), дальше ушло 0%; seed среди плательщиков: 1",1219,"R5: out/in=0.00≤0.1, in=61 тыс ₸",-,confirmed_sink,False,0.0,False,1,1,0,61360.0,0.0,1,0,0.0,-1.0,0.0,1,0,0.00028909,0.0,-,0.1326,0.1199,0.0734,0.0333,0.0
100000001737722100,terminal,0.758,5,0.3591,"Получил 60 тыс ₸ от 1 плательщика (1 перевод), дальше ушло 0%",1220,"R5: out/in=0.00≤0.1, in=60 тыс ₸",-,confirmed_sink,False,0.0,False,2,1,0,60460.0,0.0,1,0,0.0,-1.0,0.0,0,0,0.00031878,0.0,-,0.1326,0.1197,0.1068,0.0,0.0
100000003242795100,terminal,0.771,3,0.3588,"Получил 111 тыс ₸ от 1 плательщика (1 перевод), дальше ушло 0%",1221,"R5: out/in=0.00≤0.1, in=111 тыс ₸",-,confirmed_sink,False,0.0,False,3,1,0,111000.0,0.0,1,0,0.0,-1.0,0.0,0,0,0.00028917,0.0,-,0.1349,0.1505,0.0734,0.0,0.0
100000002729875100,terminal,0.738,12,0.3588,"4-е колено, исходящие не выгружены; получил 76 тыс ₸ от 1 плательщика (1 перевод). У узлов колен 1–3 с таким профилем пересылают дальше 26%",1222,T4: p_forward=0.26<0.5 (оценка по коленам 1–3),transit,truncated_depth,True,0.262,False,4,1,0,76000.0,0.0,1,0,0.0,-1.0,0.0,0,0,0.00031402,0.0,truncated,0.1291,0.1287,0.101,0.0,0.0
100000002883402100,terminal,0.492,2,0.3587,"Получил 300 тыс ₸ от 3 плательщиков (3 перевода), дальше ушло 0%; 50% поступило 30–31 июля — август не виден",1223,"R5: out/in=0.00≤0.1, in=300 тыс ₸",-,truncated_time,False,0.0,False,3,3,0,300000.0,0.0,3,0,0.0,-1.0,0.0,0,0,0.00030066,0.0,late_inflow,0.0861,0.1946,0.078,0.0,0.0
100000004613582100,transit,0.74,7,0.3585,"Получил 5 тыс ₸ от 1 плательщика (1 перевод), отправил 10 тыс ₸ 1 получателю (1 перевод); отправил в 1,9× больше полученного → есть невидимые входящие",1224,R4: out/in=1.90>1.2 (невидимые входящие),-,not_sink,False,1.0,False,3,1,1,5000.0,9500.0,1,1,1.9,0.0,4500.0,0,0,0.00055344,4e-07,-,0.1554,0.0323,0.1708,0.0,0.0
100000005265073100,transit,0.747,33,0.3583,"Получил 5 тыс ₸ от 1 плательщика (1 перевод), отправил 9 тыс ₸ 1 получателю (1 перевод); отправил в 1,8× больше полученного → есть невидимые входящие",1225,R4: out/in=1.80>1.2 (невидимые входящие),-,not_sink,False,1.0,False,3,1,1,5000.0,9000.0,1,1,1.8,0.0,4000.0,0,0,0.00029913,2.1e-05,-,0.1569,0.0311,0.1704,0.0,0.0
100000004659919100,peripheral,0.353,66,0.3575,"Смешанный профиль: получил 110 тыс ₸ от 1 плательщика (2 перевода), отправил 39 тыс ₸ 1 получателю (1 перевод); дальше ушло 35%",1226,R6: out/in=0.35 между 0.1 и 0.5,-,not_sink,False,1.0,False,3,1,1,110000.0,39000.0,2,1,0.3545,0.0,0.0,0,0,0.00072495,2.417e-05,-,0.0124,0.1618,0.1834,0.0,0.0
100000001648936100,terminal,0.766,7,0.3574,"Получил 93 тыс ₸ от 1 плательщика (1 перевод), дальше ушло 0%",1227,"R5: out/in=0.00≤0.1, in=93 тыс ₸",-,confirmed_sink,False,0.0,False,2,1,0,92740.0,0.0,1,0,0.0,-1.0,0.0,0,0,0.00030315,0.0,-,0.134,0.1396,0.0838,0.0,0.0
100000008620570100,peripheral,0.314,8,0.3571,"Смешанный профиль: получил 145 тыс ₸ от 2 плательщиков (2 перевода), отправил 32 тыс ₸ 2 получателям (2 перевода); дальше ушло 22%",1228,R6: out/in=0.22 между 0.1 и 0.5,-,not_sink,False,1.0,False,3,2,2,145000.0,31800.0,2,2,0.2193,0.069,0.0,0,0,0.00034854,3.308e-05,-,0.011,0.1716,0.1746,0.0,0.0
100000008352542100,terminal,0.755,5,0.3571,"Получил 50 тыс ₸ от 1 плательщика (1 перевод), дальше ушло 0%",1229,"R5: out/in=0.00≤0.1, in=50 тыс ₸",-,confirmed_sink,False,0.0,False,2,1,0,50220.0,0.0,1,0,0.0,-1.0,0.0,0,0,0.00033148,0.0,-,0.1321,0.109,0.116,0.0,0.0
100000008571443100,terminal,0.759,21,0.3569,"Получил 65 тыс ₸ от 2 плательщиков (2 перевода), дальше ушло 0%",1230,"R5: out/in=0.00≤0.1, in=65 тыс ₸",-,confirmed_sink,False,0.0,False,2,2,0,65000.0,0.0,2,0,0.0,-1.0,0.0,0,0,0.00031475,0.0,-,0.1328,0.1219,0.1022,0.0,0.0
100000001805543100,terminal,0.757,6,0.3568,"Получил 59 тыс ₸ от 1 плательщика (1 перевод), дальше ушло 0%; seed среди плательщиков: 1",1231,"R5: out/in=0.00≤0.1, in=59 тыс ₸",-,confirmed_sink,False,0.0,False,1,1,0,59000.0,0.0,1,0,0.0,-1.0,0.0,1,0,0.00029191,0.0,-,0.1325,0.1175,0.0734,0.0333,0.0
100000007311010100,peripheral,0.465,5,0.3564,"Смешанный профиль: получил 64 тыс ₸ от 2 плательщиков (2 перевода), отправил 20 тыс ₸ 1 получателю (1 перевод); дальше ушло 31%; seed среди плательщиков: 1",1232,R6: out/in=0.31 между 0.1 и 0.5,-,not_sink,False,1.0,False,1,2,1,64480.0,20000.0,2,1,0.3102,0.0,0.0,1,0,0.00030936,2.398e-05,-,0.0163,0.1337,0.1731,0.0333,0.0
100000004278574100,transit,0.5,3,0.3564,"Получил 25 тыс ₸ от 1 плательщика (1 перевод), отправил 12 тыс ₸ 1 получателю (1 перевод); дальше ушло 50%",1233,R4: out/in=0.50≥0.5,-,not_sink,False,1.0,False,3,1,1,25000.0,12500.0,1,1,0.5,0.0,0.0,0,0,0.00028638,1.922e-05,-,0.105,0.0894,0.162,0.0,0.0
100000002757791100,terminal,0.761,24,0.3561,"Получил 73 тыс ₸ от 1 плательщика (1 перевод), дальше ушло 0%",1234,"R5: out/in=0.00≤0.1, in=73 тыс ₸",-,confirmed_sink,False,0.0,False,3,1,0,73050.0,0.0,1,0,0.0,-1.0,0.0,0,0,0.00031104,0.0,-,0.1332,0.1268,0.0961,0.0,0.0
100000002845605100,terminal,0.757,1,0.3559,"Получил 58 тыс ₸ от 1 плательщика (1 перевод), дальше ушло 0%; seed среди плательщиков: 1",1235,"R5: out/in=0.00≤0.1, in=58 тыс ₸",-,confirmed_sink,False,0.0,False,1,1,0,57567.0,0.0,1,0,0.0,-1.0,0.0,1,0,0.00029637,0.0,-,0.1325,0.1167,0.0734,0.0333,0.0
100000003760160100,terminal,0.769,3,0.3557,"Получил 104 тыс ₸ от 1 плательщика (1 перевод), дальше ушло 0%",1236,"R5: out/in=0.00≤0.1, in=104 тыс ₸",-,confirmed_sink,False,0.0,False,3,1,0,104470.0,0.0,1,0,0.0,-1.0,0.0,0,0,0.00028896,0.0,-,0.1346,0.1477,0.0734,0.0,0.0
100000003739818100,terminal,0.757,5,0.3556,"Получил 57 тыс ₸ от 1 плательщика (1 перевод), дальше ушло 0%; seed среди плательщиков: 1",1237,"R5: out/in=0.00≤0.1, in=57 тыс ₸",-,confirmed_sink,False,0.0,False,1,1,0,57293.0,0.0,1,0,0.0,-1.0,0.0,1,0,0.00029704,0.0,-,0.1325,0.1164,0.0734,0.0333,0.0
100000000802149100,terminal,0.769,1,0.3555,"Получил 104 тыс ₸ от 1 плательщика (1 перевод), дальше ушло 0%",1238,"R5: out/in=0.00≤0.1, in=104 тыс ₸",-,confirmed_sink,False,0.0,False,3,1,0,104128.0,0.0,1,0,0.0,-1.0,0.0,0,0,0.0002948,0.0,-,0.1346,0.1476,0.0734,0.0,0.0
100000008028628100,terminal,0.757,11,0.3554,"Получил 57 тыс ₸ от 1 плательщика (1 перевод), дальше ушло 0%; seed среди плательщиков: 1",1239,"R5: out/in=0.00≤0.1, in=57 тыс ₸",-,confirmed_sink,False,0.0,False,1,1,0,57224.0,0.0,1,0,0.0,-1.0,0.0,1,0,0.00029758,0.0,-,0.1325,0.1162,0.0734,0.0333,0.0
100000002877262100,terminal,0.768,2,0.3553,"Получил 100 тыс ₸ от 1 плательщика (1 перевод), дальше ушло 0%",1240,"R5: out/in=0.00≤0.1, in=100 тыс ₸",-,confirmed_sink,False,0.0,False,3,1,0,100000.0,0.0,1,0,0.0,-1.0,0.0,0,0,0.00029992,0.0,-,0.1344,0.145,0.0759,0.0,0.0
100000007357489100,terminal,0.504,2,0.3552,"4-е колено, исходящие не выгружены; получил 164 тыс ₸ от 2 плательщиков (2 перевода). У узлов колен 1–3 с таким профилем пересылают дальше 50%",1241,T4: p_forward=0.50<0.5 (оценка по коленам 1–3),transit,truncated_depth,True,0.496,False,4,2,0,164500.0,0.0,2,0,0.0,-1.0,0.0,0,0,0.00031296,0.0,truncated,0.0882,0.1679,0.0991,0.0,0.0
100000005893892100,terminal,0.769,3,0.3552,"Получил 103 тыс ₸ от 1 плательщика (1 перевод), дальше ушло 0%",1242,"R5: out/in=0.00≤0.1, in=103 тыс ₸",-,confirmed_sink,False,0.0,False,3,1,0,102780.0,0.0,1,0,0.0,-1.0,0.0,0,0,0.0002889,0.0,-,0.1346,0.1472,0.0734,0.0,0.0
100000003230329100,terminal,0.738,2,0.3551,"4-е колено, исходящие не выгружены; получил 110 тыс ₸ от 1 плательщика (1 перевод). У узлов колен 1–3 с таким профилем пересылают дальше 26%",1243,T4: p_forward=0.26<0.5 (оценка по коленам 1–3),transit,truncated_depth,True,0.262,False,4,1,0,110000.0,0.0,1,0,0.0,-1.0,0.0,0,0,0.00030004,0.0,truncated,0.1291,0.1498,0.0762,0.0,0.0
100000002864680100,terminal,0.757,28,0.355,"Получил 56 тыс ₸ от 1 плательщика (1 перевод), дальше ушло 0%; seed среди плательщиков: 1",1244,"R5: out/in=0.00≤0.1, in=56 тыс ₸",-,confirmed_sink,False,0.0,False,1,1,0,55932.0,0.0,1,0,0.0,-1.0,0.0,1,0,0.00029485,0.0,-,0.1325,0.1158,0.0734,0.0333,0.0
100000007731977100,terminal,0.738,1,0.3549,"4-е колено, исходящие не выгружены; получил 50 тыс ₸ от 1 плательщика (1 перевод). У узлов колен 1–3 с таким профилем пересылают дальше 26%",1245,T4: p_forward=0.26<0.5 (оценка по коленам 1–3),transit,truncated_depth,True,0.262,False,4,1,0,50000.0,0.0,1,0,0.0,-1.0,0.0,0,0,0.00033677,0.0,truncated,0.1291,0.1071,0.1187,0.0,0.0
100000003112578100,terminal,0.768,9,0.3546,"Получил 101 тыс ₸ от 1 плательщика (1 перевод), дальше ушло 0%",1246,"R5: out/in=0.00≤0.1, in=101 тыс ₸",-,confirmed_sink,False,0.0,False,3,1,0,101080.0,0.0,1,0,0.0,-1.0,0.0,0,0,0.00029038,0.0,-,0.1344,0.1468,0.0734,0.0,0.0
100000008745489100,terminal,0.757,11,0.3546,"Получил 56 тыс ₸ от 1 плательщика (1 перевод), дальше ушло 0%; seed среди плательщиков: 1",1247,"R5: out/in=0.00≤0.1, in=56 тыс ₸",-,confirmed_sink,False,0.0,False,1,1,0,55539.0,0.0,1,0,0.0,-1.0,0.0,1,0,0.00029723,0.0,-,0.1325,0.1154,0.0734,0.0333,0.0
100000005203590100,terminal,0.765,7,0.3545,"Получил 90 тыс ₸ от 1 плательщика (1 перевод), дальше ушло 0%",1248,"R5: out/in=0.00≤0.1, in=90 тыс ₸",-,confirmed_sink,False,0.0,False,2,1,0,90000.0,0.0,1,0,0.0,-1.0,0.0,0,0,0.00030263,0.0,-,0.1339,0.1378,0.0827,0.0,0.0
100000003060187100,terminal,0.766,16,0.3544,"Получил 93 тыс ₸ от 1 плательщика (1 перевод), дальше ушло 0%",1249,"R5: out/in=0.00≤0.1, in=93 тыс ₸",-,confirmed_sink,False,0.0,False,3,1,0,93046.0,0.0,1,0,0.0,-1.0,0.0,0,0,0.00030148,0.0,-,0.134,0.14,0.0803,0.0,0.0
100000003252446100,terminal,0.738,2,0.3543,"4-е колено, исходящие не выгружены; получил 109 тыс ₸ от 1 плательщика (1 перевод). У узлов колен 1–3 с таким профилем пересылают дальше 26%",1250,T4: p_forward=0.26<0.5 (оценка по коленам 1–3),transit,truncated_depth,True,0.262,False,4,1,0,108600.0,0.0,1,0,0.0,-1.0,0.0,0,0,0.00029999,0.0,truncated,0.1291,0.1491,0.076,0.0,0.0
100000001299323100,terminal,0.738,2,0.3542,"4-е колено, исходящие не выгружены; получил 109 тыс ₸ от 1 плательщика (1 перевод). У узлов колен 1–3 с таким профилем пересылают дальше 26%",1251,T4: p_forward=0.26<0.5 (оценка по коленам 1–3),transit,truncated_depth,True,0.262,False,4,1,0,109000.0,0.0,1,0,0.0,-1.0,0.0,0,0,0.00029991,0.0,truncated,0.1291,0.1493,0.0757,0.0,0.0
100000000646541100,terminal,0.75,1,0.3542,"Получил 25 тыс ₸ от 3 плательщиков (4 перевода), дальше ушло 0%",1252,"R5: out/in=0.00≤0.1, in=25 тыс ₸",-,confirmed_sink,False,0.0,False,2,3,0,25300.0,0.0,4,0,0.0,-1.0,0.0,0,0,0.00050586,0.0,-,0.1312,0.0669,0.156,0.0,0.0
100000006490615100,transit,0.568,21,0.354,"4-е колено, исходящие не выгружены; получил 42 тыс ₸ от 1 плательщика (6 переводов). У узлов колен 1–3 с таким профилем пересылают дальше 57%",1253,T4: p_forward=0.57≥0.5 (оценка),terminal,truncated_depth,True,0.568,False,4,1,0,41600.0,0.0,6,0,0.0,-1.0,0.0,0,0,0.00039475,0.0,truncated,0.1193,0.0949,0.1399,0.0,0.0
100000004813068100,transit,0.6,4,0.3539,Seed: входящие вне выгрузки; отправил 297 тыс ₸ 3 получателям (5 переводов) — передаёт средства дальше по цепочке,1254,"R4s: seed с исходящими, входящие не наблюдаются",-,not_sink,False,1.0,True,0,0,3,0.0,297000.0,0,5,-1.0,-1.0,297000.0,0,0,0.00028557,0.0,-,0.1134,0.1745,0.0661,0.0,0.0
100000008736760100,terminal,0.756,11,0.3535,"Получил 55 тыс ₸ от 1 плательщика (1 перевод), дальше ушло 0%; seed среди плательщиков: 1",1255,"R5: out/in=0.00≤0.1, in=55 тыс ₸",-,confirmed_sink,False,0.0,False,1,1,0,54757.0,0.0,1,0,0.0,-1.0,0.0,1,0,0.00029706,0.0,-,0.1323,0.1144,0.0734,0.0333,0.0
100000006416061100,terminal,0.738,8,0.3535,"4-е колено, исходящие не выгружены; получил 30 тыс ₸ от 1 плательщика (1 перевод). У узлов колен 1–3 с таким профилем пересылают дальше 26%",1256,T4: p_forward=0.26<0.5 (оценка по коленам 1–3),transit,truncated_depth,True,0.262,False,4,1,0,30000.0,0.0,1,0,0.0,-1.0,0.0,0,0,0.00043486,0.0,truncated,0.1291,0.0771,0.1472,0.0,0.0
100000008737958100,terminal,0.756,11,0.3533,"Получил 53 тыс ₸ от 2 плательщиков (2 перевода), дальше ушло 0%; seed среди плательщиков: 1",1257,"R5: out/in=0.00≤0.1, in=53 тыс ₸",-,confirmed_sink,False,0.0,False,1,2,0,53373.0,0.0,2,0,0.0,-1.0,0.0,1,0,0.00029963,0.0,-,0.1323,0.1129,0.0748,0.0333,0.0
100000000971908100,terminal,0.765,7,0.353,"Получил 89 тыс ₸ от 1 плательщика (1 перевод), дальше ушло 0%",1258,"R5: out/in=0.00≤0.1, in=89 тыс ₸",-,confirmed_sink,False,0.0,False,2,1,0,89000.0,0.0,1,0,0.0,-1.0,0.0,0,0,0.00030244,0.0,-,0.1339,0.1368,0.0823,0.0,0.0
100000003147719100,terminal,0.768,2,0.3528,"Получил 100 тыс ₸ от 1 плательщика (1 перевод), дальше ушло 0%",1259,"R5: out/in=0.00≤0.1, in=100 тыс ₸",-,confirmed_sink,False,0.0,False,3,1,0,100000.0,0.0,1,0,0.0,-1.0,0.0,0,0,0.00029072,0.0,-,0.1344,0.145,0.0734,0.0,0.0
100000003647799100,terminal,0.768,3,0.3528,"Получил 100 тыс ₸ от 1 плательщика (1 перевод), дальше ушло 0%",1260,"R5: out/in=0.00≤0.1, in=100 тыс ₸",-,confirmed_sink,False,0.0,False,3,1,0,100000.0,0.0,1,0,0.0,-1.0,0.0,0,0,0.00028881,0.0,-,0.1344,0.145,0.0734,0.0,0.0
100000008070101100,terminal,0.768,2,0.3528,"Получил 100 тыс ₸ от 1 плательщика (1 перевод), дальше ушло 0%",1261,"R5: out/in=0.00≤0.1, in=100 тыс ₸",-,confirmed_sink,False,0.0,False,3,1,0,100000.0,0.0,1,0,0.0,-1.0,0.0,0,0,0.00029259,0.0,-,0.1344,0.145,0.0734,0.0,0.0
100000001554432100,terminal,0.756,5,0.3525,"Получил 54 тыс ₸ от 1 плательщика (1 перевод), дальше ушло 0%; seed среди плательщиков: 1",1262,"R5: out/in=0.00≤0.1, in=54 тыс ₸",-,confirmed_sink,False,0.0,False,1,1,0,53920.0,0.0,1,0,0.0,-1.0,0.0,1,0,0.00029637,0.0,-,0.1323,0.1134,0.0734,0.0333,0.0
100000001696818100,terminal,0.756,5,0.352,"Получил 54 тыс ₸ от 1 плательщика (1 перевод), дальше ушло 0%; seed среди плательщиков: 1",1263,"R5: out/in=0.00≤0.1, in=54 тыс ₸",-,confirmed_sink,False,0.0,False,1,1,0,53550.0,0.0,1,0,0.0,-1.0,0.0,1,0,0.00029884,0.0,-,0.1323,0.113,0.0734,0.0333,0.0
100000008219168100,terminal,0.756,7,0.3518,"Получил 53 тыс ₸ от 1 плательщика (2 перевода), дальше ушло 0%; seed среди плательщиков: 1",1264,"R5: out/in=0.00≤0.1, in=53 тыс ₸",-,confirmed_sink,False,0.0,False,1,1,0,53200.0,0.0,2,0,0.0,-1.0,0.0,1,0,0.00028862,0.0,-,0.1323,0.1128,0.0734,0.0333,0.0
100000003292979100,terminal,0.755,5,0.3517,"Получил 49 тыс ₸ от 1 плательщика (1 перевод), дальше ушло 0%",1265,"R5: out/in=0.00≤0.1, in=49 тыс ₸",-,confirmed_sink,False,0.0,False,2,1,0,48950.0,0.0,1,0,0.0,-1.0,0.0,0,0,0.00033031,0.0,-,0.1321,0.1042,0.1154,0.0,0.0
100000007953156100,transit,0.528,10,0.3517,"Получил 18 тыс ₸ от 1 плательщика (1 перевод), отправил 10 тыс ₸ 1 получателю (1 перевод); дальше ушло 56%",1266,R4: out/in=0.56≥0.5,-,not_sink,False,1.0,False,2,1,1,18000.0,10000.0,1,1,0.5556,0.0,0.0,0,0,0.00047784,1.981e-05,-,0.1109,0.0725,0.1684,0.0,0.0
100000008746673100,terminal,0.756,11,0.3516,"Получил 53 тыс ₸ от 1 плательщика (1 перевод), дальше ушло 0%; seed среди плательщиков: 1",1267,"R5: out/in=0.00≤0.1, in=53 тыс ₸",-,confirmed_sink,False,0.0,False,1,1,0,53048.0,0.0,1,0,0.0,-1.0,0.0,1,0,0.0002967,0.0,-,0.1323,0.1125,0.0734,0.0333,0.0
100000002713974100,terminal,0.738,8,0.3514,"4-е колено, исходящие не выгружены; получил 50 тыс ₸ от 1 плательщика (1 перевод). У узлов колен 1–3 с таким профилем пересылают дальше 26%",1268,T4: p_forward=0.26<0.5 (оценка по коленам 1–3),transit,truncated_depth,True,0.262,False,4,1,0,50000.0,0.0,1,0,0.0,-1.0,0.0,0,0,0.00032995,0.0,truncated,0.1291,0.1071,0.1151,0.0,0.0
100000005485830100,transit,0.6,65,0.3513,Seed: входящие вне выгрузки; отправил 276 тыс ₸ 5 получателям (9 переводов) — передаёт средства дальше по цепочке,1269,"R4s: seed с исходящими, входящие не наблюдаются",-,not_sink,False,1.0,True,0,0,5,0.0,275885.0,0,9,-1.0,-1.0,275885.0,0,0,0.00028557,0.0,-,0.1134,0.1719,0.0661,0.0,0.0
100000003037660100,terminal,0.756,5,0.3512,"Получил 53 тыс ₸ от 1 плательщика (1 перевод), дальше ушло 0%; seed среди плательщиков: 1",1270,"R5: out/in=0.00≤0.1, in=53 тыс ₸",-,confirmed_sink,False,0.0,False,1,1,0,53000.0,0.0,1,0,0.0,-1.0,0.0,1,0,0.00029618,0.0,-,0.1323,0.1122,0.0734,0.0333,0.0
100000005082652100,terminal,0.75,7,0.351,"Получил 30 тыс ₸ от 1 плательщика (1 перевод), дальше ушло 0%",1271,"R5: out/in=0.00≤0.1, in=30 тыс ₸",-,confirmed_sink,False,0.0,False,3,1,0,30000.0,0.0,1,0,0.0,-1.0,0.0,0,0,0.000408,0.0,-,0.1312,0.0771,0.1427,0.0,0.0
100000003074515100,terminal,0.738,2,0.3508,"4-е колено, исходящие не выгружены; получил 105 тыс ₸ от 1 плательщика (1 перевод). У узлов колен 1–3 с таким профилем пересылают дальше 26%",1272,T4: p_forward=0.26<0.5 (оценка по коленам 1–3),transit,truncated_depth,True,0.262,False,4,1,0,105000.0,0.0,1,0,0.0,-1.0,0.0,0,0,0.00029938,0.0,truncated,0.1291,0.1479,0.0738,0.0,0.0
100000002478829100,terminal,0.738,52,0.3507,"4-е колено, исходящие не выгружены; получил 34 тыс ₸ от 1 плательщика (1 перевод). У узлов колен 1–3 с таким профилем пересылают дальше 26%",1273,T4: p_forward=0.26<0.5 (оценка по коленам 1–3),transit,truncated_depth,True,0.262,False,4,1,0,34000.0,0.0,1,0,0.0,-1.0,0.0,0,0,0.00038733,0.0,truncated,0.1291,0.0844,0.1372,0.0,0.0
100000002600345100,terminal,0.756,6,0.3506,"Получил 52 тыс ₸ от 2 плательщиков (2 перевода), дальше ушло 0%; seed среди плательщиков: 1",1274,"R5: out/in=0.00≤0.1, in=52 тыс ₸",-,confirmed_sink,False,0.0,False,1,2,0,52400.0,0.0,2,0,0.0,-1.0,0.0,1,0,0.00029572,0.0,-,0.1323,0.1115,0.0734,0.0333,0.0
100000004841728100,terminal,0.756,11,0.3501,"Получил 52 тыс ₸ от 1 плательщика (1 перевод), дальше ушло 0%; seed среди плательщиков: 1",1275,"R5: out/in=0.00≤0.1, in=52 тыс ₸",-,confirmed_sink,False,0.0,False,1,1,0,52208.0,0.0,1,0,0.0,-1.0,0.0,1,0,0.00029653,0.0,-,0.1323,0.1111,0.0734,0.0333,0.0
100000005105153100,terminal,0.75,1,0.3497,"Получил 30 тыс ₸ от 1 плательщика (1 перевод), дальше ушло 0%",1276,"R5: out/in=0.00≤0.1, in=30 тыс ₸",-,confirmed_sink,False,0.0,False,2,1,0,30000.0,0.0,1,0,0.0,-1.0,0.0,0,0,0.00040102,0.0,-,0.1312,0.0771,0.1414,0.0,0.0
100000008629581100,terminal,0.756,5,0.3495,"Получил 54 тыс ₸ от 1 плательщика (1 перевод), дальше ушло 0%",1277,"R5: out/in=0.00≤0.1, in=54 тыс ₸",-,confirmed_sink,False,0.0,False,2,1,0,54184.0,0.0,1,0,0.0,-1.0,0.0,0,0,0.00031533,0.0,-,0.1323,0.1141,0.1031,0.0,0.0
100000003097947100,terminal,0.738,8,0.3494,"4-е колено, исходящие не выгружены; получил 53 тыс ₸ от 1 плательщика (1 перевод). У узлов колен 1–3 с таким профилем пересылают дальше 26%",1278,T4: p_forward=0.26<0.5 (оценка по коленам 1–3),transit,truncated_depth,True,0.262,False,4,1,0,52980.0,0.0,1,0,0.0,-1.0,0.0,0,0,0.00032008,0.0,truncated,0.1291,0.1119,0.1084,0.0,0.0
100000003180820100,terminal,0.738,2,0.3492,"4-е колено, исходящие не выгружены; получил 101 тыс ₸ от 1 плательщика (1 перевод). У узлов колен 1–3 с таким профилем пересылают дальше 26%",1279,T4: p_forward=0.26<0.5 (оценка по коленам 1–3),transit,truncated_depth,True,0.262,False,4,1,0,101000.0,0.0,1,0,0.0,-1.0,0.0,0,0,0.00029886,0.0,truncated,0.1291,0.1467,0.0734,0.0,0.0
100000002015633100,terminal,0.767,3,0.3489,"Получил 95 тыс ₸ от 1 плательщика (1 перевод), дальше ушло 0%",1280,"R5: out/in=0.00≤0.1, in=95 тыс ₸",-,confirmed_sink,False,0.0,False,3,1,0,94970.0,0.0,1,0,0.0,-1.0,0.0,0,0,0.00028865,0.0,-,0.1342,0.1412,0.0734,0.0,0.0
100000008729597100,terminal,0.764,8,0.3488,"Получил 83 тыс ₸ от 1 плательщика (1 перевод), дальше ушло 0%",1281,"R5: out/in=0.00≤0.1, in=83 тыс ₸",-,confirmed_sink,False,0.0,False,3,1,0,83090.0,0.0,1,0,0.0,-1.0,0.0,0,0,0.00030247,0.0,-,0.1337,0.1327,0.0825,0.0,0.0
100000008304115100,terminal,0.755,28,0.3486,"Получил 51 тыс ₸ от 1 плательщика (1 перевод), дальше ушло 0%; seed среди плательщиков: 1",1282,"R5: out/in=0.00≤0.1, in=51 тыс ₸",-,confirmed_sink,False,0.0,False,1,1,0,51000.0,0.0,1,0,0.0,-1.0,0.0,1,0,0.00029403,0.0,-,0.1321,0.1097,0.0734,0.0333,0.0
100000005539910100,peripheral,0.381,5,0.3482,"Смешанный профиль: получил 102 тыс ₸ от 1 плательщика (1 перевод), отправил 22 тыс ₸ 2 получателям (2 перевода); дальше ушло 22%",1283,R6: out/in=0.22 между 0.1 и 0.5,-,not_sink,False,1.0,False,2,1,2,102000.0,22000.0,1,2,0.2157,0.0,0.0,0,0,0.00049873,4.795e-05,-,0.0133,0.1548,0.1801,0.0,0.0
100000004071070100,peripheral,0.594,1,0.3482,"Смешанный профиль: получил 41 тыс ₸ от 2 плательщиков (5 переводов), отправил 6 тыс ₸ 1 получателю (1 перевод); дальше ушло 15%",1284,R6: out/in=0.15 между 0.1 и 0.5,-,not_sink,False,1.0,False,2,2,1,41000.0,6000.0,5,1,0.1463,0.1463,0.0,0,0,0.00118759,0.0,in_cycle,0.0208,0.1016,0.1924,0.0,0.0333
100000002774456100,terminal,0.755,14,0.348,"Получил 50 тыс ₸ от 1 плательщика (1 перевод), дальше ушло 0%; seed среди плательщиков: 1",1285,"R5: out/in=0.00≤0.1, in=50 тыс ₸",-,confirmed_sink,False,0.0,False,1,1,0,50363.0,0.0,1,0,0.0,-1.0,0.0,1,0,0.00029321,0.0,-,0.1321,0.1091,0.0734,0.0333,0.0
100000004315838100,peripheral,0.504,5,0.3479,"Смешанный профиль: получил 50 тыс ₸ от 2 плательщиков (2 перевода), отправил 18 тыс ₸ 1 получателю (1 перевод); дальше ушло 36%; seed среди плательщиков: 1",1286,R6: out/in=0.36 между 0.1 и 0.5,-,not_sink,False,1.0,False,1,2,1,50000.0,18000.0,2,1,0.36,0.0,0.0,1,0,0.00029139,2.378e-05,-,0.0176,0.124,0.1729,0.0333,0.0
100000003134550100,terminal,0.738,2,0.3475,"4-е колено, исходящие не выгружены; получил 100 тыс ₸ от 1 плательщика (1 перевод). У узлов колен 1–3 с таким профилем пересылают дальше 26%",1287,T4: p_forward=0.26<0.5 (оценка по коленам 1–3),transit,truncated_depth,True,0.262,False,4,1,0,100000.0,0.0,1,0,0.0,-1.0,0.0,0,0,0.00029885,0.0,truncated,0.1291,0.145,0.0734,0.0,0.0
100000004410489100,terminal,0.756,5,0.3475,"Получил 54 тыс ₸ от 1 плательщика (1 перевод), дальше ушло 0%",1288,"R5: out/in=0.00≤0.1, in=54 тыс ₸",-,confirmed_sink,False,0.0,False,2,1,0,54000.0,0.0,1,0,0.0,-1.0,0.0,0,0,0.00031422,0.0,-,0.1323,0.1138,0.1014,0.0,0.0
100000006165886100,peripheral,0.244,1,0.3474,"Смешанный профиль: получил 184 тыс ₸ от 2 плательщиков (2 перевода), отправил 75 тыс ₸ 1 получателю (1 перевод); дальше ушло 41%",1289,R6: out/in=0.41 между 0.1 и 0.5,-,not_sink,False,1.0,False,3,2,1,184481.0,75000.0,2,1,0.4065,0.4065,0.0,0,0,0.00029856,6.9e-07,-,0.0085,0.1889,0.1499,0.0,0.0
100000008665380100,peripheral,0.456,1,0.3472,"Смешанный профиль: получил 69 тыс ₸ от 2 плательщиков (2 перевода), отправил 18 тыс ₸ 1 получателю (1 перевод); дальше ушло 26%; seed среди плательщиков: 1",1290,R6: out/in=0.26 между 0.1 и 0.5,-,not_sink,False,1.0,False,1,2,1,69100.0,18200.0,2,1,0.2634,0.2634,0.0,1,0,0.00029077,1.922e-05,-,0.016,0.1359,0.162,0.0333,0.0
100000003087877100,terminal,0.766,18,0.3468,"Получил 91 тыс ₸ от 1 плательщика (1 перевод), дальше ушло 0%",1291,"R5: out/in=0.00≤0.1, in=91 тыс ₸",-,confirmed_sink,False,0.0,False,3,1,0,91486.0,0.0,1,0,0.0,-1.0,0.0,0,0,0.00029209,0.0,-,0.134,0.1393,0.0734,0.0,0.0
100000002757240100,terminal,0.755,5,0.3468,"Получил 51 тыс ₸ от 1 плательщика (1 перевод), дальше ушло 0%",1292,"R5: out/in=0.00≤0.1, in=51 тыс ₸",-,confirmed_sink,False,0.0,False,2,1,0,51183.0,0.0,1,0,0.0,-1.0,0.0,0,0,0.00031685,0.0,-,0.1321,0.1102,0.1044,0.0,0.0
100000008599354100,peripheral,0.278,1,0.3466,"Смешанный профиль: получил 177 тыс ₸ от 1 плательщика (1 перевод), отправил 38 тыс ₸ 1 получателю (2 перевода); дальше ушло 22%",1293,R6: out/in=0.22 между 0.1 и 0.5,-,not_sink,False,1.0,False,3,1,1,177000.0,38200.0,1,2,0.2158,0.0,0.0,0,0,0.00033174,4.36e-06,-,0.0097,0.1805,0.1564,0.0,0.0
100000005049404100,terminal,0.598,3,0.3466,"4-е колено, исходящие не выгружены; получил 98 тыс ₸ от 1 плательщика (2 перевода). У узлов колен 1–3 с таким профилем пересылают дальше 40%",1294,T4: p_forward=0.40<0.5 (оценка по коленам 1–3),transit,truncated_depth,True,0.402,False,4,1,0,98000.0,0.0,2,0,0.0,-1.0,0.0,0,0,0.00031264,0.0,truncated,0.1046,0.1432,0.0987,0.0,0.0
100000002236528100,terminal,0.759,7,0.3461,"Получил 66 тыс ₸ от 1 плательщика (1 перевод), дальше ушло 0%",1295,"R5: out/in=0.00≤0.1, in=66 тыс ₸",-,confirmed_sink,False,0.0,False,3,1,0,66000.0,0.0,1,0,0.0,-1.0,0.0,0,0,0.00030724,0.0,-,0.1328,0.1227,0.0906,0.0,0.0
100000001194266100,terminal,0.755,5,0.346,"Получил 50 тыс ₸ от 1 плательщика (1 перевод), дальше ушло 0%; seed среди плательщиков: 1",1296,"R5: out/in=0.00≤0.1, in=50 тыс ₸",-,confirmed_sink,False,0.0,False,1,1,0,50000.0,0.0,1,0,0.0,-1.0,0.0,1,0,0.00029558,0.0,-,0.1321,0.1071,0.0734,0.0333,0.0
100000001550388100,terminal,0.755,1,0.346,"Получил 50 тыс ₸ от 1 плательщика (1 перевод), дальше ушло 0%; seed среди плательщиков: 1",1297,"R5: out/in=0.00≤0.1, in=50 тыс ₸",-,confirmed_sink,False,0.0,False,1,1,0,50000.0,0.0,1,0,0.0,-1.0,0.0,1,0,0.00029495,0.0,-,0.1321,0.1071,0.0734,0.0333,0.0
100000003476560100,terminal,0.755,5,0.346,"Получил 50 тыс ₸ от 1 плательщика (1 перевод), дальше ушло 0%; seed среди плательщиков: 1",1298,"R5: out/in=0.00≤0.1, in=50 тыс ₸",-,confirmed_sink,False,0.0,False,1,1,0,50000.0,0.0,1,0,0.0,-1.0,0.0,1,0,0.00029558,0.0,-,0.1321,0.1071,0.0734,0.0333,0.0
100000006687202100,terminal,0.755,1,0.346,"Получил 50 тыс ₸ от 1 плательщика (1 перевод), дальше ушло 0%; seed среди плательщиков: 1",1299,"R5: out/in=0.00≤0.1, in=50 тыс ₸",-,confirmed_sink,False,0.0,False,1,1,0,50000.0,0.0,1,0,0.0,-1.0,0.0,1,0,0.00029495,0.0,-,0.1321,0.1071,0.0734,0.0333,0.0
100000002199091100,terminal,0.759,11,0.3458,"Получил 65 тыс ₸ от 1 плательщика (1 перевод), дальше ушло 0%",1300,"R5: out/in=0.00≤0.1, in=65 тыс ₸",-,confirmed_sink,False,0.0,False,2,1,0,65000.0,0.0,1,0,0.0,-1.0,0.0,0,0,0.00030765,0.0,-,0.1328,0.1219,0.0911,0.0,0.0
100000002284426100,terminal,0.765,3,0.3451,"Получил 90 тыс ₸ от 1 плательщика (2 перевода), дальше ушло 0%",1301,"R5: out/in=0.00≤0.1, in=90 тыс ₸",-,confirmed_sink,False,0.0,False,3,1,0,90000.0,0.0,2,0,0.0,-1.0,0.0,0,0,0.00028849,0.0,-,0.1339,0.1378,0.0734,0.0,0.0
100000004225615100,terminal,0.765,12,0.3451,"Получил 90 тыс ₸ от 1 плательщика (2 перевода), дальше ушло 0%",1302,"R5: out/in=0.00≤0.1, in=90 тыс ₸",-,confirmed_sink,False,0.0,False,2,1,0,90000.0,0.0,2,0,0.0,-1.0,0.0,0,0,0.00029404,0.0,-,0.1339,0.1378,0.0734,0.0,0.0
100000008634520100,terminal,0.765,2,0.3451,"Получил 90 тыс ₸ от 1 плательщика (1 перевод), дальше ушло 0%",1303,"R5: out/in=0.00≤0.1, in=90 тыс ₸",-,confirmed_sink,False,0.0,False,3,1,0,90000.0,0.0,1,0,0.0,-1.0,0.0,0,0,0.00029848,0.0,-,0.1339,0.1378,0.0734,0.0,0.0
100000007242833100,peripheral,0.343,28,0.3447,"Смешанный профиль: получил 108 тыс ₸ от 1 плательщика (3 перевода), отправил 45 тыс ₸ 1 получателю (2 перевода); дальше ушло 42%",1304,R6: out/in=0.42 между 0.1 и 0.5,-,not_sink,False,1.0,False,2,1,1,107500.0,45000.0,3,2,0.4186,0.4186,0.0,0,0,0.0005138,1.981e-05,-,0.012,0.1643,0.1684,0.0,0.0
100000005620225100,terminal,0.755,1,0.3442,"Получил 50 тыс ₸ от 2 плательщиков (2 перевода), дальше ушло 0%; seed среди плательщиков: 1",1305,"R5: out/in=0.00≤0.1, in=50 тыс ₸",-,confirmed_sink,False,0.0,False,1,2,0,49845.66,0.0,2,0,0.0,-1.0,0.0,1,0,0.00029624,0.0,-,0.1321,0.1053,0.0734,0.0333,0.0
100000005100475100,terminal,0.753,7,0.3438,"Получил 40 тыс ₸ от 1 плательщика (1 перевод), дальше ушло 0%",1306,"R5: out/in=0.00≤0.1, in=40 тыс ₸",-,confirmed_sink,False,0.0,False,3,1,0,40000.0,0.0,1,0,0.0,-1.0,0.0,0,0,0.00033775,0.0,-,0.1318,0.0926,0.1194,0.0,0.0
100000008050986100,terminal,0.598,3,0.3435,"4-е колено, исходящие не выгружены; получил 95 тыс ₸ от 1 плательщика (2 перевода). У узлов колен 1–3 с таким профилем пересылают дальше 40%",1307,T4: p_forward=0.40<0.5 (оценка по коленам 1–3),transit,truncated_depth,True,0.402,False,4,1,0,95000.0,0.0,2,0,0.0,-1.0,0.0,0,0,0.00031181,0.0,truncated,0.1046,0.1416,0.0972,0.0,0.0
100000001686328100,terminal,0.467,2,0.3434,"Получил 140 тыс ₸ от 1 плательщика (1 перевод), дальше ушло 0%; 100% поступило 30–31 июля — август не виден",1308,"R5: out/in=0.00≤0.1, in=140 тыс ₸",-,truncated_time,False,0.0,False,3,1,0,140000.0,0.0,1,0,0.0,-1.0,0.0,0,0,0.00031505,0.0,late_inflow,0.0817,0.1588,0.1028,0.0,0.0
100000008422226100,terminal,0.765,1,0.3433,"Получил 87 тыс ₸ от 1 плательщика (1 перевод), дальше ушло 0%",1309,"R5: out/in=0.00≤0.1, in=87 тыс ₸",-,confirmed_sink,False,0.0,False,3,1,0,87450.0,0.0,1,0,0.0,-1.0,0.0,0,0,0.00029049,0.0,-,0.1339,0.136,0.0734,0.0,0.0
100000003232675100,terminal,0.598,21,0.3428,"4-е колено, исходящие не выгружены; получил 44 тыс ₸ от 1 плательщика (2 перевода). У узлов колен 1–3 с таким профилем пересылают дальше 40%",1310,T4: p_forward=0.40<0.5 (оценка по коленам 1–3),transit,truncated_depth,True,0.402,False,4,1,0,44000.0,0.0,2,0,0.0,-1.0,0.0,0,0,0.00040104,0.0,truncated,0.1046,0.0966,0.1415,0.0,0.0
100000002952631100,terminal,0.755,6,0.3424,"Получил 48 тыс ₸ от 1 плательщика (1 перевод), дальше ушло 0%; seed среди плательщиков: 1",1311,"R5: out/in=0.00≤0.1, in=48 тыс ₸",-,confirmed_sink,False,0.0,False,1,1,0,48050.0,0.0,1,0,0.0,-1.0,0.0,1,0,0.00029074,0.0,-,0.1321,0.1035,0.0734,0.0333,0.0
100000001632325100,terminal,0.764,11,0.342,"Получил 86 тыс ₸ от 1 плательщика (3 перевода), дальше ушло 0%",1312,"R5: out/in=0.00≤0.1, in=86 тыс ₸",-,confirmed_sink,False,0.0,False,3,1,0,85600.0,0.0,3,0,0.0,-1.0,0.0,0,0,0.00029893,0.0,-,0.1337,0.1349,0.0734,0.0,0.0
100000001816678100,terminal,0.738,5,0.342,"4-е колено, исходящие не выгружены; получил 60 тыс ₸ от 1 плательщика (1 перевод). У узлов колен 1–3 с таким профилем пересылают дальше 26%",1313,T4: p_forward=0.26<0.5 (оценка по коленам 1–3),transit,truncated_depth,True,0.262,False,4,1,0,60000.0,0.0,1,0,0.0,-1.0,0.0,0,0,0.00030966,0.0,truncated,0.1291,0.1187,0.0942,0.0,0.0
100000002380341100,terminal,0.757,1,0.342,"Получил 58 тыс ₸ от 1 плательщика (1 перевод), дальше ушло 0%",1314,"R5: out/in=0.00≤0.1, in=58 тыс ₸",-,confirmed_sink,False,0.0,False,3,1,0,57566.4,0.0,1,0,0.0,-1.0,0.0,0,0,0.00030914,0.0,-,0.1325,0.1165,0.093,0.0,0.0
100000002653948100,terminal,0.764,3,0.3419,"Получил 85 тыс ₸ от 1 плательщика (1 перевод), дальше ушло 0%",1315,"R5: out/in=0.00≤0.1, in=85 тыс ₸",-,confirmed_sink,False,0.0,False,3,1,0,85200.0,0.0,1,0,0.0,-1.0,0.0,0,0,0.00028833,0.0,-,0.1337,0.1348,0.0734,0.0,0.0
100000002750956100,terminal,0.754,1,0.3417,"Получил 47 тыс ₸ от 1 плательщика (1 перевод), дальше ушло 0%; seed среди плательщиков: 1",1316,"R5: out/in=0.00≤0.1, in=47 тыс ₸",-,confirmed_sink,False,0.0,False,1,1,0,47416.0,0.0,1,0,0.0,-1.0,0.0,1,0,0.00029447,0.0,-,0.1319,0.103,0.0734,0.0333,0.0
100000008002020100,peripheral,0.444,28,0.3414,"Смешанный профиль: получил 74 тыс ₸ от 1 плательщика (1 перевод), отправил 17 тыс ₸ 1 получателю (1 перевод); дальше ушло 23%; seed среди плательщиков: 1",1317,R6: out/in=0.23 между 0.1 и 0.5,-,not_sink,False,1.0,False,1,1,1,73860.0,17000.0,1,1,0.2302,0.0,0.0,1,0,0.00029783,1.59e-06,-,0.0155,0.1389,0.1536,0.0333,0.0
100000005961971100,terminal,0.754,11,0.3414,"Получил 47 тыс ₸ от 1 плательщика (1 перевод), дальше ушло 0%; seed среди плательщиков: 1",1318,"R5: out/in=0.00≤0.1, in=47 тыс ₸",-,confirmed_sink,False,0.0,False,1,1,0,47353.0,0.0,1,0,0.0,-1.0,0.0,1,0,0.00029551,0.0,-,0.1319,0.1028,0.0734,0.0333,0.0
100000008749618100,terminal,0.754,11,0.3413,"Получил 47 тыс ₸ от 1 плательщика (1 перевод), дальше ушло 0%; seed среди плательщиков: 1",1319,"R5: out/in=0.00≤0.1, in=47 тыс ₸",-,confirmed_sink,False,0.0,False,1,1,0,47280.0,0.0,1,0,0.0,-1.0,0.0,1,0,0.00029549,0.0,-,0.1319,0.1026,0.0734,0.0333,0.0
100000008745725100,terminal,0.754,11,0.3409,"Получил 47 тыс ₸ от 1 плательщика (1 перевод), дальше ушло 0%; seed среди плательщиков: 1",1320,"R5: out/in=0.00≤0.1, in=47 тыс ₸",-,confirmed_sink,False,0.0,False,1,1,0,47060.0,0.0,1,0,0.0,-1.0,0.0,1,0,0.00029545,0.0,-,0.1319,0.1023,0.0734,0.0333,0.0
100000008768896100,terminal,0.754,11,0.3409,"Получил 47 тыс ₸ от 1 плательщика (1 перевод), дальше ушло 0%; seed среди плательщиков: 1",1321,"R5: out/in=0.00≤0.1, in=47 тыс ₸",-,confirmed_sink,False,0.0,False,1,1,0,47060.0,0.0,1,0,0.0,-1.0,0.0,1,0,0.00029545,0.0,-,0.1319,0.1023,0.0734,0.0333,0.0
100000003888527100,terminal,0.75,44,0.3404,"Получил 30 тыс ₸ от 1 плательщика (1 перевод), дальше ушло 0%",1322,"R5: out/in=0.00≤0.1, in=30 тыс ₸",-,confirmed_sink,False,0.0,False,3,1,0,30000.0,0.0,1,0,0.0,-1.0,0.0,0,0,0.00036667,0.0,-,0.1312,0.0771,0.1321,0.0,0.0
100000005189258100,terminal,0.738,3,0.34,"4-е колено, исходящие не выгружены; получил 50 тыс ₸ от 1 плательщика (1 перевод). У узлов колен 1–3 с таким профилем пересылают дальше 26%",1323,T4: p_forward=0.26<0.5 (оценка по коленам 1–3),transit,truncated_depth,True,0.262,False,4,1,0,50000.0,0.0,1,0,0.0,-1.0,0.0,0,0,0.00031598,0.0,truncated,0.1291,0.1071,0.1037,0.0,0.0
100000000967918100,terminal,0.75,1,0.34,"Получил 21 тыс ₸ от 1 плательщика (3 перевода), дальше ушло 0%",1324,"R5: out/in=0.00≤0.1, in=21 тыс ₸",-,confirmed_sink,False,0.0,False,2,1,0,21200.0,0.0,3,0,0.0,-1.0,0.0,0,0,0.00047927,0.0,-,0.1312,0.0562,0.1525,0.0,0.0
100000003888197100,terminal,0.764,3,0.3399,"Получил 83 тыс ₸ от 1 плательщика (1 перевод), дальше ушло 0%",1325,"R5: out/in=0.00≤0.1, in=83 тыс ₸",-,confirmed_sink,False,0.0,False,3,1,0,83167.0,0.0,1,0,0.0,-1.0,0.0,0,0,0.00028826,0.0,-,0.1337,0.1328,0.0734,0.0,0.0
100000008071620100,terminal,0.754,1,0.3399,"Получил 47 тыс ₸ от 1 плательщика (1 перевод), дальше ушло 0%; seed среди плательщиков: 1",1326,"R5: out/in=0.00≤0.1, in=47 тыс ₸",-,confirmed_sink,False,0.0,False,1,1,0,46968.0,0.0,1,0,0.0,-1.0,0.0,1,0,0.00029438,0.0,-,0.1319,0.1012,0.0734,0.0333,0.0
100000005317181100,peripheral,0.337,1,0.3396,"Смешанный профиль: получил 141 тыс ₸ от 1 плательщика (1 перевод), отправил 14 тыс ₸ 1 получателю (1 перевод); дальше ушло 10%",1327,R6: out/in=0.10 между 0.1 и 0.5,-,not_sink,False,1.0,False,3,1,1,141250.0,14500.0,1,1,0.1027,0.0,0.0,0,0,0.00032242,1.922e-05,-,0.0118,0.1658,0.162,0.0,0.0
100000005932987100,terminal,0.75,35,0.3396,"Получил 25 тыс ₸ от 1 плательщика (3 перевода), дальше ушло 0%",1328,"R5: out/in=0.00≤0.1, in=25 тыс ₸",-,confirmed_sink,False,0.0,False,2,1,0,25000.0,0.0,3,0,0.0,-1.0,0.0,0,0,0.00041181,0.0,-,0.1312,0.0651,0.1432,0.0,0.0
100000004750321100,terminal,0.755,12,0.3394,"Получил 50 тыс ₸ от 2 плательщиков (2 перевода), дальше ушло 0%",1329,"R5: out/in=0.00≤0.1, in=50 тыс ₸",-,confirmed_sink,False,0.0,False,3,2,0,50185.0,0.0,2,0,0.0,-1.0,0.0,0,0,0.00031254,0.0,-,0.1321,0.1089,0.0984,0.0,0.0
100000007754369100,terminal,0.764,1,0.339,"Получил 82 тыс ₸ от 1 плательщика (1 перевод), дальше ушло 0%",1330,"R5: out/in=0.00≤0.1, in=82 тыс ₸",-,confirmed_sink,False,0.0,False,3,1,0,82424.0,0.0,1,0,0.0,-1.0,0.0,0,0,0.00029288,0.0,-,0.1337,0.1319,0.0734,0.0,0.0
100000002847207100,terminal,0.754,5,0.339,"Получил 46 тыс ₸ от 1 плательщика (1 перевод), дальше ушло 0%; seed среди плательщиков: 1",1331,"R5: out/in=0.00≤0.1, in=46 тыс ₸",-,confirmed_sink,False,0.0,False,1,1,0,46243.0,0.0,1,0,0.0,-1.0,0.0,1,0,0.00029483,0.0,-,0.1319,0.1003,0.0734,0.0333,0.0
100000008727982100,terminal,0.598,24,0.3386,"4-е колено, исходящие не выгружены; получил 30 тыс ₸ от 1 плательщика (2 перевода). У узлов колен 1–3 с таким профилем пересылают дальше 40%",1332,T4: p_forward=0.40<0.5 (оценка по коленам 1–3),transit,truncated_depth,True,0.402,False,4,1,0,30000.0,0.0,2,0,0.0,-1.0,0.0,0,0,0.00051385,0.0,truncated,0.1046,0.0771,0.1569,0.0,0.0
100000006612238100,peripheral,0.308,11,0.3381,"Смешанный профиль: получил 160 тыс ₸ от 1 плательщика (1 перевод), отправил 25 тыс ₸ 1 получателю (1 перевод); дальше ушло 16%",1333,R6: out/in=0.16 между 0.1 и 0.5,-,not_sink,False,1.0,False,2,1,1,160000.0,25000.0,1,1,0.1562,0.1562,0.0,0,0,0.00033991,0.0,in_cycle,0.0108,0.1731,0.1209,0.0,0.0333
100000005454368100,terminal,0.755,21,0.3381,"Получил 49 тыс ₸ от 2 плательщиков (2 перевода), дальше ушло 0%",1334,"R5: out/in=0.00≤0.1, in=49 тыс ₸",-,confirmed_sink,False,0.0,True,0,2,0,48600.0,0.0,2,0,0.0,-1.0,0.0,0,0,0.00039419,0.0,-,0.1189,0.0936,0.1256,0.0,0.0
100000000737152100,terminal,0.738,1,0.3379,"4-е колено, исходящие не выгружены; получил 35 тыс ₸ от 1 плательщика (1 перевод). У узлов колен 1–3 с таким профилем пересылают дальше 26%",1335,T4: p_forward=0.26<0.5 (оценка по коленам 1–3),transit,truncated_depth,True,0.262,False,4,1,0,35000.0,0.0,1,0,0.0,-1.0,0.0,0,0,0.00034451,0.0,truncated,0.1291,0.0859,0.1229,0.0,0.0
100000001379511100,terminal,0.756,2,0.3378,"Получил 55 тыс ₸ от 1 плательщика (1 перевод), дальше ушло 0%",1336,"R5: out/in=0.00≤0.1, in=55 тыс ₸",-,confirmed_sink,False,0.0,False,3,1,0,55000.0,0.0,1,0,0.0,-1.0,0.0,0,0,0.00030729,0.0,-,0.1323,0.1149,0.0907,0.0,0.0
100000002487222100,terminal,0.598,3,0.3377,"4-е колено, исходящие не выгружены; получил 90 тыс ₸ от 1 плательщика (2 перевода). У узлов колен 1–3 с таким профилем пересылают дальше 40%",1337,T4: p_forward=0.40<0.5 (оценка по коленам 1–3),transit,truncated_depth,True,0.402,False,4,1,0,90000.0,0.0,2,0,0.0,-1.0,0.0,0,0,0.00031043,0.0,truncated,0.1046,0.1378,0.0952,0.0,0.0
100000002621434100,terminal,0.763,2,0.3377,"Получил 81 тыс ₸ от 1 плательщика (1 перевод), дальше ушло 0%",1338,"R5: out/in=0.00≤0.1, in=81 тыс ₸",-,confirmed_sink,False,0.0,False,3,1,0,81000.0,0.0,1,0,0.0,-1.0,0.0,0,0,0.00028974,0.0,-,0.1335,0.1307,0.0734,0.0,0.0
100000005723580100,terminal,0.738,2,0.3377,"4-е колено, исходящие не выгружены; получил 35 тыс ₸ от 1 плательщика (1 перевод). У узлов колен 1–3 с таким профилем пересылают дальше 26%",1339,T4: p_forward=0.26<0.5 (оценка по коленам 1–3),transit,truncated_depth,True,0.262,False,4,1,0,35000.0,0.0,1,0,0.0,-1.0,0.0,0,0,0.00034434,0.0,truncated,0.1291,0.0859,0.1227,0.0,0.0
100000000634341100,terminal,0.598,1,0.3376,"4-е колено, исходящие не выгружены; получил 24 тыс ₸ от 1 плательщика (2 перевода). У узлов колен 1–3 с таким профилем пересылают дальше 40%",1340,T4: p_forward=0.40<0.5 (оценка по коленам 1–3),transit,truncated_depth,True,0.402,False,4,1,0,24000.0,0.0,2,0,0.0,-1.0,0.0,0,0,0.00055494,0.0,truncated,0.1046,0.0621,0.1709,0.0,0.0
100000008728457100,terminal,0.754,14,0.3375,"Получил 45 тыс ₸ от 1 плательщика (1 перевод), дальше ушло 0%; seed среди плательщиков: 1",1341,"R5: out/in=0.00≤0.1, in=45 тыс ₸",-,confirmed_sink,False,0.0,False,1,1,0,45000.0,0.0,1,0,0.0,-1.0,0.0,1,0,0.00029239,0.0,-,0.1319,0.0988,0.0734,0.0333,0.0
100000007140834100,terminal,0.75,7,0.3373,"Получил 10 тыс ₸ от 1 плательщика (2 перевода), дальше ушло 0%",1342,"R5: out/in=0.00≤0.1, in=10 тыс ₸",-,confirmed_sink,False,0.0,False,3,1,0,10200.0,0.0,2,0,0.0,-1.0,0.0,0,0,0.00071226,0.0,-,0.1312,0.0234,0.1827,0.0,0.0
100000007018630100,transit,0.588,58,0.3371,Seed: входящие вне выгрузки; отправил 200 тыс ₸ 1 получателю (5 переводов) — передаёт средства дальше по цепочке,1343,"R4s: seed с исходящими, входящие не наблюдаются",-,not_sink,False,1.0,True,0,0,1,0.0,200000.0,0,5,-1.0,-1.0,200000.0,0,0,0.00028557,0.0,-,0.1111,0.1599,0.0661,0.0,0.0
100000003486846100,terminal,0.598,6,0.3369,"4-е колено, исходящие не выгружены; получил 27 тыс ₸ от 1 плательщика (2 перевода). У узлов колен 1–3 с таким профилем пересылают дальше 40%",1344,T4: p_forward=0.40<0.5 (оценка по коленам 1–3),transit,truncated_depth,True,0.402,False,4,1,0,27000.0,0.0,2,0,0.0,-1.0,0.0,0,0,0.00053114,0.0,truncated,0.1046,0.0713,0.1609,0.0,0.0
100000002938501100,transit,0.548,6,0.3366,"Получил 8 тыс ₸ от 1 плательщика (1 перевод), отправил 5 тыс ₸ 1 получателю (1 перевод); дальше ушло 60%; seed среди плательщиков: 1",1345,R4: out/in=0.60≥0.5,-,not_sink,False,1.0,False,1,1,1,8395.0,5000.0,1,1,0.5956,0.0,0.0,1,0,0.00028647,1.794e-05,-,0.1151,0.0298,0.1584,0.0333,0.0
100000005413948100,peripheral,0.667,2,0.3365,"Смешанный профиль: получил 28 тыс ₸ от 2 плательщиков (2 перевода), отправил 5 тыс ₸ 1 получателю (1 перевод); дальше ушло 18%",1346,R6: out/in=0.18 между 0.1 и 0.5,-,not_sink,False,1.0,False,2,2,1,28215.0,5000.0,2,1,0.1772,0.0,0.0,0,0,0.00185204,2.18e-05,in_cycle,0.0233,0.0832,0.1966,0.0,0.0333
100000006994985100,peripheral,0.531,7,0.3363,"Смешанный профиль: получил 48 тыс ₸ от 1 плательщика (2 перевода), отправил 10 тыс ₸ 1 получателю (2 перевода); дальше ушло 21%",1347,R6: out/in=0.21 между 0.1 и 0.5,-,not_sink,False,1.0,False,2,1,1,48500.0,10200.0,2,2,0.2103,0.2103,0.0,0,0,0.00050133,1.962e-05,repeat_route,0.0186,0.1173,0.1671,0.0,0.0333
100000000978041100,terminal,0.754,11,0.3359,"Получил 44 тыс ₸ от 1 плательщика (1 перевод), дальше ушло 0%; seed среди плательщиков: 1",1348,"R5: out/in=0.00≤0.1, in=44 тыс ₸",-,confirmed_sink,False,0.0,False,1,1,0,44445.0,0.0,1,0,0.0,-1.0,0.0,1,0,0.0002949,0.0,-,0.1319,0.0972,0.0734,0.0333,0.0
100000004254434100,terminal,0.754,11,0.3359,"Получил 44 тыс ₸ от 1 плательщика (2 перевода), дальше ушло 0%; seed среди плательщиков: 1",1349,"R5: out/in=0.00≤0.1, in=44 тыс ₸",-,confirmed_sink,False,0.0,False,1,1,0,44445.0,0.0,2,0,0.0,-1.0,0.0,1,0,0.0002949,0.0,-,0.1319,0.0972,0.0734,0.0333,0.0
100000008744849100,terminal,0.754,11,0.3359,"Получил 44 тыс ₸ от 1 плательщика (1 перевод), дальше ушло 0%; seed среди плательщиков: 1",1350,"R5: out/in=0.00≤0.1, in=44 тыс ₸",-,confirmed_sink,False,0.0,False,1,1,0,44445.0,0.0,1,0,0.0,-1.0,0.0,1,0,0.0002949,0.0,-,0.1319,0.0972,0.0734,0.0333,0.0
100000003068941100,peripheral,0.386,1,0.3355,"Смешанный профиль: получил 94 тыс ₸ от 3 плательщиков (3 перевода), отправил 25 тыс ₸ 1 получателю (2 перевода); дальше ушло 27%",1351,R6: out/in=0.27 между 0.1 и 0.5,-,not_sink,False,1.0,False,2,3,1,94000.0,25000.0,3,2,0.266,0.266,0.0,0,0,0.00032017,1.981e-05,-,0.0135,0.1536,0.1684,0.0,0.0
100000005530114100,peripheral,0.331,17,0.3354,"Смешанный профиль: получил 137 тыс ₸ от 2 плательщиков (2 перевода), отправил 25 тыс ₸ 1 получателю (1 перевод); дальше ушло 18%",1352,R6: out/in=0.18 между 0.1 и 0.5,-,not_sink,False,1.0,False,3,2,1,136970.0,25000.0,2,1,0.1825,0.1825,0.0,0,0,0.00049487,4.46e-06,-,0.0116,0.1673,0.1565,0.0,0.0
100000008712827100,terminal,0.762,11,0.3354,"Получил 76 тыс ₸ от 1 плательщика (1 перевод), дальше ушло 0%",1353,"R5: out/in=0.00≤0.1, in=76 тыс ₸",-,confirmed_sink,False,0.0,False,3,1,0,76000.0,0.0,1,0,0.0,-1.0,0.0,0,0,0.00029743,0.0,-,0.1334,0.1287,0.0734,0.0,0.0
100000003016773100,terminal,0.754,2,0.3354,"Получил 47 тыс ₸ от 1 плательщика (1 перевод), дальше ушло 0%",1354,"R5: out/in=0.00≤0.1, in=47 тыс ₸",-,confirmed_sink,False,0.0,False,2,1,0,46555.0,0.0,1,0,0.0,-1.0,0.0,0,0,0.0003148,0.0,-,0.1319,0.1009,0.1026,0.0,0.0
100000008701256100,terminal,0.757,8,0.335,"Получил 58 тыс ₸ от 1 плательщика (1 перевод), дальше ушло 0%",1355,"R5: out/in=0.00≤0.1, in=58 тыс ₸",-,confirmed_sink,False,0.0,False,2,1,0,58250.0,0.0,1,0,0.0,-1.0,0.0,0,0,0.00030374,0.0,-,0.1325,0.117,0.0855,0.0,0.0
100000001835625100,terminal,0.762,3,0.3349,"Получил 75 тыс ₸ от 1 плательщика (1 перевод), дальше ушло 0%",1356,"R5: out/in=0.00≤0.1, in=75 тыс ₸",-,confirmed_sink,False,0.0,False,3,1,0,75130.0,0.0,1,0,0.0,-1.0,0.0,0,0,0.000288,0.0,-,0.1334,0.1281,0.0734,0.0,0.0
100000008661585100,terminal,0.753,11,0.3346,"Получил 43 тыс ₸ от 1 плательщика (1 перевод), дальше ушло 0%; seed среди плательщиков: 1",1357,"R5: out/in=0.00≤0.1, in=43 тыс ₸",-,confirmed_sink,False,0.0,False,1,1,0,43141.0,0.0,1,0,0.0,-1.0,0.0,1,0,0.00029462,0.0,-,0.1318,0.0961,0.0734,0.0333,0.0
100000002537811100,peripheral,0.506,14,0.3343,"Смешанный профиль: получил 52 тыс ₸ от 1 плательщика (1 перевод), отправил 15 тыс ₸ 1 получателю (1 перевод); дальше ушло 29%",1358,R6: out/in=0.29 между 0.1 и 0.5,-,not_sink,False,1.0,False,3,1,1,52000.0,15000.0,1,1,0.2885,0.0,0.0,0,0,0.00123138,2.635e-05,-,0.0177,0.1236,0.1931,0.0,0.0
100000005142589100,terminal,0.755,1,0.3342,"Получил 50 тыс ₸ от 1 плательщика (2 перевода), дальше ушло 0%",1359,"R5: out/in=0.00≤0.1, in=50 тыс ₸",-,confirmed_sink,False,0.0,False,2,1,0,50000.0,0.0,2,0,0.0,-1.0,0.0,0,0,0.00031037,0.0,-,0.1321,0.1071,0.095,0.0,0.0
100000002488629100,terminal,0.761,7,0.334,"Получил 73 тыс ₸ от 1 плательщика (1 перевод), дальше ушло 0%",1360,"R5: out/in=0.00≤0.1, in=73 тыс ₸",-,confirmed_sink,False,0.0,False,2,1,0,73050.0,0.0,1,0,0.0,-1.0,0.0,0,0,0.00029941,0.0,-,0.1332,0.1268,0.074,0.0,0.0
100000002182176100,terminal,0.753,1,0.334,"Получил 42 тыс ₸ от 1 плательщика (1 перевод), дальше ушло 0%; seed среди плательщиков: 1",1361,"R5: out/in=0.00≤0.1, in=42 тыс ₸",-,confirmed_sink,False,0.0,False,1,1,0,42465.0,0.0,1,0,0.0,-1.0,0.0,1,0,0.00029354,0.0,-,0.1318,0.0955,0.0734,0.0333,0.0
100000008718811100,terminal,0.761,11,0.3337,"Получил 73 тыс ₸ от 1 плательщика (1 перевод), дальше ушло 0%",1362,"R5: out/in=0.00≤0.1, in=73 тыс ₸",-,confirmed_sink,False,0.0,False,3,1,0,73300.0,0.0,1,0,0.0,-1.0,0.0,0,0,0.00029701,0.0,-,0.1332,0.1271,0.0734,0.0,0.0
100000003044431100,terminal,0.758,5,0.3337,"Получил 60 тыс ₸ от 2 плательщиков (2 перевода), дальше ушло 0%",1363,"R5: out/in=0.00≤0.1, in=60 тыс ₸",-,confirmed_sink,False,0.0,False,2,2,0,60000.0,0.0,2,0,0.0,-1.0,0.0,0,0,0.00030246,0.0,-,0.1326,0.1187,0.0824,0.0,0.0
100000001853812100,terminal,0.76,8,0.3336,"Получил 70 тыс ₸ от 1 плательщика (1 перевод), дальше ушло 0%",1364,"R5: out/in=0.00≤0.1, in=70 тыс ₸",-,confirmed_sink,False,0.0,False,3,1,0,70000.0,0.0,1,0,0.0,-1.0,0.0,0,0,0.00029981,0.0,-,0.133,0.1251,0.0755,0.0,0.0
100000008205937100,terminal,0.751,21,0.3334,"Получил 35 тыс ₸ от 1 плательщика (3 перевода), дальше ушло 0%",1365,"R5: out/in=0.00≤0.1, in=35 тыс ₸",-,confirmed_sink,False,0.0,False,2,1,0,35000.0,0.0,3,0,0.0,-1.0,0.0,0,0,0.00033165,0.0,-,0.1314,0.0859,0.1161,0.0,0.0
100000001740277100,transit,0.652,7,0.3334,"Получил 9 тыс ₸ от 1 плательщика (1 перевод), отправил 5 тыс ₸ 1 получателю (1 перевод); дальше ушло 57%; 57% полученного ушло за ≤2 дн",1366,R4: out/in=0.57≥0.5,-,not_sink,False,1.0,False,3,1,1,8700.0,5000.0,1,1,0.5747,0.5747,0.0,0,0,0.00036969,0.0,in_cycle,0.1369,0.0302,0.1329,0.0,0.0333
100000008717340100,terminal,0.753,11,0.3331,"Получил 42 тыс ₸ от 1 плательщика (1 перевод), дальше ушло 0%; seed среди плательщиков: 1",1367,"R5: out/in=0.00≤0.1, in=42 тыс ₸",-,confirmed_sink,False,0.0,False,1,1,0,41500.0,0.0,1,0,0.0,-1.0,0.0,1,0,0.00029428,0.0,-,0.1318,0.0946,0.0734,0.0333,0.0
100000005079473100,terminal,0.738,8,0.3331,"4-е колено, исходящие не выгружены; получил 39 тыс ₸ от 1 плательщика (1 перевод). У узлов колен 1–3 с таким профилем пересылают дальше 26%",1368,T4: p_forward=0.26<0.5 (оценка по коленам 1–3),transit,truncated_depth,True,0.262,False,4,1,0,39312.0,0.0,1,0,0.0,-1.0,0.0,0,0,0.00032601,0.0,truncated,0.1291,0.0913,0.1126,0.0,0.0
100000004261340100,terminal,0.598,1,0.3329,"4-е колено, исходящие не выгружены; получил 48 тыс ₸ от 1 плательщика (4 перевода). У узлов колен 1–3 с таким профилем пересылают дальше 40%",1369,T4: p_forward=0.40<0.5 (оценка по коленам 1–3),transit,truncated_depth,True,0.402,False,4,1,0,48500.0,0.0,4,0,0.0,-1.0,0.0,0,0,0.00034739,0.0,truncated,0.1046,0.1038,0.1245,0.0,0.0
100000001052789100,terminal,0.761,16,0.3328,"Получил 71 тыс ₸ от 1 плательщика (1 перевод), дальше ушло 0%",1370,"R5: out/in=0.00≤0.1, in=71 тыс ₸",-,confirmed_sink,False,0.0,False,3,1,0,70975.0,0.0,1,0,0.0,-1.0,0.0,0,0,0.00029771,0.0,-,0.1332,0.1262,0.0734,0.0,0.0
100000005572303100,peripheral,0.433,6,0.3325,"Смешанный профиль: получил 75 тыс ₸ от 1 плательщика (1 перевод), отправил 20 тыс ₸ 1 получателю (1 перевод); дальше ушло 27%",1371,R6: out/in=0.27 между 0.1 и 0.5,-,not_sink,False,1.0,False,2,1,1,75000.0,20000.0,1,1,0.2667,0.0,0.0,0,0,0.00031328,3.844e-05,-,0.0152,0.1416,0.1758,0.0,0.0
100000008745474100,terminal,0.753,11,0.3325,"Получил 41 тыс ₸ от 1 плательщика (1 перевод), дальше ушло 0%; seed среди плательщиков: 1",1372,"R5: out/in=0.00≤0.1, in=41 тыс ₸",-,confirmed_sink,False,0.0,False,1,1,0,40559.0,0.0,1,0,0.0,-1.0,0.0,1,0,0.00029408,0.0,-,0.1318,0.094,0.0734,0.0333,0.0
100000001380986100,terminal,0.76,12,0.3323,"Получил 70 тыс ₸ от 1 плательщика (1 перевод), дальше ушло 0%",1373,"R5: out/in=0.00≤0.1, in=70 тыс ₸",-,confirmed_sink,False,0.0,False,2,1,0,70170.0,0.0,1,0,0.0,-1.0,0.0,0,0,0.00029217,0.0,-,0.133,0.1259,0.0734,0.0,0.0
100000008237827100,terminal,0.753,5,0.3318,"Получил 40 тыс ₸ от 1 плательщика (1 перевод), дальше ушло 0%; seed среди плательщиков: 1",1374,"R5: out/in=0.00≤0.1, in=40 тыс ₸",-,confirmed_sink,False,0.0,False,1,1,0,40001.0,0.0,1,0,0.0,-1.0,0.0,1,0,0.00029358,0.0,-,0.1318,0.0933,0.0734,0.0333,0.0
100000003610172100,terminal,0.76,3,0.3315,"Получил 70 тыс ₸ от 1 плательщика (1 перевод), дальше ушло 0%",1375,"R5: out/in=0.00≤0.1, in=70 тыс ₸",-,confirmed_sink,False,0.0,False,3,1,0,70000.0,0.0,1,0,0.0,-1.0,0.0,0,0,0.00028784,0.0,-,0.133,0.1251,0.0734,0.0,0.0
100000005417257100,transit,0.539,33,0.3315,Seed: входящие вне выгрузки; отправил 106 тыс ₸ 2 получателям (2 перевода) — передаёт средства дальше по цепочке,1376,"R4s: seed с исходящими, входящие не наблюдаются",-,not_sink,False,1.0,True,0,0,2,0.0,106000.0,0,2,-1.0,-1.0,106000.0,0,1,0.00028557,0.0,-,0.1019,0.1336,0.0661,0.03,0.0
100000003724440100,terminal,0.755,5,0.3311,"Получил 50 тыс ₸ от 2 плательщиков (2 перевода), дальше ушло 0%",1377,"R5: out/in=0.00≤0.1, in=50 тыс ₸",-,confirmed_sink,False,0.0,False,2,2,0,50000.0,0.0,2,0,0.0,-1.0,0.0,0,0,0.00030809,0.0,-,0.1321,0.1071,0.0919,0.0,0.0
100000003877908100,terminal,0.753,5,0.3311,"Получил 40 тыс ₸ от 1 плательщика (1 перевод), дальше ушло 0%; seed среди плательщиков: 1",1378,"R5: out/in=0.00≤0.1, in=40 тыс ₸",-,confirmed_sink,False,0.0,False,1,1,0,40000.0,0.0,1,0,0.0,-1.0,0.0,1,0,0.00029358,0.0,-,0.1318,0.0926,0.0734,0.0333,0.0
100000004509286100,terminal,0.753,5,0.3311,"Получил 40 тыс ₸ от 1 плательщика (1 перевод), дальше ушло 0%; seed среди плательщиков: 1",1379,"R5: out/in=0.00≤0.1, in=40 тыс ₸",-,confirmed_sink,False,0.0,False,1,1,0,40000.0,0.0,1,0,0.0,-1.0,0.0,1,0,0.00029358,0.0,-,0.1318,0.0926,0.0734,0.0333,0.0
100000006369769100,terminal,0.753,11,0.3311,"Получил 40 тыс ₸ от 1 плательщика (1 перевод), дальше ушло 0%; seed среди плательщиков: 1",1380,"R5: out/in=0.00≤0.1, in=40 тыс ₸",-,confirmed_sink,False,0.0,False,1,1,0,40000.0,0.0,1,0,0.0,-1.0,0.0,1,0,0.00029396,0.0,-,0.1318,0.0926,0.0734,0.0333,0.0
100000002492277100,terminal,0.467,5,0.3307,"Получил 138 тыс ₸ от 1 плательщика (1 перевод), дальше ушло 0%; 100% поступило 30–31 июля — август не виден",1381,"R5: out/in=0.00≤0.1, in=138 тыс ₸",-,truncated_time,False,0.0,False,2,1,0,138500.0,0.0,1,0,0.0,-1.0,0.0,0,0,0.0003074,0.0,late_inflow,0.0817,0.1581,0.0908,0.0,0.0
100000008703533100,terminal,0.738,2,0.3304,"4-е колено, исходящие не выгружены; получил 75 тыс ₸ от 1 плательщика (1 перевод). У узлов колен 1–3 с таким профилем пересылают дальше 26%",1382,T4: p_forward=0.26<0.5 (оценка по коленам 1–3),transit,truncated_depth,True,0.262,False,4,1,0,75000.0,0.0,1,0,0.0,-1.0,0.0,0,0,0.00029553,0.0,truncated,0.1291,0.1279,0.0734,0.0,0.0
100000004991593100,terminal,0.598,8,0.3303,"4-е колено, исходящие не выгружены; получил 45 тыс ₸ от 1 плательщика (2 перевода). У узлов колен 1–3 с таким профилем пересылают дальше 40%",1383,T4: p_forward=0.40<0.5 (оценка по коленам 1–3),transit,truncated_depth,True,0.402,False,4,1,0,45000.0,0.0,2,0,0.0,-1.0,0.0,0,0,0.00035489,0.0,truncated,0.1046,0.0988,0.1269,0.0,0.0
100000008686234100,terminal,0.753,1,0.3303,"Получил 40 тыс ₸ от 1 плательщика (1 перевод), дальше ушло 0%; seed среди плательщиков: 1",1384,"R5: out/in=0.00≤0.1, in=40 тыс ₸",-,confirmed_sink,False,0.0,False,1,1,0,39778.0,0.0,1,0,0.0,-1.0,0.0,1,0,0.00029303,0.0,-,0.1318,0.0917,0.0734,0.0333,0.0
100000006706519100,terminal,0.598,1,0.3302,"4-е колено, исходящие не выгружены; получил 36 тыс ₸ от 1 плательщика (3 перевода). У узлов колен 1–3 с таким профилем пересылают дальше 40%",1385,T4: p_forward=0.40<0.5 (оценка по коленам 1–3),transit,truncated_depth,True,0.402,False,4,1,0,36000.0,0.0,3,0,0.0,-1.0,0.0,0,0,0.00039071,0.0,truncated,0.1046,0.0876,0.138,0.0,0.0
100000007938486100,terminal,0.752,11,0.33,"Получил 40 тыс ₸ от 1 плательщика (1 перевод), дальше ушло 0%; seed среди плательщиков: 1",1386,"R5: out/in=0.00≤0.1, in=40 тыс ₸",-,confirmed_sink,False,0.0,False,1,1,0,39500.0,0.0,1,0,0.0,-1.0,0.0,1,0,0.00029386,0.0,-,0.1316,0.0916,0.0734,0.0333,0.0
100000008735384100,terminal,0.752,11,0.3295,"Получил 39 тыс ₸ от 1 плательщика (1 перевод), дальше ушло 0%; seed среди плательщиков: 1",1387,"R5: out/in=0.00≤0.1, in=39 тыс ₸",-,confirmed_sink,False,0.0,False,1,1,0,39220.0,0.0,1,0,0.0,-1.0,0.0,1,0,0.0002938,0.0,-,0.1316,0.0912,0.0734,0.0333,0.0
100000007797290100,peripheral,0.384,1,0.3294,"Смешанный профиль: получил 100 тыс ₸ от 1 плательщика (1 перевод), отправил 20 тыс ₸ 1 получателю (1 перевод); дальше ушло 20%",1388,R6: out/in=0.20 между 0.1 и 0.5,-,not_sink,False,1.0,False,2,1,1,100000.0,20000.0,1,1,0.2,0.0,0.0,0,0,0.00030113,1.922e-05,-,0.0134,0.154,0.162,0.0,0.0
100000008771819100,terminal,0.752,11,0.3291,"Получил 39 тыс ₸ от 1 плательщика (1 перевод), дальше ушло 0%; seed среди плательщиков: 1",1389,"R5: out/in=0.00≤0.1, in=39 тыс ₸",-,confirmed_sink,False,0.0,False,1,1,0,38900.0,0.0,1,0,0.0,-1.0,0.0,1,0,0.00029373,0.0,-,0.1316,0.0907,0.0734,0.0333,0.0
100000008712991100,terminal,0.759,11,0.329,"Получил 66 тыс ₸ от 1 плательщика (1 перевод), дальше ушло 0%",1390,"R5: out/in=0.00≤0.1, in=66 тыс ₸",-,confirmed_sink,False,0.0,False,3,1,0,66100.0,0.0,1,0,0.0,-1.0,0.0,0,0,0.00029589,0.0,-,0.1328,0.1228,0.0734,0.0,0.0
100000001307612100,terminal,0.752,11,0.3289,"Получил 38 тыс ₸ от 1 плательщика (1 перевод), дальше ушло 0%; seed среди плательщиков: 1",1391,"R5: out/in=0.00≤0.1, in=38 тыс ₸",-,confirmed_sink,False,0.0,False,1,1,0,38483.0,0.0,1,0,0.0,-1.0,0.0,1,0,0.00029365,0.0,-,0.1316,0.0905,0.0734,0.0333,0.0
100000002896506100,terminal,0.738,3,0.3285,"4-е колено, исходящие не выгружены; получил 45 тыс ₸ от 1 плательщика (1 перевод). У узлов колен 1–3 с таким профилем пересылают дальше 26%",1392,T4: p_forward=0.26<0.5 (оценка по коленам 1–3),transit,truncated_depth,True,0.262,False,4,1,0,45000.0,0.0,1,0,0.0,-1.0,0.0,0,0,0.00031363,0.0,truncated,0.1291,0.0988,0.1005,0.0,0.0
100000007274584100,terminal,0.752,5,0.3285,"Получил 38 тыс ₸ от 1 плательщика (1 перевод), дальше ушло 0%; seed среди плательщиков: 1",1393,"R5: out/in=0.00≤0.1, in=38 тыс ₸",-,confirmed_sink,False,0.0,False,1,1,0,38000.0,0.0,1,0,0.0,-1.0,0.0,1,0,0.00029318,0.0,-,0.1316,0.0902,0.0734,0.0333,0.0
100000004664515100,terminal,0.752,1,0.3281,"Получил 38 тыс ₸ от 1 плательщика (1 перевод), дальше ушло 0%; seed среди плательщиков: 1",1394,"R5: out/in=0.00≤0.1, in=38 тыс ₸",-,confirmed_sink,False,0.0,False,1,1,0,37691.0,0.0,1,0,0.0,-1.0,0.0,1,0,0.00029264,0.0,-,0.1316,0.0897,0.0734,0.0333,0.0
100000002891765100,terminal,0.757,10,0.3278,"Получил 56 тыс ₸ от 1 плательщика (1 перевод), дальше ушло 0%",1395,"R5: out/in=0.00≤0.1, in=56 тыс ₸",-,confirmed_sink,False,0.0,False,3,1,0,55576.0,0.0,1,0,0.0,-1.0,0.0,0,0,0.00030128,0.0,-,0.1325,0.1155,0.0798,0.0,0.0
100000006789108100,terminal,0.752,14,0.3277,"Получил 38 тыс ₸ от 1 плательщика (1 перевод), дальше ушло 0%; seed среди плательщиков: 1",1396,"R5: out/in=0.00≤0.1, in=38 тыс ₸",-,confirmed_sink,False,0.0,False,1,1,0,37500.0,0.0,1,0,0.0,-1.0,0.0,1,0,0.00029126,0.0,-,0.1316,0.0894,0.0734,0.0333,0.0
100000008687671100,terminal,0.752,11,0.3277,"Получил 38 тыс ₸ от 1 плательщика (1 перевод), дальше ушло 0%; seed среди плательщиков: 1",1397,"R5: out/in=0.00≤0.1, in=38 тыс ₸",-,confirmed_sink,False,0.0,False,1,1,0,37500.0,0.0,1,0,0.0,-1.0,0.0,1,0,0.00029344,0.0,-,0.1316,0.0894,0.0734,0.0333,0.0
100000005608515100,terminal,0.759,7,0.3273,"Получил 64 тыс ₸ от 1 плательщика (4 перевода), дальше ушло 0%",1398,"R5: out/in=0.00≤0.1, in=64 тыс ₸",-,confirmed_sink,False,0.0,False,2,1,0,64000.0,0.0,4,0,0.0,-1.0,0.0,0,0,0.00029316,0.0,-,0.1328,0.1211,0.0734,0.0,0.0
100000006111442100,terminal,0.759,2,0.3273,"Получил 64 тыс ₸ от 1 плательщика (1 перевод), дальше ушло 0%",1399,"R5: out/in=0.00≤0.1, in=64 тыс ₸",-,confirmed_sink,False,0.0,False,3,1,0,64000.0,0.0,1,0,0.0,-1.0,0.0,0,0,0.00029553,0.0,-,0.1328,0.1211,0.0734,0.0,0.0
100000000942301100,terminal,0.757,1,0.3271,"Получил 58 тыс ₸ от 1 плательщика (2 перевода), дальше ушло 0%",1400,"R5: out/in=0.00≤0.1, in=58 тыс ₸",-,confirmed_sink,False,0.0,False,3,1,0,57580.0,0.0,2,0,0.0,-1.0,0.0,0,0,0.00030059,0.0,-,0.1325,0.1168,0.0778,0.0,0.0
100000007510567100,terminal,0.738,12,0.3269,"4-е колено, исходящие не выгружены; получил 52 тыс ₸ от 1 плательщика (1 перевод). У узлов колен 1–3 с таким профилем пересылают дальше 26%",1401,T4: p_forward=0.26<0.5 (оценка по коленам 1–3),transit,truncated_depth,True,0.262,False,4,1,0,52000.0,0.0,1,0,0.0,-1.0,0.0,0,0,0.00030503,0.0,truncated,0.1291,0.1108,0.0869,0.0,0.0
100000008680912100,peripheral,0.56,8,0.3269,"Смешанный профиль: получил 45 тыс ₸ от 1 плательщика (2 перевода), отправил 6 тыс ₸ 1 получателю (1 перевод); дальше ушло 13%",1402,R6: out/in=0.13 между 0.1 и 0.5,-,not_sink,False,1.0,False,3,1,1,45112.0,5990.85,2,1,0.1328,0.1328,0.0,0,0,0.00053518,0.0,in_cycle,0.0196,0.11,0.164,0.0,0.0333
100000002211413100,terminal,0.752,11,0.3269,"Получил 37 тыс ₸ от 1 плательщика (1 перевод), дальше ушло 0%; seed среди плательщиков: 1",1403,"R5: out/in=0.00≤0.1, in=37 тыс ₸",-,confirmed_sink,False,0.0,False,1,1,0,37000.0,0.0,1,0,0.0,-1.0,0.0,1,0,0.00029334,0.0,-,0.1316,0.0885,0.0734,0.0333,0.0
100000005308954100,peripheral,0.426,6,0.3268,"Смешанный профиль: получил 69 тыс ₸ от 1 плательщика (1 перевод), отправил 30 тыс ₸ 1 получателю (1 перевод); дальше ушло 43%",1404,R6: out/in=0.43 между 0.1 и 0.5,-,not_sink,False,1.0,False,3,1,1,69020.0,30000.0,1,1,0.4347,0.0,0.0,0,0,0.00035945,1.981e-05,-,0.0149,0.1435,0.1684,0.0,0.0
100000004552204100,peripheral,0.669,64,0.3268,"Смешанный профиль: получил 22 тыс ₸ от 1 плательщика (2 перевода), отправил 10 тыс ₸ 2 получателям (2 перевода); дальше ушло 44%",1405,R6: out/in=0.44 между 0.1 и 0.5,-,not_sink,False,1.0,False,3,1,2,22500.0,10000.0,2,2,0.4444,0.0,0.0,0,0,0.0008647,2.021e-05,in_cycle,0.0234,0.0826,0.1875,0.0,0.0333
100000001232297100,transit,0.537,21,0.3266,"Получил 5 тыс ₸ от 1 плательщика (1 перевод), отправил 45 тыс ₸ 2 получателям (2 перевода); отправил в 9,0× больше полученного → есть невидимые входящие",1406,R4: out/in=9.00>1.2 (невидимые входящие),-,not_sink,False,1.0,False,2,1,2,5000.0,45000.0,1,2,9.0,0.0,40000.0,0,0,0.00029215,0.0,in_cycle,0.1128,0.1071,0.0734,0.0,0.0333
100000008259451100,terminal,0.756,10,0.3265,"Получил 55 тыс ₸ от 1 плательщика (1 перевод), дальше ушло 0%",1407,"R5: out/in=0.00≤0.1, in=55 тыс ₸",-,confirmed_sink,False,0.0,False,3,1,0,55000.0,0.0,1,0,0.0,-1.0,0.0,0,0,0.00030112,0.0,-,0.1323,0.1149,0.0794,0.0,0.0
100000000961900100,terminal,0.752,1,0.3259,"Получил 36 тыс ₸ от 2 плательщиков (3 перевода), дальше ушло 0%; seed среди плательщиков: 1",1408,"R5: out/in=0.00≤0.1, in=36 тыс ₸",-,confirmed_sink,False,0.0,False,1,2,0,36000.0,0.0,3,0,0.0,-1.0,0.0,1,0,0.00029432,0.0,-,0.1316,0.0876,0.0734,0.0333,0.0
100000004687099100,terminal,0.75,7,0.3259,"Получил 30 тыс ₸ от 1 плательщика (1 перевод), дальше ушло 0%",1409,"R5: out/in=0.00≤0.1, in=30 тыс ₸",-,confirmed_sink,False,0.0,False,2,1,0,30000.0,0.0,1,0,0.0,-1.0,0.0,0,0,0.00033422,0.0,-,0.1312,0.0771,0.1176,0.0,0.0
100000008741372100,terminal,0.752,11,0.3256,"Получил 36 тыс ₸ от 1 плательщика (1 перевод), дальше ушло 0%; seed среди плательщиков: 1",1410,"R5: out/in=0.00≤0.1, in=36 тыс ₸",-,confirmed_sink,False,0.0,False,1,1,0,35975.0,0.0,1,0,0.0,-1.0,0.0,1,0,0.00029312,0.0,-,0.1316,0.0873,0.0734,0.0333,0.0
100000005901606100,terminal,0.751,11,0.3252,"Получил 36 тыс ₸ от 1 плательщика (1 перевод), дальше ушло 0%; seed среди плательщиков: 1",1411,"R5: out/in=0.00≤0.1, in=36 тыс ₸",-,confirmed_sink,False,0.0,False,1,1,0,35660.0,0.0,1,0,0.0,-1.0,0.0,1,0,0.00029305,0.0,-,0.1314,0.0871,0.0734,0.0333,0.0
100000008753193100,terminal,0.751,11,0.325,"Получил 35 тыс ₸ от 1 плательщика (1 перевод), дальше ушло 0%; seed среди плательщиков: 1",1412,"R5: out/in=0.00≤0.1, in=35 тыс ₸",-,confirmed_sink,False,0.0,False,1,1,0,35225.0,0.0,1,0,0.0,-1.0,0.0,1,0,0.00029296,0.0,-,0.1314,0.0869,0.0734,0.0333,0.0
100000008765627100,terminal,0.758,7,0.3247,"Получил 60 тыс ₸ от 1 плательщика (1 перевод), дальше ушло 0%",1413,"R5: out/in=0.00≤0.1, in=60 тыс ₸",-,confirmed_sink,False,0.0,False,2,1,0,60000.0,0.0,1,0,0.0,-1.0,0.0,0,0,0.00029694,0.0,-,0.1326,0.1187,0.0734,0.0,0.0
100000008193258100,peripheral,0.408,17,0.3242,"Смешанный профиль: получил 75 тыс ₸ от 1 плательщика (2 перевода), отправил 30 тыс ₸ 1 получателю (1 перевод); дальше ушло 40%",1414,R6: out/in=0.40 между 0.1 и 0.5,-,not_sink,False,1.0,False,3,1,1,75000.0,30000.0,2,1,0.4,0.0,0.0,0,0,0.00029737,1.922e-05,-,0.0143,0.1479,0.162,0.0,0.0
100000003832231100,terminal,0.751,5,0.3241,"Получил 35 тыс ₸ от 1 плательщика (1 перевод), дальше ушло 0%; seed среди плательщиков: 1",1415,"R5: out/in=0.00≤0.1, in=35 тыс ₸",-,confirmed_sink,False,0.0,False,1,1,0,35000.0,0.0,1,0,0.0,-1.0,0.0,1,0,0.00029258,0.0,-,0.1314,0.0859,0.0734,0.0333,0.0
100000004494983100,terminal,0.751,11,0.3241,"Получил 35 тыс ₸ от 1 плательщика (1 перевод), дальше ушло 0%; seed среди плательщиков: 1",1416,"R5: out/in=0.00≤0.1, in=35 тыс ₸",-,confirmed_sink,False,0.0,False,1,1,0,35000.0,0.0,1,0,0.0,-1.0,0.0,1,0,0.00029292,0.0,-,0.1314,0.0859,0.0734,0.0333,0.0
100000008669310100,terminal,0.758,1,0.3238,"Получил 60 тыс ₸ от 1 плательщика (2 перевода), дальше ушло 0%",1417,"R5: out/in=0.00≤0.1, in=60 тыс ₸",-,confirmed_sink,False,0.0,False,3,1,0,59567.0,0.0,2,0,0.0,-1.0,0.0,0,0,0.00028892,0.0,-,0.1326,0.1178,0.0734,0.0,0.0
100000001270470100,terminal,0.598,1,0.3236,"4-е колено, исходящие не выгружены; получил 28 тыс ₸ от 1 плательщика (2 перевода). У узлов колен 1–3 с таким профилем пересылают дальше 40%",1418,T4: p_forward=0.40<0.5 (оценка по коленам 1–3),transit,truncated_depth,True,0.402,False,4,1,0,28300.0,0.0,2,0,0.0,-1.0,0.0,0,0,0.00042974,0.0,truncated,0.1046,0.0729,0.1461,0.0,0.0
100000002589019100,terminal,0.751,28,0.3233,"Получил 35 тыс ₸ от 1 плательщика (1 перевод), дальше ушло 0%; seed среди плательщиков: 1",1419,"R5: out/in=0.00≤0.1, in=35 тыс ₸",-,confirmed_sink,False,0.0,False,1,1,0,34710.0,0.0,1,0,0.0,-1.0,0.0,1,0,0.00029133,0.0,-,0.1314,0.0852,0.0734,0.0333,0.0
100000002489253100,terminal,0.755,6,0.3231,"Получил 51 тыс ₸ от 1 плательщика (1 перевод), дальше ушло 0%",1420,"R5: out/in=0.00≤0.1, in=51 тыс ₸",-,confirmed_sink,False,0.0,False,2,1,0,51000.0,0.0,1,0,0.0,-1.0,0.0,0,0,0.00030184,0.0,-,0.1321,0.1097,0.0812,0.0,0.0
100000003044518100,terminal,0.751,7,0.3229,"Получил 34 тыс ₸ от 1 плательщика (1 перевод), дальше ушло 0%; seed среди плательщиков: 1",1421,"R5: out/in=0.00≤0.1, in=34 тыс ₸",-,confirmed_sink,False,0.0,False,1,1,0,34423.0,0.0,1,0,0.0,-1.0,0.0,1,0,0.00028754,0.0,-,0.1314,0.0847,0.0734,0.0333,0.0
100000003230328100,transit,0.6,1,0.3223,"4-е колено, исходящие не выгружены; получил 27 тыс ₸ от 3 плательщиков (3 перевода). У узлов колен 1–3 с таким профилем пересылают дальше 62%",1422,T4: p_forward=0.62≥0.5 (оценка),terminal,truncated_depth,True,0.621,False,4,3,0,26572.0,0.0,3,0,0.0,-1.0,0.0,0,0,0.00035168,0.0,truncated,0.126,0.0704,0.1259,0.0,0.0
100000002706810100,terminal,0.738,59,0.3221,"4-е колено, исходящие не выгружены; получил 45 тыс ₸ от 1 плательщика (1 перевод). У узлов колен 1–3 с таким профилем пересылают дальше 26%",1423,T4: p_forward=0.26<0.5 (оценка по коленам 1–3),transit,truncated_depth,True,0.262,False,4,1,0,45000.0,0.0,1,0,0.0,-1.0,0.0,0,0,0.00030965,0.0,truncated,0.1291,0.0988,0.0941,0.0,0.0
100000008772058100,terminal,0.755,11,0.3219,"Получил 50 тыс ₸ от 1 плательщика (1 перевод), дальше ушло 0%",1424,"R5: out/in=0.00≤0.1, in=50 тыс ₸",-,confirmed_sink,False,0.0,False,2,1,0,50000.0,0.0,1,0,0.0,-1.0,0.0,0,0,0.00030255,0.0,-,0.1321,0.1071,0.0827,0.0,0.0
100000002810870100,terminal,0.751,11,0.3219,"Получил 34 тыс ₸ от 1 плательщика (1 перевод), дальше ушло 0%; seed среди плательщиков: 1",1425,"R5: out/in=0.00≤0.1, in=34 тыс ₸",-,confirmed_sink,False,0.0,False,1,1,0,33677.0,0.0,1,0,0.0,-1.0,0.0,1,0,0.00029264,0.0,-,0.1314,0.0837,0.0734,0.0333,0.0
100000002305007100,terminal,0.757,11,0.3218,"Получил 56 тыс ₸ от 1 плательщика (1 перевод), дальше ушло 0%",1426,"R5: out/in=0.00≤0.1, in=56 тыс ₸",-,confirmed_sink,False,0.0,False,3,1,0,56000.0,0.0,1,0,0.0,-1.0,0.0,0,0,0.00029431,0.0,-,0.1325,0.1159,0.0734,0.0,0.0
100000008470470100,terminal,0.751,11,0.3217,"Получил 34 тыс ₸ от 1 плательщика (1 перевод), дальше ушло 0%; seed среди плательщиков: 1",1427,"R5: out/in=0.00≤0.1, in=34 тыс ₸",-,confirmed_sink,False,0.0,False,1,1,0,33547.0,0.0,1,0,0.0,-1.0,0.0,1,0,0.00029261,0.0,-,0.1314,0.0835,0.0734,0.0333,0.0
100000003971049100,terminal,0.757,1,0.3215,"Получил 56 тыс ₸ от 1 плательщика (7 переводов), дальше ушло 0%",1428,"R5: out/in=0.00≤0.1, in=56 тыс ₸",-,confirmed_sink,False,0.0,False,2,1,0,55900.0,0.0,7,0,0.0,-1.0,0.0,0,0,0.00029427,0.0,-,0.1325,0.1157,0.0734,0.0,0.0
100000001160401100,terminal,0.754,1,0.3213,"Получил 47 тыс ₸ от 1 плательщика (2 перевода), дальше ушло 0%",1429,"R5: out/in=0.00≤0.1, in=47 тыс ₸",-,confirmed_sink,False,0.0,False,3,1,0,47190.0,0.0,2,0,0.0,-1.0,0.0,0,0,0.00030489,0.0,-,0.1319,0.1025,0.0868,0.0,0.0
100000002723439100,terminal,0.598,53,0.3211,"4-е колено, исходящие не выгружены; получил 18 тыс ₸ от 1 плательщика (2 перевода). У узлов колен 1–3 с таким профилем пересылают дальше 40%",1430,T4: p_forward=0.40<0.5 (оценка по коленам 1–3),transit,truncated_depth,True,0.402,False,4,1,0,18000.0,0.0,2,0,0.0,-1.0,0.0,0,0,0.00055262,0.0,truncated,0.1046,0.0459,0.1706,0.0,0.0
100000008486520100,peripheral,0.579,6,0.3208,"Смешанный профиль: получил 36 тыс ₸ от 1 плательщика (2 перевода), отправил 14 тыс ₸ 1 получателю (1 перевод); дальше ушло 39%; seed среди плательщиков: 1",1431,R6: out/in=0.39 между 0.1 и 0.5,-,not_sink,False,1.0,False,1,1,1,35720.0,14000.0,2,1,0.3919,0.0,0.0,1,0,0.00028941,1.922e-05,-,0.0203,0.1052,0.162,0.0333,0.0
100000006126743100,terminal,0.756,3,0.3206,"Получил 55 тыс ₸ от 1 плательщика (1 перевод), дальше ушло 0%",1432,"R5: out/in=0.00≤0.1, in=55 тыс ₸",-,confirmed_sink,False,0.0,False,3,1,0,55000.0,0.0,1,0,0.0,-1.0,0.0,0,0,0.00028735,0.0,-,0.1323,0.1149,0.0734,0.0,0.0
100000005497148100,terminal,0.598,3,0.3206,"4-е колено, исходящие не выгружены; получил 24 тыс ₸ от 1 плательщика (2 перевода). У узлов колен 1–3 с таким профилем пересылают дальше 40%",1433,T4: p_forward=0.40<0.5 (оценка по коленам 1–3),transit,truncated_depth,True,0.402,False,4,1,0,24000.0,0.0,2,0,0.0,-1.0,0.0,0,0,0.00049001,0.0,truncated,0.1046,0.0621,0.1539,0.0,0.0
100000008459449100,terminal,0.756,1,0.3201,"Получил 54 тыс ₸ от 1 плательщика (1 перевод), дальше ушло 0%",1434,"R5: out/in=0.00≤0.1, in=54 тыс ₸",-,confirmed_sink,False,0.0,False,3,1,0,53700.0,0.0,1,0,0.0,-1.0,0.0,0,0,0.00029958,0.0,-,0.1323,0.1132,0.0746,0.0,0.0
100000002807334100,terminal,0.756,3,0.32,"Получил 55 тыс ₸ от 1 плательщика (1 перевод), дальше ушло 0%",1435,"R5: out/in=0.00≤0.1, in=55 тыс ₸",-,confirmed_sink,False,0.0,False,3,1,0,54715.0,0.0,1,0,0.0,-1.0,0.0,0,0,0.00028734,0.0,-,0.1323,0.1143,0.0734,0.0,0.0
100000008405209100,terminal,0.756,17,0.3199,"Получил 54 тыс ₸ от 1 плательщика (1 перевод), дальше ушло 0%",1436,"R5: out/in=0.00≤0.1, in=54 тыс ₸",-,confirmed_sink,False,0.0,False,3,1,0,54400.0,0.0,1,0,0.0,-1.0,0.0,0,0,0.00029413,0.0,-,0.1323,0.1142,0.0734,0.0,0.0
100000002835874100,terminal,0.738,2,0.3198,"4-е колено, исходящие не выгружены; получил 59 тыс ₸ от 1 плательщика (1 перевод). У узлов колен 1–3 с таким профилем пересылают дальше 26%",1437,T4: p_forward=0.26<0.5 (оценка по коленам 1–3),transit,truncated_depth,True,0.262,False,4,1,0,58700.0,0.0,1,0,0.0,-1.0,0.0,0,0,0.00029329,0.0,truncated,0.1291,0.1173,0.0734,0.0,0.0
100000004792397100,terminal,0.457,11,0.3197,"Получил 74 тыс ₸ от 1 плательщика (1 перевод), дальше ушло 0%; 100% поступило 30–31 июля — август не виден; seed среди плательщиков: 1",1438,"R5: out/in=0.00≤0.1, in=74 тыс ₸",-,truncated_time,False,0.0,False,1,1,0,73520.0,0.0,1,0,0.0,-1.0,0.0,1,0,0.000301,0.0,late_inflow,0.08,0.1272,0.0792,0.0333,0.0
100000008008463100,terminal,0.756,7,0.3197,"Получил 54 тыс ₸ от 1 плательщика (1 перевод), дальше ушло 0%",1439,"R5: out/in=0.00≤0.1, in=54 тыс ₸",-,confirmed_sink,False,0.0,False,2,1,0,54180.0,0.0,1,0,0.0,-1.0,0.0,0,0,0.00029584,0.0,-,0.1323,0.114,0.0734,0.0,0.0
100000008696919100,terminal,0.751,11,0.3197,"Получил 32 тыс ₸ от 1 плательщика (1 перевод), дальше ушло 0%; seed среди плательщиков: 1",1440,"R5: out/in=0.00≤0.1, in=32 тыс ₸",-,confirmed_sink,False,0.0,False,1,1,0,31945.0,0.0,1,0,0.0,-1.0,0.0,1,0,0.00029227,0.0,-,0.1314,0.0815,0.0734,0.0333,0.0
100000001633685100,terminal,0.754,1,0.3196,"Получил 45 тыс ₸ от 3 плательщиков (3 перевода), дальше ушло 0%",1441,"R5: out/in=0.00≤0.1, in=45 тыс ₸",-,confirmed_sink,False,0.0,False,2,3,0,45000.0,0.0,3,0,0.0,-1.0,0.0,0,0,0.00030619,0.0,-,0.1319,0.0988,0.0889,0.0,0.0
100000002723674100,terminal,0.738,52,0.3196,"4-е колено, исходящие не выгружены; получил 30 тыс ₸ от 1 плательщика (1 перевод). У узлов колен 1–3 с таким профилем пересылают дальше 26%",1442,T4: p_forward=0.26<0.5 (оценка по коленам 1–3),transit,truncated_depth,True,0.262,False,4,1,0,30000.0,0.0,1,0,0.0,-1.0,0.0,0,0,0.00032717,0.0,truncated,0.1291,0.0771,0.1133,0.0,0.0
100000001275752100,terminal,0.469,2,0.3195,"Получил 152 тыс ₸ от 1 плательщика (1 перевод), дальше ушло 0%; 100% поступило 30–31 июля — август не виден",1443,"R5: out/in=0.00≤0.1, in=152 тыс ₸",-,truncated_time,False,0.0,False,3,1,0,151500.0,0.0,1,0,0.0,-1.0,0.0,0,0,0.00029337,0.0,late_inflow,0.0821,0.164,0.0734,0.0,0.0
100000002158488100,terminal,0.75,11,0.3194,"Получил 32 тыс ₸ от 1 плательщика (1 перевод), дальше ушло 0%; seed среди плательщиков: 1",1444,"R5: out/in=0.00≤0.1, in=32 тыс ₸",-,confirmed_sink,False,0.0,False,1,1,0,31723.0,0.0,1,0,0.0,-1.0,0.0,1,0,0.00029223,0.0,-,0.1312,0.0814,0.0734,0.0333,0.0
100000002481735100,terminal,0.75,6,0.3194,"Получил 22 тыс ₸ от 1 плательщика (2 перевода), дальше ушло 0%",1445,"R5: out/in=0.00≤0.1, in=22 тыс ₸",-,confirmed_sink,False,0.0,False,2,1,0,22436.0,0.0,2,0,0.0,-1.0,0.0,0,0,0.0003627,0.0,-,0.1312,0.0577,0.1304,0.0,0.0
100000001530709100,terminal,0.756,1,0.3192,"Получил 54 тыс ₸ от 1 плательщика (1 перевод), дальше ушло 0%",1446,"R5: out/in=0.00≤0.1, in=54 тыс ₸",-,confirmed_sink,False,0.0,False,3,1,0,53961.0,0.0,1,0,0.0,-1.0,0.0,0,0,0.00028861,0.0,-,0.1323,0.1135,0.0734,0.0,0.0
100000008557672100,terminal,0.755,11,0.3188,"Получил 49 тыс ₸ от 1 плательщика (1 перевод), дальше ушло 0%",1447,"R5: out/in=0.00≤0.1, in=49 тыс ₸",-,confirmed_sink,False,0.0,False,2,1,0,49125.0,0.0,1,0,0.0,-1.0,0.0,0,0,0.00030225,0.0,-,0.1321,0.1048,0.0819,0.0,0.0
100000002214301100,peripheral,0.7,1,0.3188,"Смешанный профиль: получил 21 тыс ₸ от 1 плательщика (1 перевод), отправил 8 тыс ₸ 1 получателю (1 перевод); дальше ушло 37%; seed среди плательщиков: 1",1448,R6: out/in=0.37 между 0.1 и 0.5,-,not_sink,False,1.0,False,1,1,1,21438.0,8000.0,1,1,0.3732,0.0,0.0,1,0,0.00028959,9.61e-05,-,0.0245,0.075,0.186,0.0333,0.0
100000008116374100,terminal,0.75,6,0.3187,"Получил 31 тыс ₸ от 1 плательщика (1 перевод), дальше ушло 0%; seed среди плательщиков: 1",1449,"R5: out/in=0.00≤0.1, in=31 тыс ₸",-,confirmed_sink,False,0.0,False,1,1,0,31284.0,0.0,1,0,0.0,-1.0,0.0,1,0,0.00028893,0.0,-,0.1312,0.0807,0.0734,0.0333,0.0
100000002969048100,terminal,0.462,7,0.3186,"Получил 108 тыс ₸ от 1 плательщика (1 перевод), дальше ушло 0%; 100% поступило 30–31 июля — август не виден",1450,"R5: out/in=0.00≤0.1, in=108 тыс ₸",-,truncated_time,False,0.0,False,2,1,0,108470.0,0.0,1,0,0.0,-1.0,0.0,0,0,0.00030613,0.0,late_inflow,0.0808,0.149,0.0887,0.0,0.0
100000008736173100,terminal,0.75,11,0.3182,"Получил 31 тыс ₸ от 1 плательщика (1 перевод), дальше ушло 0%; seed среди плательщиков: 1",1451,"R5: out/in=0.00≤0.1, in=31 тыс ₸",-,confirmed_sink,False,0.0,False,1,1,0,31060.0,0.0,1,0,0.0,-1.0,0.0,1,0,0.00029209,0.0,-,0.1312,0.0802,0.0734,0.0333,0.0
100000008383405100,terminal,0.75,4,0.3182,"Получил 25 тыс ₸ от 1 плательщика (2 перевода), дальше ушло 0%; seed среди плательщиков: 1",1452,"R5: out/in=0.00≤0.1, in=25 тыс ₸",-,confirmed_sink,False,0.0,False,1,1,0,25000.0,0.0,2,0,0.0,-1.0,0.0,1,0,0.00030603,0.0,-,0.1312,0.0651,0.0885,0.0333,0.0
100000004984689100,terminal,0.756,8,0.3181,"Получил 53 тыс ₸ от 1 плательщика (1 перевод), дальше ушло 0%",1453,"R5: out/in=0.00≤0.1, in=53 тыс ₸",-,confirmed_sink,False,0.0,False,3,1,0,53030.0,0.0,1,0,0.0,-1.0,0.0,0,0,0.00029636,0.0,-,0.1323,0.1124,0.0734,0.0,0.0
100000001130553100,terminal,0.598,3,0.3179,"4-е колено, исходящие не выгружены; получил 18 тыс ₸ от 1 плательщика (2 перевода). У узлов колен 1–3 с таким профилем пересылают дальше 40%",1454,T4: p_forward=0.40<0.5 (оценка по коленам 1–3),transit,truncated_depth,True,0.402,False,4,1,0,18000.0,0.0,2,0,0.0,-1.0,0.0,0,0,0.00054365,0.0,truncated,0.1046,0.0459,0.1673,0.0,0.0
100000006894637100,terminal,0.756,1,0.3175,"Получил 53 тыс ₸ от 1 плательщика (1 перевод), дальше ушло 0%",1455,"R5: out/in=0.00≤0.1, in=53 тыс ₸",-,confirmed_sink,False,0.0,False,3,1,0,52831.0,0.0,1,0,0.0,-1.0,0.0,0,0,0.00029025,0.0,-,0.1323,0.1118,0.0734,0.0,0.0
100000001684867100,terminal,0.75,6,0.3173,"Получил 31 тыс ₸ от 1 плательщика (1 перевод), дальше ушло 0%; seed среди плательщиков: 1",1456,"R5: out/in=0.00≤0.1, in=31 тыс ₸",-,confirmed_sink,False,0.0,False,1,1,0,30550.0,0.0,1,0,0.0,-1.0,0.0,1,0,0.00028885,0.0,-,0.1312,0.0793,0.0734,0.0333,0.0
100000007303047100,terminal,0.756,11,0.317,"Получил 52 тыс ₸ от 1 плательщика (1 перевод), дальше ушло 0%",1457,"R5: out/in=0.00≤0.1, in=52 тыс ₸",-,confirmed_sink,False,0.0,False,3,1,0,52250.0,0.0,1,0,0.0,-1.0,0.0,0,0,0.00029372,0.0,-,0.1323,0.1113,0.0734,0.0,0.0
100000004257714100,terminal,0.756,11,0.3169,"Получил 52 тыс ₸ от 1 плательщика (1 перевод), дальше ушло 0%",1458,"R5: out/in=0.00≤0.1, in=52 тыс ₸",-,confirmed_sink,False,0.0,False,3,1,0,52220.0,0.0,1,0,0.0,-1.0,0.0,0,0,0.00029372,0.0,-,0.1323,0.1112,0.0734,0.0,0.0
100000002689717100,terminal,0.738,12,0.3169,"4-е колено, исходящие не выгружены; получил 48 тыс ₸ от 1 плательщика (1 перевод). У узлов колен 1–3 с таким профилем пересылают дальше 26%",1459,T4: p_forward=0.26<0.5 (оценка по коленам 1–3),transit,truncated_depth,True,0.262,False,4,1,0,47500.0,0.0,1,0,0.0,-1.0,0.0,0,0,0.00030335,0.0,truncated,0.1291,0.1031,0.0847,0.0,0.0
100000002324543100,terminal,0.75,12,0.3169,"Получил 30 тыс ₸ от 1 плательщика (1 перевод), дальше ушло 0%; seed среди плательщиков: 1",1460,"R5: out/in=0.00≤0.1, in=30 тыс ₸",-,confirmed_sink,False,0.0,False,1,1,0,30202.0,0.0,1,0,0.0,-1.0,0.0,1,0,0.00028881,0.0,-,0.1312,0.079,0.0734,0.0333,0.0
100000002794197100,terminal,0.75,7,0.3168,"Получил 30 тыс ₸ от 1 плательщика (1 перевод), дальше ушло 0%; seed среди плательщиков: 1",1461,"R5: out/in=0.00≤0.1, in=30 тыс ₸",-,confirmed_sink,False,0.0,False,1,1,0,30100.0,0.0,1,0,0.0,-1.0,0.0,1,0,0.0002873,0.0,-,0.1312,0.0788,0.0734,0.0333,0.0
100000004285800100,transit,0.681,1,0.3167,"Получил 5 тыс ₸ от 1 плательщика (1 перевод), отправил 15 тыс ₸ 1 получателю (1 перевод); отправил в 3,0× больше полученного → есть невидимые входящие",1462,R4: out/in=3.00>1.2 (невидимые входящие),-,not_sink,False,1.0,False,2,1,1,5000.0,15000.0,1,1,3.0,0.0,10000.0,0,0,0.00034422,0.0,-,0.143,0.0512,0.1225,0.0,0.0
100000008684452100,terminal,0.756,11,0.3164,"Получил 52 тыс ₸ от 1 плательщика (1 перевод), дальше ушло 0%",1463,"R5: out/in=0.00≤0.1, in=52 тыс ₸",-,confirmed_sink,False,0.0,False,3,1,0,51800.0,0.0,1,0,0.0,-1.0,0.0,0,0,0.00029365,0.0,-,0.1323,0.1107,0.0734,0.0,0.0
100000004584730100,terminal,0.738,30,0.3163,"4-е колено, исходящие не выгружены; получил 47 тыс ₸ от 1 плательщика (1 перевод). У узлов колен 1–3 с таким профилем пересылают дальше 26%",1464,T4: p_forward=0.26<0.5 (оценка по коленам 1–3),transit,truncated_depth,True,0.262,False,4,1,0,47000.0,0.0,1,0,0.0,-1.0,0.0,0,0,0.00030384,0.0,truncated,0.1291,0.1016,0.0856,0.0,0.0
100000008522127100,transit,0.559,60,0.3163,Seed: входящие вне выгрузки; отправил 145 тыс ₸ 1 получателю (3 перевода) — передаёт средства дальше по цепочке,1465,"R4s: seed с исходящими, входящие не наблюдаются",-,not_sink,False,1.0,True,0,0,1,0.0,145000.0,0,3,-1.0,-1.0,145000.0,0,0,0.00028557,0.0,-,0.1057,0.1446,0.0661,0.0,0.0
100000004336228100,terminal,0.756,8,0.316,"Получил 51 тыс ₸ от 1 плательщика (2 перевода), дальше ушло 0%",1466,"R5: out/in=0.00≤0.1, in=51 тыс ₸",-,confirmed_sink,False,0.0,False,3,1,0,51407.0,0.0,2,0,0.0,-1.0,0.0,0,0,0.00029603,0.0,-,0.1323,0.1103,0.0734,0.0,0.0
100000002990675100,terminal,0.755,3,0.3156,"Получил 51 тыс ₸ от 1 плательщика (1 перевод), дальше ушло 0%",1467,"R5: out/in=0.00≤0.1, in=51 тыс ₸",-,confirmed_sink,False,0.0,False,3,1,0,51143.0,0.0,1,0,0.0,-1.0,0.0,0,0,0.00028723,0.0,-,0.1321,0.1101,0.0734,0.0,0.0
100000004066647100,terminal,0.755,16,0.3152,"Получил 51 тыс ₸ от 1 плательщика (1 перевод), дальше ушло 0%",1468,"R5: out/in=0.00≤0.1, in=51 тыс ₸",-,confirmed_sink,False,0.0,False,3,1,0,51000.0,0.0,1,0,0.0,-1.0,0.0,0,0,0.00029429,0.0,-,0.1321,0.1097,0.0734,0.0,0.0
100000004058740100,terminal,0.75,11,0.3151,"Получил 30 тыс ₸ от 1 плательщика (1 перевод), дальше ушло 0%; seed среди плательщиков: 1",1469,"R5: out/in=0.00≤0.1, in=30 тыс ₸",-,confirmed_sink,False,0.0,False,1,1,0,30000.0,0.0,1,0,0.0,-1.0,0.0,1,0,0.00029187,0.0,-,0.1312,0.0771,0.0734,0.0333,0.0
100000006512787100,terminal,0.598,1,0.3151,"4-е колено, исходящие не выгружены; получил 20 тыс ₸ от 1 плательщика (2 перевода). У узлов колен 1–3 с таким профилем пересылают дальше 40%",1470,T4: p_forward=0.40<0.5 (оценка по коленам 1–3),transit,truncated_depth,True,0.402,False,4,1,0,20000.0,0.0,2,0,0.0,-1.0,0.0,0,0,0.00053005,0.0,truncated,0.1046,0.0512,0.1593,0.0,0.0
100000002567887100,terminal,0.755,3,0.315,"Получил 51 тыс ₸ от 1 плательщика (1 перевод), дальше ушло 0%",1471,"R5: out/in=0.00≤0.1, in=51 тыс ₸",-,confirmed_sink,False,0.0,False,3,1,0,50915.0,0.0,1,0,0.0,-1.0,0.0,0,0,0.00028722,0.0,-,0.1321,0.1094,0.0734,0.0,0.0
100000002371892100,terminal,0.738,55,0.315,"4-е колено, исходящие не выгружены; получил 44 тыс ₸ от 1 плательщика (1 перевод). У узлов колен 1–3 с таким профилем пересылают дальше 26%",1472,T4: p_forward=0.26<0.5 (оценка по коленам 1–3),transit,truncated_depth,True,0.262,False,4,1,0,43830.0,0.0,1,0,0.0,-1.0,0.0,0,0,0.00030653,0.0,truncated,0.1291,0.0964,0.0894,0.0,0.0
100000008043184100,terminal,0.755,17,0.3148,"Получил 51 тыс ₸ от 1 плательщика (1 перевод), дальше ушло 0%",1473,"R5: out/in=0.00≤0.1, in=51 тыс ₸",-,confirmed_sink,False,0.0,False,3,1,0,50564.0,0.0,1,0,0.0,-1.0,0.0,0,0,0.00029353,0.0,-,0.1321,0.1093,0.0734,0.0,0.0
100000005053653100,peripheral,0.454,21,0.3144,"Смешанный профиль: получил 63 тыс ₸ от 2 плательщиков (2 перевода), отправил 25 тыс ₸ 1 получателю (1 перевод); дальше ушло 40%",1474,R6: out/in=0.40 между 0.1 и 0.5,-,not_sink,False,1.0,False,2,2,1,63073.0,25000.0,2,1,0.3964,0.0,0.0,0,0,0.0003136,1.922e-05,-,0.0159,0.1365,0.162,0.0,0.0
100000003899325100,terminal,0.755,8,0.3143,"Получил 50 тыс ₸ от 1 плательщика (1 перевод), дальше ушло 0%",1475,"R5: out/in=0.00≤0.1, in=50 тыс ₸",-,confirmed_sink,False,0.0,False,3,1,0,50120.0,0.0,1,0,0.0,-1.0,0.0,0,0,0.00029664,0.0,-,0.1321,0.1088,0.0734,0.0,0.0
100000008628818100,terminal,0.738,12,0.313,"4-е колено, исходящие не выгружены; получил 46 тыс ₸ от 1 плательщика (1 перевод). У узлов колен 1–3 с таким профилем пересылают дальше 26%",1476,T4: p_forward=0.26<0.5 (оценка по коленам 1–3),transit,truncated_depth,True,0.262,False,4,1,0,46310.0,0.0,1,0,0.0,-1.0,0.0,0,0,0.0003029,0.0,truncated,0.1291,0.1005,0.0833,0.0,0.0
100000002445750100,peripheral,0.479,1,0.3129,"Смешанный профиль: получил 70 тыс ₸ от 1 плательщика (1 перевод), отправил 10 тыс ₸ 1 получателю (1 перевод); дальше ушло 14%",1477,R6: out/in=0.14 между 0.1 и 0.5,-,not_sink,False,1.0,False,2,1,1,70000.0,10000.0,1,1,0.1429,0.0,0.0,0,0,0.00053729,1.942e-05,-,0.0168,0.1302,0.166,0.0,0.0
100000008583971100,terminal,0.504,1,0.3128,"4-е колено, исходящие не выгружены; получил 51 тыс ₸ от 2 плательщиков (2 перевода). У узлов колен 1–3 с таким профилем пересылают дальше 50%",1478,T4: p_forward=0.50<0.5 (оценка по коленам 1–3),transit,truncated_depth,True,0.496,False,4,2,0,51000.0,0.0,2,0,0.0,-1.0,0.0,0,0,0.00032972,0.0,truncated,0.0882,0.1097,0.1149,0.0,0.0
100000000795374100,terminal,0.755,8,0.3126,"Получил 50 тыс ₸ от 1 плательщика (1 перевод), дальше ушло 0%",1479,"R5: out/in=0.00≤0.1, in=50 тыс ₸",-,confirmed_sink,False,0.0,False,3,1,0,50000.0,0.0,1,0,0.0,-1.0,0.0,0,0,0.00029574,0.0,-,0.1321,0.1071,0.0734,0.0,0.0
100000001745217100,terminal,0.755,1,0.3126,"Получил 50 тыс ₸ от 1 плательщика (1 перевод), дальше ушло 0%",1480,"R5: out/in=0.00≤0.1, in=50 тыс ₸",-,confirmed_sink,False,0.0,False,3,1,0,50000.0,0.0,1,0,0.0,-1.0,0.0,0,0,0.00029,0.0,-,0.1321,0.1071,0.0734,0.0,0.0
100000002369443100,terminal,0.755,11,0.3126,"Получил 50 тыс ₸ от 1 плательщика (1 перевод), дальше ушло 0%",1481,"R5: out/in=0.00≤0.1, in=50 тыс ₸",-,confirmed_sink,False,0.0,False,3,1,0,50000.0,0.0,1,0,0.0,-1.0,0.0,0,0,0.00029337,0.0,-,0.1321,0.1071,0.0734,0.0,0.0
100000003293377100,terminal,0.755,3,0.3126,"Получил 50 тыс ₸ от 1 плательщика (1 перевод), дальше ушло 0%",1482,"R5: out/in=0.00≤0.1, in=50 тыс ₸",-,confirmed_sink,False,0.0,False,3,1,0,50000.0,0.0,1,0,0.0,-1.0,0.0,0,0,0.00028719,0.0,-,0.1321,0.1071,0.0734,0.0,0.0
100000006248077100,terminal,0.755,6,0.3126,"Получил 50 тыс ₸ от 1 плательщика (1 перевод), дальше ушло 0%",1483,"R5: out/in=0.00≤0.1, in=50 тыс ₸",-,confirmed_sink,False,0.0,False,2,1,0,50000.0,0.0,1,0,0.0,-1.0,0.0,0,0,0.00029385,0.0,-,0.1321,0.1071,0.0734,0.0,0.0
100000002580377100,peripheral,0.617,6,0.3126,"Смешанный профиль: получил 38 тыс ₸ от 1 плательщика (2 перевода), отправил 5 тыс ₸ 1 получателю (1 перевод); дальше ушло 13%; seed среди плательщиков: 1",1484,R6: out/in=0.13 между 0.1 и 0.5,-,not_sink,False,1.0,False,1,1,1,37750.0,5000.0,2,1,0.1325,0.0,0.0,1,0,0.00028963,1.922e-05,-,0.0216,0.0957,0.162,0.0333,0.0
100000004491749100,terminal,0.453,7,0.3118,"Получил 50 тыс ₸ от 1 плательщика (1 перевод), дальше ушло 0%; 100% поступило 30–31 июля — август не виден",1485,"R5: out/in=0.00≤0.1, in=50 тыс ₸",-,truncated_time,False,0.0,False,3,1,0,50000.0,0.0,1,0,0.0,-1.0,0.0,0,0,0.00035079,0.0,late_inflow,0.0793,0.1071,0.1254,0.0,0.0
100000003677936100,peripheral,0.467,7,0.3116,"Смешанный профиль: получил 71 тыс ₸ от 1 плательщика (1 перевод), отправил 13 тыс ₸ 1 получателю (2 перевода); дальше ушло 18%",1486,R6: out/in=0.18 между 0.1 и 0.5,-,not_sink,False,1.0,False,3,1,1,71000.0,13000.0,1,2,0.1831,0.0845,0.0,0,0,0.00030888,1.922e-05,-,0.0163,0.1333,0.162,0.0,0.0
100000005008589100,terminal,0.753,1,0.3113,"Получил 43 тыс ₸ от 1 плательщика (1 перевод), дальше ушло 0%",1487,"R5: out/in=0.00≤0.1, in=43 тыс ₸",-,confirmed_sink,False,0.0,False,3,1,0,42806.68,0.0,1,0,0.0,-1.0,0.0,0,0,0.00030309,0.0,-,0.1318,0.096,0.0835,0.0,0.0
100000003001138100,terminal,0.738,37,0.3111,"4-е колено, исходящие не выгружены; получил 30 тыс ₸ от 1 плательщика (1 перевод). У узлов колен 1–3 с таким профилем пересылают дальше 26%",1488,T4: p_forward=0.26<0.5 (оценка по коленам 1–3),transit,truncated_depth,True,0.262,False,4,1,0,30000.0,0.0,1,0,0.0,-1.0,0.0,0,0,0.00031733,0.0,truncated,0.1291,0.0771,0.1049,0.0,0.0
100000008713685100,terminal,0.755,11,0.3106,"Получил 50 тыс ₸ от 1 плательщика (1 перевод), дальше ушло 0%",1489,"R5: out/in=0.00≤0.1, in=50 тыс ₸",-,confirmed_sink,False,0.0,False,3,1,0,49700.0,0.0,1,0,0.0,-1.0,0.0,0,0,0.00029333,0.0,-,0.1321,0.1051,0.0734,0.0,0.0
100000008677518100,terminal,0.755,11,0.3096,"Получил 49 тыс ₸ от 1 плательщика (1 перевод), дальше ушло 0%",1490,"R5: out/in=0.00≤0.1, in=49 тыс ₸",-,confirmed_sink,False,0.0,False,3,1,0,48700.0,0.0,1,0,0.0,-1.0,0.0,0,0,0.00029317,0.0,-,0.1321,0.1041,0.0734,0.0,0.0
100000000790311100,terminal,0.754,19,0.3093,"Получил 46 тыс ₸ от 1 плательщика (1 перевод), дальше ушло 0%",1491,"R5: out/in=0.00≤0.1, in=46 тыс ₸",-,confirmed_sink,False,0.0,False,2,1,0,46300.0,0.0,1,0,0.0,-1.0,0.0,0,0,0.0003003,0.0,-,0.1319,0.1004,0.077,0.0,0.0
100000001597424100,terminal,0.755,10,0.3092,"Получил 48 тыс ₸ от 1 плательщика (1 перевод), дальше ушло 0%",1492,"R5: out/in=0.00≤0.1, in=48 тыс ₸",-,confirmed_sink,False,0.0,False,3,1,0,48100.0,0.0,1,0,0.0,-1.0,0.0,0,0,0.00029916,0.0,-,0.1321,0.1036,0.0734,0.0,0.0
100000002862113100,terminal,0.754,10,0.3082,"Получил 47 тыс ₸ от 1 плательщика (2 перевода), дальше ушло 0%",1493,"R5: out/in=0.00≤0.1, in=47 тыс ₸",-,confirmed_sink,False,0.0,False,3,1,0,47405.0,0.0,2,0,0.0,-1.0,0.0,0,0,0.00029897,0.0,-,0.1319,0.1029,0.0734,0.0,0.0
100000008251939100,terminal,0.738,12,0.3079,"4-е колено, исходящие не выгружены; получил 44 тыс ₸ от 1 плательщика (1 перевод). У узлов колен 1–3 с таким профилем пересылают дальше 26%",1494,T4: p_forward=0.26<0.5 (оценка по коленам 1–3),transit,truncated_depth,True,0.262,False,4,1,0,44360.0,0.0,1,0,0.0,-1.0,0.0,0,0,0.00030217,0.0,truncated,0.1291,0.097,0.0818,0.0,0.0
100000004291560100,terminal,0.754,1,0.3078,"Получил 47 тыс ₸ от 1 плательщика (1 перевод), дальше ушло 0%",1495,"R5: out/in=0.00≤0.1, in=47 тыс ₸",-,confirmed_sink,False,0.0,False,3,1,0,47190.0,0.0,1,0,0.0,-1.0,0.0,0,0,0.00028823,0.0,-,0.1319,0.1025,0.0734,0.0,0.0
100000005931985100,terminal,0.457,9,0.3077,"Получил 76 тыс ₸ от 1 плательщика (1 перевод), дальше ушло 0%; 100% поступило 30–31 июля — август не виден",1496,"R5: out/in=0.00≤0.1, in=76 тыс ₸",-,truncated_time,False,0.0,False,2,1,0,76000.0,0.0,1,0,0.0,-1.0,0.0,0,0,0.0003129,0.0,late_inflow,0.08,0.1287,0.099,0.0,0.0
100000002852402100,terminal,0.454,19,0.3076,"Получил 55 тыс ₸ от 1 плательщика (1 перевод), дальше ушло 0%; 100% поступило 30–31 июля — август не виден",1497,"R5: out/in=0.00≤0.1, in=55 тыс ₸",-,truncated_time,False,0.0,False,2,1,0,55000.0,0.0,1,0,0.0,-1.0,0.0,0,0,0.00032702,0.0,late_inflow,0.0794,0.1149,0.1133,0.0,0.0
100000008748795100,terminal,0.754,1,0.3074,"Получил 47 тыс ₸ от 1 плательщика (1 перевод), дальше ушло 0%",1498,"R5: out/in=0.00≤0.1, in=47 тыс ₸",-,confirmed_sink,False,0.0,False,3,1,0,47057.0,0.0,1,0,0.0,-1.0,0.0,0,0,0.00028822,0.0,-,0.1319,0.1021,0.0734,0.0,0.0
100000000878006100,terminal,0.754,3,0.3072,"Получил 47 тыс ₸ от 1 плательщика (1 перевод), дальше ушло 0%",1499,"R5: out/in=0.00≤0.1, in=47 тыс ₸",-,confirmed_sink,False,0.0,False,3,1,0,47003.0,0.0,1,0,0.0,-1.0,0.0,0,0,0.00028709,0.0,-,0.1319,0.1019,0.0734,0.0,0.0
100000001818442100,terminal,0.753,12,0.307,"Получил 42 тыс ₸ от 1 плательщика (1 перевод), дальше ушло 0%",1500,"R5: out/in=0.00≤0.1, in=42 тыс ₸",-,confirmed_sink,False,0.0,False,3,1,0,42215.0,0.0,1,0,0.0,-1.0,0.0,0,0,0.0003013,0.0,-,0.1318,0.0953,0.0799,0.0,0.0
100000003292191100,terminal,0.463,13,0.3068,"Получил 112 тыс ₸ от 1 плательщика (1 перевод), дальше ушло 0%; 100% поступило 30–31 июля — август не виден",1501,"R5: out/in=0.00≤0.1, in=112 тыс ₸",-,truncated_time,False,0.0,False,3,1,0,112000.0,0.0,1,0,0.0,-1.0,0.0,0,0,0.00029963,0.0,late_inflow,0.081,0.1509,0.0749,0.0,0.0
100000002301828100,terminal,0.754,17,0.3067,"Получил 47 тыс ₸ от 1 плательщика (1 перевод), дальше ушло 0%",1502,"R5: out/in=0.00≤0.1, in=47 тыс ₸",-,confirmed_sink,False,0.0,False,3,1,0,46977.0,0.0,1,0,0.0,-1.0,0.0,0,0,0.00029296,0.0,-,0.1319,0.1013,0.0734,0.0,0.0
100000008688881100,terminal,0.754,11,0.3065,"Получил 44 тыс ₸ от 1 плательщика (1 перевод), дальше ушло 0%",1503,"R5: out/in=0.00≤0.1, in=44 тыс ₸",-,confirmed_sink,False,0.0,False,2,1,0,44211.0,0.0,1,0,0.0,-1.0,0.0,0,0,0.00030058,0.0,-,0.1319,0.0969,0.0777,0.0,0.0
100000006527156100,terminal,0.738,31,0.3064,"4-е колено, исходящие не выгружены; получил 48 тыс ₸ от 1 плательщика (1 перевод). У узлов колен 1–3 с таким профилем пересылают дальше 26%",1504,T4: p_forward=0.26<0.5 (оценка по коленам 1–3),transit,truncated_depth,True,0.262,False,4,1,0,48500.0,0.0,1,0,0.0,-1.0,0.0,0,0,0.00029608,0.0,truncated,0.1291,0.1038,0.0734,0.0,0.0
100000002838519100,terminal,0.754,10,0.3064,"Получил 47 тыс ₸ от 1 плательщика (1 перевод), дальше ушло 0%",1505,"R5: out/in=0.00≤0.1, in=47 тыс ₸",-,confirmed_sink,False,0.0,False,3,1,0,46900.0,0.0,1,0,0.0,-1.0,0.0,0,0,0.00029883,0.0,-,0.1319,0.1011,0.0734,0.0,0.0
100000002703376100,terminal,0.754,1,0.3061,"Получил 47 тыс ₸ от 1 плательщика (1 перевод), дальше ушло 0%",1506,"R5: out/in=0.00≤0.1, in=47 тыс ₸",-,confirmed_sink,False,0.0,False,2,1,0,46501.0,0.0,1,0,0.0,-1.0,0.0,0,0,0.0002928,0.0,-,0.1319,0.1008,0.0734,0.0,0.0
100000001549194100,terminal,0.754,10,0.306,"Получил 46 тыс ₸ от 1 плательщика (1 перевод), дальше ушло 0%",1507,"R5: out/in=0.00≤0.1, in=46 тыс ₸",-,confirmed_sink,False,0.0,False,3,1,0,46500.0,0.0,1,0,0.0,-1.0,0.0,0,0,0.00029871,0.0,-,0.1319,0.1006,0.0734,0.0,0.0
100000008754747100,terminal,0.754,11,0.305,"Получил 46 тыс ₸ от 1 плательщика (1 перевод), дальше ушло 0%",1508,"R5: out/in=0.00≤0.1, in=46 тыс ₸",-,confirmed_sink,False,0.0,False,3,1,0,45500.0,0.0,1,0,0.0,-1.0,0.0,0,0,0.00029267,0.0,-,0.1319,0.0996,0.0734,0.0,0.0
100000008331280100,terminal,0.598,23,0.3048,"4-е колено, исходящие не выгружены; получил 41 тыс ₸ от 1 плательщика (2 перевода). У узлов колен 1–3 с таким профилем пересылают дальше 40%",1509,T4: p_forward=0.40<0.5 (оценка по коленам 1–3),transit,truncated_depth,True,0.402,False,4,1,0,41000.0,0.0,2,0,0.0,-1.0,0.0,0,0,0.00031807,0.0,truncated,0.1046,0.0941,0.106,0.0,0.0
100000003073398100,terminal,0.46,7,0.3045,"Получил 93 тыс ₸ от 1 плательщика (1 перевод), дальше ушло 0%; 100% поступило 30–31 июля — август не виден",1510,"R5: out/in=0.00≤0.1, in=93 тыс ₸",-,truncated_time,False,0.0,False,2,1,0,92960.0,0.0,1,0,0.0,-1.0,0.0,0,0,0.00030319,0.0,late_inflow,0.0805,0.1398,0.0842,0.0,0.0
100000002232266100,terminal,0.754,8,0.3042,"Получил 45 тыс ₸ от 1 плательщика (1 перевод), дальше ушло 0%",1511,"R5: out/in=0.00≤0.1, in=45 тыс ₸",-,confirmed_sink,False,0.0,False,3,1,0,45000.0,0.0,1,0,0.0,-1.0,0.0,0,0,0.00029472,0.0,-,0.1319,0.0988,0.0734,0.0,0.0
100000001641951100,terminal,0.75,5,0.3035,"Получил 25 тыс ₸ от 1 плательщика (4 перевода), дальше ушло 0%",1512,"R5: out/in=0.00≤0.1, in=25 тыс ₸",-,confirmed_sink,False,0.0,False,2,1,0,25000.0,0.0,4,0,0.0,-1.0,0.0,0,0,0.00031906,0.0,-,0.1312,0.0651,0.1071,0.0,0.0
100000008349740100,terminal,0.598,32,0.3031,"4-е колено, исходящие не выгружены; получил 70 тыс ₸ от 1 плательщика (2 перевода). У узлов колен 1–3 с таким профилем пересылают дальше 40%",1513,T4: p_forward=0.40<0.5 (оценка по коленам 1–3),transit,truncated_depth,True,0.402,False,4,1,0,70000.0,0.0,2,0,0.0,-1.0,0.0,0,0,0.00029253,0.0,truncated,0.1046,0.1251,0.0734,0.0,0.0
100000008432942100,terminal,0.754,1,0.303,"Получил 45 тыс ₸ от 1 плательщика (2 перевода), дальше ушло 0%",1514,"R5: out/in=0.00≤0.1, in=45 тыс ₸",-,confirmed_sink,False,0.0,False,3,1,0,44542.0,0.0,2,0,0.0,-1.0,0.0,0,0,0.00028808,0.0,-,0.1319,0.0976,0.0734,0.0,0.0
100000008772246100,terminal,0.754,11,0.3028,"Получил 44 тыс ₸ от 1 плательщика (1 перевод), дальше ушло 0%",1515,"R5: out/in=0.00≤0.1, in=44 тыс ₸",-,confirmed_sink,False,0.0,False,3,1,0,44500.0,0.0,1,0,0.0,-1.0,0.0,0,0,0.00029251,0.0,-,0.1319,0.0975,0.0734,0.0,0.0
100000004979283100,terminal,0.753,12,0.3027,"Получил 40 тыс ₸ от 1 плательщика (1 перевод), дальше ушло 0%",1516,"R5: out/in=0.00≤0.1, in=40 тыс ₸",-,confirmed_sink,False,0.0,False,3,1,0,40132.0,0.0,1,0,0.0,-1.0,0.0,0,0,0.00030052,0.0,-,0.1318,0.0934,0.0775,0.0,0.0
100000005849862100,terminal,0.598,7,0.3025,"4-е колено, исходящие не выгружены; получил 13 тыс ₸ от 1 плательщика (2 перевода). У узлов колен 1–3 с таким профилем пересылают дальше 40%",1517,T4: p_forward=0.40<0.5 (оценка по коленам 1–3),transit,truncated_depth,True,0.402,False,4,1,0,13000.0,0.0,2,0,0.0,-1.0,0.0,0,0,0.00054844,0.0,truncated,0.1046,0.0289,0.169,0.0,0.0
100000004671609100,terminal,0.461,9,0.3023,"Получил 100 тыс ₸ от 1 плательщика (1 перевод), дальше ушло 0%; 100% поступило 30–31 июля — август не виден",1518,"R5: out/in=0.00≤0.1, in=100 тыс ₸",-,truncated_time,False,0.0,False,3,1,0,100000.0,0.0,1,0,0.0,-1.0,0.0,0,0,0.00030024,0.0,late_inflow,0.0807,0.145,0.0767,0.0,0.0
100000004580254100,terminal,0.75,17,0.3016,"Получил 28 тыс ₸ от 2 плательщиков (2 перевода), дальше ушло 0%",1519,"R5: out/in=0.00≤0.1, in=28 тыс ₸",-,confirmed_sink,False,0.0,False,3,2,0,27940.0,0.0,2,0,0.0,-1.0,0.0,0,0,0.00031228,0.0,-,0.1312,0.0722,0.0981,0.0,0.0
100000008687617100,terminal,0.753,11,0.3014,"Получил 43 тыс ₸ от 1 плательщика (2 перевода), дальше ушло 0%",1520,"R5: out/in=0.00≤0.1, in=43 тыс ₸",-,confirmed_sink,False,0.0,False,3,1,0,43350.0,0.0,2,0,0.0,-1.0,0.0,0,0,0.00029234,0.0,-,0.1318,0.0962,0.0734,0.0,0.0
100000004890713100,terminal,0.738,12,0.3011,"4-е колено, исходящие не выгружены; получил 40 тыс ₸ от 1 плательщика (1 перевод). У узлов колен 1–3 с таким профилем пересылают дальше 26%",1521,T4: p_forward=0.26<0.5 (оценка по коленам 1–3),transit,truncated_depth,True,0.262,False,4,1,0,40485.0,0.0,1,0,0.0,-1.0,0.0,0,0,0.00030072,0.0,truncated,0.1291,0.0936,0.0783,0.0,0.0
100000002611334100,peripheral,0.517,1,0.3009,"Смешанный профиль: получил 48 тыс ₸ от 1 плательщика (1 перевод), отправил 16 тыс ₸ 1 получателю (1 перевод); дальше ушло 32%",1522,R6: out/in=0.32 между 0.1 и 0.5,-,not_sink,False,1.0,False,3,1,1,48288.0,15500.0,1,1,0.321,0.0,0.0,0,0,0.00030534,1.922e-05,-,0.0181,0.1208,0.162,0.0,0.0
100000003581109100,terminal,0.753,1,0.3009,"Получил 43 тыс ₸ от 1 плательщика (1 перевод), дальше ушло 0%",1523,"R5: out/in=0.00≤0.1, in=43 тыс ₸",-,confirmed_sink,False,0.0,False,3,1,0,42750.0,0.0,1,0,0.0,-1.0,0.0,0,0,0.00028798,0.0,-,0.1318,0.0957,0.0734,0.0,0.0
100000004564736100,terminal,0.75,25,0.3008,"Получил 15 тыс ₸ от 1 плательщика (2 перевода), дальше ушло 0%",1524,"R5: out/in=0.00≤0.1, in=15 тыс ₸",-,confirmed_sink,False,0.0,False,3,1,0,15000.0,0.0,2,0,0.0,-1.0,0.0,0,0,0.00037676,0.0,-,0.1312,0.0346,0.1349,0.0,0.0
100000005619339100,transit,0.8,6,0.3008,"Получил 5 тыс ₸ от 1 плательщика (1 перевод), отправил 5 тыс ₸ 1 получателю (1 перевод); дальше ушло 109%",1525,R4: out/in=1.09∈[0.8;1.2],-,not_sink,False,1.0,False,2,1,1,5000.0,5442.6,1,1,1.0885,0.0,442.60000000000036,0,0,0.00032083,0.0,-,0.168,0.0236,0.1093,0.0,0.0
100000008297199100,terminal,0.753,1,0.3006,"Получил 42 тыс ₸ от 1 плательщика (1 перевод), дальше ушло 0%",1526,"R5: out/in=0.00≤0.1, in=42 тыс ₸",-,confirmed_sink,False,0.0,False,3,1,0,42268.0,0.0,1,0,0.0,-1.0,0.0,0,0,0.0002966,0.0,-,0.1318,0.0954,0.0734,0.0,0.0
100000006471232100,terminal,0.753,11,0.3001,"Получил 42 тыс ₸ от 1 плательщика (1 перевод), дальше ушло 0%",1527,"R5: out/in=0.00≤0.1, in=42 тыс ₸",-,confirmed_sink,False,0.0,False,3,1,0,41800.0,0.0,1,0,0.0,-1.0,0.0,0,0,0.00029209,0.0,-,0.1318,0.095,0.0734,0.0,0.0
100000006048193100,terminal,0.753,1,0.2999,"Получил 42 тыс ₸ от 1 плательщика (1 перевод), дальше ушло 0%",1528,"R5: out/in=0.00≤0.1, in=42 тыс ₸",-,confirmed_sink,False,0.0,False,3,1,0,41559.0,0.0,1,0,0.0,-1.0,0.0,0,0,0.00029641,0.0,-,0.1318,0.0948,0.0734,0.0,0.0
100000008151098100,terminal,0.738,23,0.2997,"4-е колено, исходящие не выгружены; получил 30 тыс ₸ от 1 плательщика (1 перевод). У узлов колен 1–3 с таким профилем пересылают дальше 26%",1529,T4: p_forward=0.26<0.5 (оценка по коленам 1–3),transit,truncated_depth,True,0.262,False,4,1,0,30000.0,0.0,1,0,0.0,-1.0,0.0,0,0,0.00030935,0.0,truncated,0.1291,0.0771,0.0935,0.0,0.0
100000002748581100,terminal,0.753,10,0.2995,"Получил 41 тыс ₸ от 1 плательщика (1 перевод), дальше ушло 0%",1530,"R5: out/in=0.00≤0.1, in=41 тыс ₸",-,confirmed_sink,False,0.0,False,3,1,0,41180.0,0.0,1,0,0.0,-1.0,0.0,0,0,0.00029721,0.0,-,0.1318,0.0943,0.0734,0.0,0.0
100000006746688100,terminal,0.753,11,0.2993,"Получил 41 тыс ₸ от 1 плательщика (1 перевод), дальше ушло 0%",1531,"R5: out/in=0.00≤0.1, in=41 тыс ₸",-,confirmed_sink,False,0.0,False,3,1,0,41000.0,0.0,1,0,0.0,-1.0,0.0,0,0,0.00029197,0.0,-,0.1318,0.0941,0.0734,0.0,0.0
100000007960337100,terminal,0.738,8,0.2992,"4-е колено, исходящие не выгружены; получил 36 тыс ₸ от 1 плательщика (1 перевод). У узлов колен 1–3 с таким профилем пересылают дальше 26%",1532,T4: p_forward=0.26<0.5 (оценка по коленам 1–3),transit,truncated_depth,True,0.262,False,4,1,0,35500.0,0.0,1,0,0.0,-1.0,0.0,0,0,0.00030277,0.0,truncated,0.1291,0.087,0.0831,0.0,0.0
100000004356593100,peripheral,0.525,5,0.299,"Смешанный профиль: получил 50 тыс ₸ от 1 плательщика (1 перевод), отправил 10 тыс ₸ 1 получателю (1 перевод); дальше ушло 20%",1533,R6: out/in=0.20 между 0.1 и 0.5,-,not_sink,False,1.0,False,2,1,1,50000.0,10000.0,1,1,0.2,0.0,0.0,0,0,0.00029345,1.922e-05,-,0.0184,0.1187,0.162,0.0,0.0
100000000408846100,terminal,0.753,23,0.299,"Получил 40 тыс ₸ от 1 плательщика (1 перевод), дальше ушло 0%",1534,"R5: out/in=0.00≤0.1, in=40 тыс ₸",-,confirmed_sink,False,0.0,False,3,1,0,40500.0,0.0,1,0,0.0,-1.0,0.0,0,0,0.00029573,0.0,-,0.1318,0.0938,0.0734,0.0,0.0
100000003246024100,peripheral,0.692,1,0.2988,"Смешанный профиль: получил 25 тыс ₸ от 1 плательщика (1 перевод), отправил 5 тыс ₸ 1 получателю (1 перевод); дальше ушло 20%",1535,R6: out/in=0.20 между 0.1 и 0.5,-,not_sink,False,1.0,False,2,1,1,25000.0,5000.0,1,1,0.2,0.2,0.0,0,0,0.00037134,0.00161169,-,0.0242,0.0771,0.1975,0.0,0.0
100000001418900100,terminal,0.753,11,0.2987,"Получил 40 тыс ₸ от 1 плательщика (2 перевода), дальше ушло 0%",1536,"R5: out/in=0.00≤0.1, in=40 тыс ₸",-,confirmed_sink,False,0.0,False,2,1,0,40140.0,0.0,2,0,0.0,-1.0,0.0,0,0,0.0002992,0.0,-,0.1318,0.0935,0.0734,0.0,0.0
100000005621418100,terminal,0.738,23,0.2979,"4-е колено, исходящие не выгружены; получил 30 тыс ₸ от 1 плательщика (1 перевод). У узлов колен 1–3 с таким профилем пересылают дальше 26%",1537,T4: p_forward=0.26<0.5 (оценка по коленам 1–3),transit,truncated_depth,True,0.262,False,4,1,0,30000.0,0.0,1,0,0.0,-1.0,0.0,0,0,0.00030783,0.0,truncated,0.1291,0.0771,0.0917,0.0,0.0
100000003943247100,terminal,0.753,1,0.2978,"Получил 40 тыс ₸ от 1 плательщика (1 перевод), дальше ушло 0%",1538,"R5: out/in=0.00≤0.1, in=40 тыс ₸",-,confirmed_sink,False,0.0,False,3,1,0,40000.0,0.0,1,0,0.0,-1.0,0.0,0,0,0.00028782,0.0,-,0.1318,0.0926,0.0734,0.0,0.0
100000002373144100,peripheral,0.535,1,0.2971,"Смешанный профиль: получил 46 тыс ₸ от 1 плательщика (1 перевод), отправил 11 тыс ₸ 1 получателю (1 перевод); дальше ушло 23%",1539,R6: out/in=0.23 между 0.1 и 0.5,-,not_sink,False,1.0,False,3,1,1,46468.0,10764.0,1,1,0.2316,0.0,0.0,0,0,0.00028969,1.922e-05,-,0.0187,0.1163,0.162,0.0,0.0
100000002951898100,terminal,0.753,10,0.2971,"Получил 40 тыс ₸ от 1 плательщика (1 перевод), дальше ушло 0%",1540,"R5: out/in=0.00≤0.1, in=40 тыс ₸",-,confirmed_sink,False,0.0,False,3,1,0,39990.0,0.0,1,0,0.0,-1.0,0.0,0,0,0.00029687,0.0,-,0.1318,0.092,0.0734,0.0,0.0
100000002809896100,terminal,0.752,12,0.2971,"Получил 38 тыс ₸ от 1 плательщика (1 перевод), дальше ушло 0%",1541,"R5: out/in=0.00≤0.1, in=38 тыс ₸",-,confirmed_sink,False,0.0,False,3,1,0,38000.0,0.0,1,0,0.0,-1.0,0.0,0,0,0.00029973,0.0,-,0.1316,0.0902,0.0754,0.0,0.0
100000007618425100,terminal,0.752,17,0.2964,"Получил 39 тыс ₸ от 1 плательщика (1 перевод), дальше ушло 0%",1542,"R5: out/in=0.00≤0.1, in=39 тыс ₸",-,confirmed_sink,False,0.0,False,3,1,0,39348.0,0.0,1,0,0.0,-1.0,0.0,0,0,0.00029507,0.0,-,0.1316,0.0914,0.0734,0.0,0.0
100000004488265100,terminal,0.752,8,0.2956,"Получил 39 тыс ₸ от 1 плательщика (1 перевод), дальше ушло 0%",1543,"R5: out/in=0.00≤0.1, in=39 тыс ₸",-,confirmed_sink,False,0.0,False,3,1,0,38740.0,0.0,1,0,0.0,-1.0,0.0,0,0,0.00029345,0.0,-,0.1316,0.0906,0.0734,0.0,0.0
100000002188586100,terminal,0.738,12,0.2954,"4-е колено, исходящие не выгружены; получил 38 тыс ₸ от 1 плательщика (1 перевод). У узлов колен 1–3 с таким профилем пересылают дальше 26%",1544,T4: p_forward=0.26<0.5 (оценка по коленам 1–3),transit,truncated_depth,True,0.262,False,4,1,0,38310.0,0.0,1,0,0.0,-1.0,0.0,0,0,0.00029991,0.0,truncated,0.1291,0.0904,0.0758,0.0,0.0
100000008715513100,terminal,0.738,59,0.2952,"4-е колено, исходящие не выгружены; получил 32 тыс ₸ от 1 плательщика (1 перевод). У узлов колен 1–3 с таким профилем пересылают дальше 26%",1545,T4: p_forward=0.26<0.5 (оценка по коленам 1–3),transit,truncated_depth,True,0.262,False,4,1,0,32500.0,0.0,1,0,0.0,-1.0,0.0,0,0,0.00030296,0.0,truncated,0.1291,0.0826,0.0835,0.0,0.0
100000008654653100,transit,0.512,6,0.2952,Seed: входящие вне выгрузки; отправил 54 тыс ₸ 1 получателю (1 перевод) — передаёт средства дальше по цепочке,1546,"R4s: seed с исходящими, входящие не наблюдаются",-,not_sink,False,1.0,True,0,0,1,0.0,54000.0,0,1,-1.0,-1.0,54000.0,0,1,0.00028557,0.0,-,0.0968,0.1024,0.0661,0.03,0.0
100000008680061100,terminal,0.598,3,0.2948,"4-е колено, исходящие не выгружены; получил 41 тыс ₸ от 1 плательщика (2 перевода). У узлов колен 1–3 с таким профилем пересылают дальше 40%",1547,T4: p_forward=0.40<0.5 (оценка по коленам 1–3),transit,truncated_depth,True,0.402,False,4,1,0,41300.0,0.0,2,0,0.0,-1.0,0.0,0,0,0.00031069,0.0,truncated,0.1046,0.0944,0.0957,0.0,0.0
100000004713684100,terminal,0.752,1,0.2944,"Получил 38 тыс ₸ от 1 плательщика (1 перевод), дальше ушло 0%",1548,"R5: out/in=0.00≤0.1, in=38 тыс ₸",-,confirmed_sink,False,0.0,False,3,1,0,37500.0,0.0,1,0,0.0,-1.0,0.0,0,0,0.00028768,0.0,-,0.1316,0.0894,0.0734,0.0,0.0
100000004723755100,transit,0.534,5,0.2944,Seed: входящие вне выгрузки; отправил 95 тыс ₸ 1 получателю (5 переводов) — передаёт средства дальше по цепочке,1549,"R4s: seed с исходящими, входящие не наблюдаются",-,not_sink,False,1.0,True,0,0,1,0.0,95000.0,0,5,-1.0,-1.0,95000.0,0,0,0.00028557,0.0,-,0.1009,0.1275,0.0661,0.0,0.0
100000001339466100,terminal,0.75,5,0.2941,"Получил 30 тыс ₸ от 1 плательщика (1 перевод), дальше ушло 0%",1550,"R5: out/in=0.00≤0.1, in=30 тыс ₸",-,confirmed_sink,False,0.0,False,2,1,0,30000.0,0.0,1,0,0.0,-1.0,0.0,0,0,0.0003039,0.0,-,0.1312,0.0771,0.0858,0.0,0.0
100000008671081100,terminal,0.752,11,0.294,"Получил 37 тыс ₸ от 1 плательщика (1 перевод), дальше ушло 0%",1551,"R5: out/in=0.00≤0.1, in=37 тыс ₸",-,confirmed_sink,False,0.0,False,3,1,0,37200.0,0.0,1,0,0.0,-1.0,0.0,0,0,0.00029138,0.0,-,0.1316,0.089,0.0734,0.0,0.0
100000008749405100,terminal,0.752,11,0.2938,"Получил 37 тыс ₸ от 1 плательщика (1 перевод), дальше ушло 0%",1552,"R5: out/in=0.00≤0.1, in=37 тыс ₸",-,confirmed_sink,False,0.0,False,3,1,0,37150.0,0.0,1,0,0.0,-1.0,0.0,0,0,0.00029137,0.0,-,0.1316,0.0888,0.0734,0.0,0.0
100000003109805100,terminal,0.752,17,0.2933,"Получил 37 тыс ₸ от 1 плательщика (1 перевод), дальше ушло 0%",1553,"R5: out/in=0.00≤0.1, in=37 тыс ₸",-,confirmed_sink,False,0.0,False,3,1,0,36929.0,0.0,1,0,0.0,-1.0,0.0,0,0,0.00029138,0.0,-,0.1316,0.0883,0.0734,0.0,0.0
100000008695133100,terminal,0.752,11,0.2931,"Получил 37 тыс ₸ от 1 плательщика (1 перевод), дальше ушло 0%",1554,"R5: out/in=0.00≤0.1, in=37 тыс ₸",-,confirmed_sink,False,0.0,False,3,1,0,36610.0,0.0,1,0,0.0,-1.0,0.0,0,0,0.00029128,0.0,-,0.1316,0.0881,0.0734,0.0,0.0
100000007988344100,terminal,0.598,1,0.2931,"4-е колено, исходящие не выгружены; получил 20 тыс ₸ от 1 плательщика (3 перевода). У узлов колен 1–3 с таким профилем пересылают дальше 40%",1555,T4: p_forward=0.40<0.5 (оценка по коленам 1–3),transit,truncated_depth,True,0.402,False,4,1,0,20000.0,0.0,3,0,0.0,-1.0,0.0,0,0,0.00038746,0.0,truncated,0.1046,0.0512,0.1373,0.0,0.0
100000002863356100,peripheral,0.512,11,0.2927,"Смешанный профиль: получил 45 тыс ₸ от 1 плательщика (1 перевод), отправил 20 тыс ₸ 1 получателю (1 перевод); дальше ушло 44%",1556,R6: out/in=0.44 между 0.1 и 0.5,-,not_sink,False,1.0,False,2,1,1,45000.0,20000.0,1,1,0.4444,0.0,0.0,0,0,0.00030085,1.39e-06,-,0.0179,0.1219,0.1528,0.0,0.0
100000008491390100,terminal,0.752,1,0.2926,"Получил 36 тыс ₸ от 1 плательщика (1 перевод), дальше ушло 0%",1557,"R5: out/in=0.00≤0.1, in=36 тыс ₸",-,confirmed_sink,False,0.0,False,3,1,0,36000.0,0.0,1,0,0.0,-1.0,0.0,0,0,0.0002876,0.0,-,0.1316,0.0876,0.0734,0.0,0.0
100000006249740100,transit,0.532,68,0.2925,Seed: входящие вне выгрузки; отправил 93 тыс ₸ 3 получателям (5 переводов) — передаёт средства дальше по цепочке,1558,"R4s: seed с исходящими, входящие не наблюдаются",-,not_sink,False,1.0,True,0,0,3,0.0,93007.0,0,5,-1.0,-1.0,93007.0,0,0,0.00028557,0.0,-,0.1005,0.1259,0.0661,0.0,0.0
100000002670463100,terminal,0.738,59,0.2922,"4-е колено, исходящие не выгружены; получил 32 тыс ₸ от 1 плательщика (1 перевод). У узлов колен 1–3 с таким профилем пересылают дальше 26%",1559,T4: p_forward=0.26<0.5 (оценка по коленам 1–3),transit,truncated_depth,True,0.262,False,4,1,0,31500.0,0.0,1,0,0.0,-1.0,0.0,0,0,0.00030243,0.0,truncated,0.1291,0.081,0.0821,0.0,0.0
100000001784279100,terminal,0.751,1,0.292,"Получил 36 тыс ₸ от 1 плательщика (1 перевод), дальше ушло 0%",1560,"R5: out/in=0.00≤0.1, in=36 тыс ₸",-,confirmed_sink,False,0.0,False,3,1,0,35674.0,0.0,1,0,0.0,-1.0,0.0,0,0,0.00028873,0.0,-,0.1314,0.0872,0.0734,0.0,0.0
100000000287768100,terminal,0.751,1,0.2915,"Получил 35 тыс ₸ от 1 плательщика (1 перевод), дальше ушло 0%",1561,"R5: out/in=0.00≤0.1, in=35 тыс ₸",-,confirmed_sink,False,0.0,False,3,1,0,35168.0,0.0,1,0,0.0,-1.0,0.0,0,0,0.00028869,0.0,-,0.1314,0.0866,0.0734,0.0,0.0
100000008782421100,terminal,0.453,11,0.291,"Получил 50 тыс ₸ от 1 плательщика (1 перевод), дальше ушло 0%; 100% поступило 30–31 июля — август не виден; seed среди плательщиков: 1",1562,"R5: out/in=0.00≤0.1, in=50 тыс ₸",-,truncated_time,False,0.0,False,1,1,0,49680.0,0.0,1,0,0.0,-1.0,0.0,1,0,0.000296,0.0,late_inflow,0.0793,0.105,0.0734,0.0333,0.0
100000008436257100,terminal,0.751,17,0.2907,"Получил 35 тыс ₸ от 2 плательщиков (2 перевода), дальше ушло 0%",1563,"R5: out/in=0.00≤0.1, in=35 тыс ₸",-,confirmed_sink,False,0.0,False,3,2,0,35000.0,0.0,2,0,0.0,-1.0,0.0,0,0,0.00029458,0.0,-,0.1314,0.0859,0.0734,0.0,0.0
100000008652094100,terminal,0.751,1,0.2907,"Получил 35 тыс ₸ от 1 плательщика (1 перевод), дальше ушло 0%",1564,"R5: out/in=0.00≤0.1, in=35 тыс ₸",-,confirmed_sink,False,0.0,False,3,1,0,35000.0,0.0,1,0,0.0,-1.0,0.0,0,0,0.00028754,0.0,-,0.1314,0.0859,0.0734,0.0,0.0
100000001065481100,terminal,0.598,21,0.2907,"4-е колено, исходящие не выгружены; получил 16 тыс ₸ от 1 плательщика (2 перевода). У узлов колен 1–3 с таким профилем пересылают дальше 40%",1565,T4: p_forward=0.40<0.5 (оценка по коленам 1–3),transit,truncated_depth,True,0.402,False,4,1,0,16000.0,0.0,2,0,0.0,-1.0,0.0,0,0,0.00043227,0.0,truncated,0.1046,0.0394,0.1466,0.0,0.0
100000008734279100,terminal,0.738,8,0.2905,"4-е колено, исходящие не выгружены; получил 32 тыс ₸ от 1 плательщика (1 перевод). У узлов колен 1–3 с таким профилем пересылают дальше 26%",1566,T4: p_forward=0.26<0.5 (оценка по коленам 1–3),transit,truncated_depth,True,0.262,False,4,1,0,31650.0,0.0,1,0,0.0,-1.0,0.0,0,0,0.00030133,0.0,truncated,0.1291,0.0813,0.0801,0.0,0.0
100000005744674100,transit,0.51,33,0.2902,Seed: входящие вне выгрузки; отправил 50 тыс ₸ 1 получателю (2 перевода) — передаёт средства дальше по цепочке,1567,"R4s: seed с исходящими, входящие не наблюдаются",-,not_sink,False,1.0,True,0,0,1,0.0,50066.0,0,2,-1.0,-1.0,50066.0,0,1,0.00028557,0.0,-,0.0964,0.0978,0.0661,0.03,0.0
100000002028158100,terminal,0.751,19,0.2901,"Получил 35 тыс ₸ от 1 плательщика (1 перевод), дальше ушло 0%",1568,"R5: out/in=0.00≤0.1, in=35 тыс ₸",-,confirmed_sink,False,0.0,False,2,1,0,34800.0,0.0,1,0,0.0,-1.0,0.0,0,0,0.00029664,0.0,-,0.1314,0.0853,0.0734,0.0,0.0
100000004456564100,terminal,0.75,10,0.2899,"Получил 10 тыс ₸ от 1 плательщика (2 перевода), дальше ушло 0%",1569,"R5: out/in=0.00≤0.1, in=10 тыс ₸",-,confirmed_sink,False,0.0,False,2,1,0,10000.0,0.0,2,0,0.0,-1.0,0.0,0,0,0.00039239,0.0,-,0.1312,0.0197,0.139,0.0,0.0
100000008575624100,transit,0.531,62,0.2898,Seed: входящие вне выгрузки; отправил 90 тыс ₸ 3 получателям (5 переводов) — передаёт средства дальше по цепочке,1570,"R4s: seed с исходящими, входящие не наблюдаются",-,not_sink,False,1.0,True,0,0,3,0.0,89500.0,0,5,-1.0,-1.0,89500.0,0,0,0.00028557,0.0,-,0.1004,0.1234,0.0661,0.0,0.0
100000005237935150,terminal,0.751,9,0.2897,"Получил 35 тыс ₸ от 1 плательщика (1 перевод), дальше ушло 0%",1571,"R5: out/in=0.00≤0.1, in=35 тыс ₸",-,confirmed_sink,False,0.0,False,2,1,0,34508.0,0.0,1,0,0.0,-1.0,0.0,0,0,0.00029798,0.0,-,0.1314,0.0849,0.0734,0.0,0.0
100000008667795100,terminal,0.751,11,0.2892,"Получил 34 тыс ₸ от 1 плательщика (1 перевод), дальше ушло 0%",1572,"R5: out/in=0.00≤0.1, in=34 тыс ₸",-,confirmed_sink,False,0.0,False,3,1,0,34000.0,0.0,1,0,0.0,-1.0,0.0,0,0,0.00029088,0.0,-,0.1314,0.0844,0.0734,0.0,0.0
100000008667799100,terminal,0.751,11,0.2892,"Получил 34 тыс ₸ от 1 плательщика (1 перевод), дальше ушло 0%",1573,"R5: out/in=0.00≤0.1, in=34 тыс ₸",-,confirmed_sink,False,0.0,False,3,1,0,34000.0,0.0,1,0,0.0,-1.0,0.0,0,0,0.00029088,0.0,-,0.1314,0.0844,0.0734,0.0,0.0
100000004971871100,peripheral,0.68,70,0.2892,"Смешанный профиль: получил 25 тыс ₸ от 1 плательщика (3 перевода), отправил 6 тыс ₸ 1 получателю (1 перевод); дальше ушло 22%",1574,R6: out/in=0.22 между 0.1 и 0.5,-,not_sink,False,1.0,True,0,1,1,25400.0,5650.0,3,1,0.2224,0.2224,0.0,0,0,0.00074303,0.0,in_cycle,0.0214,0.0721,0.1657,0.0,0.03
100000003066385100,terminal,0.75,1,0.2891,"Получил 20 тыс ₸ от 2 плательщиков (2 перевода), дальше ушло 0%; seed среди плательщиков: 1",1575,"R5: out/in=0.00≤0.1, in=20 тыс ₸",-,confirmed_sink,False,0.0,False,1,2,0,20000.0,0.0,2,0,0.0,-1.0,0.0,1,0,0.00029154,0.0,-,0.1312,0.0512,0.0734,0.0333,0.0
100000004193835100,peripheral,0.557,6,0.2888,"Смешанный профиль: получил 47 тыс ₸ от 1 плательщика (1 перевод), отправил 5 тыс ₸ 1 получателю (1 перевод); дальше ушло 11%",1576,R6: out/in=0.11 между 0.1 и 0.5,-,not_sink,False,1.0,True,0,1,1,47000.0,5000.0,1,1,0.1064,0.1064,0.0,0,1,0.00046993,6.68e-06,-,0.0175,0.0997,0.1416,0.03,0.0
100000008695566100,terminal,0.751,11,0.2887,"Получил 34 тыс ₸ от 1 плательщика (1 перевод), дальше ушло 0%",1577,"R5: out/in=0.00≤0.1, in=34 тыс ₸",-,confirmed_sink,False,0.0,False,3,1,0,33700.0,0.0,1,0,0.0,-1.0,0.0,0,0,0.00029083,0.0,-,0.1314,0.0839,0.0734,0.0,0.0
100000002613776100,terminal,0.75,5,0.2887,"Получил 30 тыс ₸ от 1 плательщика (2 перевода), дальше ушло 0%",1578,"R5: out/in=0.00≤0.1, in=30 тыс ₸",-,confirmed_sink,False,0.0,False,2,1,0,30000.0,0.0,2,0,0.0,-1.0,0.0,0,0,0.00030149,0.0,-,0.1312,0.0771,0.0804,0.0,0.0
100000003173783100,terminal,0.598,15,0.2885,"4-е колено, исходящие не выгружены; получил 24 тыс ₸ от 1 плательщика (2 перевода). У узлов колен 1–3 с таким профилем пересылают дальше 40%",1579,T4: p_forward=0.40<0.5 (оценка по коленам 1–3),transit,truncated_depth,True,0.402,False,4,1,0,23500.0,0.0,2,0,0.0,-1.0,0.0,0,0,0.00034682,0.0,truncated,0.1046,0.0598,0.1241,0.0,0.0
100000002737980100,terminal,0.751,6,0.2877,"Получил 33 тыс ₸ от 1 плательщика (1 перевод), дальше ушло 0%",1580,"R5: out/in=0.00≤0.1, in=33 тыс ₸",-,confirmed_sink,False,0.0,False,3,1,0,32900.0,0.0,1,0,0.0,-1.0,0.0,0,0,0.00029542,0.0,-,0.1314,0.0829,0.0734,0.0,0.0
100000004445291100,terminal,0.75,47,0.2869,"Получил 20 тыс ₸ от 1 плательщика (2 перевода), дальше ушло 0%",1581,"R5: out/in=0.00≤0.1, in=20 тыс ₸",-,confirmed_sink,False,0.0,False,3,1,0,19500.0,0.0,2,0,0.0,-1.0,0.0,0,0,0.00031924,0.0,-,0.1312,0.0483,0.1074,0.0,0.0
100000001110358100,terminal,0.751,1,0.2868,"Получил 32 тыс ₸ от 2 плательщиков (2 перевода), дальше ушло 0%",1582,"R5: out/in=0.00≤0.1, in=32 тыс ₸",-,confirmed_sink,False,0.0,False,3,2,0,32000.0,0.0,2,0,0.0,-1.0,0.0,0,0,0.00029299,0.0,-,0.1314,0.082,0.0734,0.0,0.0
100000003072676100,terminal,0.75,17,0.2857,"Получил 32 тыс ₸ от 1 плательщика (1 перевод), дальше ушло 0%",1583,"R5: out/in=0.00≤0.1, in=32 тыс ₸",-,confirmed_sink,False,0.0,False,3,1,0,31545.0,0.0,1,0,0.0,-1.0,0.0,0,0,0.00029319,0.0,-,0.1312,0.0811,0.0734,0.0,0.0
100000004526651100,terminal,0.738,2,0.2856,"4-е колено, исходящие не выгружены; получил 33 тыс ₸ от 1 плательщика (1 перевод). У узлов колен 1–3 с таким профилем пересылают дальше 26%",1584,T4: p_forward=0.26<0.5 (оценка по коленам 1–3),transit,truncated_depth,True,0.262,False,4,1,0,33000.0,0.0,1,0,0.0,-1.0,0.0,0,0,0.00028991,0.0,truncated,0.1291,0.0831,0.0734,0.0,0.0
100000005326681100,terminal,0.75,19,0.2853,"Получил 31 тыс ₸ от 1 плательщика (1 перевод), дальше ушло 0%",1585,"R5: out/in=0.00≤0.1, in=31 тыс ₸",-,confirmed_sink,False,0.0,False,2,1,0,31228.0,0.0,1,0,0.0,-1.0,0.0,0,0,0.0002955,0.0,-,0.1312,0.0806,0.0734,0.0,0.0
100000008684767100,terminal,0.75,11,0.2851,"Получил 31 тыс ₸ от 1 плательщика (1 перевод), дальше ушло 0%",1586,"R5: out/in=0.00≤0.1, in=31 тыс ₸",-,confirmed_sink,False,0.0,False,3,1,0,31100.0,0.0,1,0,0.0,-1.0,0.0,0,0,0.00029042,0.0,-,0.1312,0.0805,0.0734,0.0,0.0
100000008769097100,terminal,0.75,11,0.2851,"Получил 31 тыс ₸ от 1 плательщика (1 перевод), дальше ушло 0%",1587,"R5: out/in=0.00≤0.1, in=31 тыс ₸",-,confirmed_sink,False,0.0,False,3,1,0,31100.0,0.0,1,0,0.0,-1.0,0.0,0,0,0.00029042,0.0,-,0.1312,0.0805,0.0734,0.0,0.0
100000007982908100,terminal,0.75,11,0.2849,"Получил 31 тыс ₸ от 1 плательщика (1 перевод), дальше ушло 0%",1588,"R5: out/in=0.00≤0.1, in=31 тыс ₸",-,confirmed_sink,False,0.0,False,2,1,0,31080.0,0.0,1,0,0.0,-1.0,0.0,0,0,0.00029613,0.0,-,0.1312,0.0803,0.0734,0.0,0.0
100000004099450100,terminal,0.75,8,0.2845,"Получил 31 тыс ₸ от 1 плательщика (1 перевод), дальше ушло 0%",1589,"R5: out/in=0.00≤0.1, in=31 тыс ₸",-,confirmed_sink,False,0.0,False,3,1,0,31000.0,0.0,1,0,0.0,-1.0,0.0,0,0,0.00029617,0.0,-,0.1312,0.0798,0.0734,0.0,0.0
100000006967370100,peripheral,0.596,17,0.2838,"Смешанный профиль: получил 33 тыс ₸ от 1 плательщика (1 перевод), отправил 14 тыс ₸ 1 получателю (1 перевод); дальше ушло 41%",1590,R6: out/in=0.41 между 0.1 и 0.5,-,not_sink,False,1.0,False,3,1,1,33225.0,13526.27,1,1,0.4071,0.4071,0.0,0,0,0.00029359,1.922e-05,-,0.0209,0.101,0.162,0.0,0.0
100000008229700100,peripheral,0.682,28,0.2838,"Смешанный профиль: получил 24 тыс ₸ от 1 плательщика (1 перевод), отправил 7 тыс ₸ 1 получателю (1 перевод); дальше ушло 31%; seed среди плательщиков: 1",1591,R6: out/in=0.31 между 0.1 и 0.5,-,not_sink,False,1.0,False,1,1,1,23500.0,7200.0,1,1,0.3064,0.0,0.0,1,0,0.00028947,2e-07,-,0.0239,0.0794,0.1472,0.0333,0.0
100000005392290100,transit,0.527,69,0.2838,Seed: входящие вне выгрузки; отправил 81 тыс ₸ 1 получателю (1 перевод) — передаёт средства дальше по цепочке,1592,"R4s: seed с исходящими, входящие не наблюдаются",-,not_sink,False,1.0,True,0,0,1,0.0,81465.0,0,1,-1.0,-1.0,81465.0,0,0,0.00028557,0.0,-,0.0996,0.1182,0.0661,0.0,0.0
100000002702968100,terminal,0.738,12,0.2837,"4-е колено, исходящие не выгружены; получил 32 тыс ₸ от 1 плательщика (1 перевод). У узлов колен 1–3 с таким профилем пересылают дальше 26%",1593,T4: p_forward=0.26<0.5 (оценка по коленам 1–3),transit,truncated_depth,True,0.262,False,4,1,0,31600.0,0.0,1,0,0.0,-1.0,0.0,0,0,0.0002974,0.0,truncated,0.1291,0.0812,0.0734,0.0,0.0
100000002613929100,peripheral,0.706,12,0.2833,Разовое поступление: 29 тыс ₸ от 1 плательщика (1 перевод); дальше не отправлял,1594,R6: in=29 тыс ₸<30 тыс ₸ и 1 перевод,-,confirmed_sink,False,0.0,False,3,1,0,28560.0,0.0,1,0,0.0,-1.0,0.0,0,0,0.00078093,0.0,-,0.0247,0.0736,0.185,0.0,0.0
100000002736033100,peripheral,0.601,17,0.2828,"Смешанный профиль: получил 35 тыс ₸ от 1 плательщика (1 перевод), отправил 11 тыс ₸ 1 получателю (1 перевод); дальше ушло 32%",1595,R6: out/in=0.32 между 0.1 и 0.5,-,not_sink,False,1.0,False,3,1,1,34530.0,11000.0,1,1,0.3186,0.0,0.0,0,0,0.00029518,1.922e-05,-,0.021,0.0998,0.162,0.0,0.0
100000002660298100,terminal,0.738,12,0.2822,"4-е колено, исходящие не выгружены; получил 31 тыс ₸ от 1 плательщика (1 перевод). У узлов колен 1–3 с таким профилем пересылают дальше 26%",1596,T4: p_forward=0.26<0.5 (оценка по коленам 1–3),transit,truncated_depth,True,0.262,False,4,1,0,30900.0,0.0,1,0,0.0,-1.0,0.0,0,0,0.00029714,0.0,truncated,0.1291,0.0796,0.0734,0.0,0.0
100000008782800100,terminal,0.452,11,0.2821,"Получил 43 тыс ₸ от 1 плательщика (1 перевод), дальше ушло 0%; 100% поступило 30–31 июля — август не виден; seed среди плательщиков: 1",1597,"R5: out/in=0.00≤0.1, in=43 тыс ₸",-,truncated_time,False,0.0,False,1,1,0,43381.0,0.0,1,0,0.0,-1.0,0.0,1,0,0.00029467,0.0,late_inflow,0.0791,0.0963,0.0734,0.0333,0.0
100000008776298100,terminal,0.452,11,0.2817,"Получил 43 тыс ₸ от 1 плательщика (1 перевод), дальше ушло 0%; 100% поступило 30–31 июля — август не виден; seed среди плательщиков: 1",1598,"R5: out/in=0.00≤0.1, in=43 тыс ₸",-,truncated_time,False,0.0,False,1,1,0,42800.0,0.0,1,0,0.0,-1.0,0.0,1,0,0.00029455,0.0,late_inflow,0.0791,0.0959,0.0734,0.0333,0.0
100000001578517100,terminal,0.75,6,0.2817,"Получил 30 тыс ₸ от 1 плательщика (1 перевод), дальше ушло 0%",1599,"R5: out/in=0.00≤0.1, in=30 тыс ₸",-,confirmed_sink,False,0.0,False,2,1,0,30000.0,0.0,1,0,0.0,-1.0,0.0,0,0,0.00029054,0.0,-,0.1312,0.0771,0.0734,0.0,0.0
100000002173070100,terminal,0.75,6,0.2817,"Получил 30 тыс ₸ от 1 плательщика (1 перевод), дальше ушло 0%",1600,"R5: out/in=0.00≤0.1, in=30 тыс ₸",-,confirmed_sink,False,0.0,False,2,1,0,30000.0,0.0,1,0,0.0,-1.0,0.0,0,0,0.00029054,0.0,-,0.1312,0.0771,0.0734,0.0,0.0
100000003157333100,terminal,0.75,7,0.2817,"Получил 30 тыс ₸ от 1 плательщика (1 перевод), дальше ушло 0%",1601,"R5: out/in=0.00≤0.1, in=30 тыс ₸",-,confirmed_sink,False,0.0,False,2,1,0,30000.0,0.0,1,0,0.0,-1.0,0.0,0,0,0.00029126,0.0,-,0.1312,0.0771,0.0734,0.0,0.0
100000003814002100,terminal,0.75,3,0.2817,"Получил 30 тыс ₸ от 1 плательщика (1 перевод), дальше ушло 0%",1602,"R5: out/in=0.00≤0.1, in=30 тыс ₸",-,confirmed_sink,False,0.0,False,3,1,0,30000.0,0.0,1,0,0.0,-1.0,0.0,0,0,0.00028654,0.0,-,0.1312,0.0771,0.0734,0.0,0.0
100000004825069100,terminal,0.75,11,0.2817,"Получил 30 тыс ₸ от 1 плательщика (4 перевода), дальше ушло 0%",1603,"R5: out/in=0.00≤0.1, in=30 тыс ₸",-,confirmed_sink,False,0.0,False,2,1,0,30000.0,0.0,4,0,0.0,-1.0,0.0,0,0,0.00029576,0.0,-,0.1312,0.0771,0.0734,0.0,0.0
100000008473765100,terminal,0.75,8,0.2817,"Получил 30 тыс ₸ от 1 плательщика (1 перевод), дальше ушло 0%",1604,"R5: out/in=0.00≤0.1, in=30 тыс ₸",-,confirmed_sink,False,0.0,False,3,1,0,30000.0,0.0,1,0,0.0,-1.0,0.0,0,0,0.00029167,0.0,-,0.1312,0.0771,0.0734,0.0,0.0
100000004047887100,terminal,0.738,26,0.2796,"4-е колено, исходящие не выгружены; получил 30 тыс ₸ от 1 плательщика (1 перевод). У узлов колен 1–3 с таким профилем пересылают дальше 26%",1605,T4: p_forward=0.26<0.5 (оценка по коленам 1–3),transit,truncated_depth,True,0.262,False,4,1,0,30000.0,0.0,1,0,0.0,-1.0,0.0,0,0,0.00028801,0.0,truncated,0.1291,0.0771,0.0734,0.0,0.0
100000000655469100,terminal,0.598,52,0.2791,"4-е колено, исходящие не выгружены; получил 20 тыс ₸ от 1 плательщика (2 перевода). У узлов колен 1–3 с таким профилем пересылают дальше 40%",1606,T4: p_forward=0.40<0.5 (оценка по коленам 1–3),transit,truncated_depth,True,0.402,False,4,1,0,20000.0,0.0,2,0,0.0,-1.0,0.0,0,0,0.00034543,0.0,truncated,0.1046,0.0512,0.1233,0.0,0.0
100000002593038100,peripheral,0.706,28,0.2787,Разовое поступление: 28 тыс ₸ от 1 плательщика (1 перевод); дальше не отправлял,1607,R6: in=28 тыс ₸<30 тыс ₸ и 1 перевод,-,confirmed_sink,False,0.0,False,2,1,0,28500.0,0.0,1,0,0.0,-1.0,0.0,0,0,0.00065861,0.0,-,0.0247,0.0734,0.1806,0.0,0.0
100000008753061100,terminal,0.75,11,0.2777,"Получил 28 тыс ₸ от 1 плательщика (2 перевода), дальше ушло 0%",1608,"R5: out/in=0.00≤0.1, in=28 тыс ₸",-,confirmed_sink,False,0.0,False,3,1,0,28400.0,0.0,2,0,0.0,-1.0,0.0,0,0,0.00029,0.0,-,0.1312,0.0731,0.0734,0.0,0.0
100000008776420100,terminal,0.456,11,0.2775,"Получил 70 тыс ₸ от 1 плательщика (1 перевод), дальше ушло 0%; 100% поступило 30–31 июля — август не виден",1609,"R5: out/in=0.00≤0.1, in=70 тыс ₸",-,truncated_time,False,0.0,False,3,1,0,69500.0,0.0,1,0,0.0,-1.0,0.0,0,0,0.00029642,0.0,late_inflow,0.0798,0.1243,0.0734,0.0,0.0
100000003177533100,terminal,0.598,8,0.2756,"4-е колено, исходящие не выгружены; получил 20 тыс ₸ от 1 плательщика (3 перевода). У узлов колен 1–3 с таким профилем пересылают дальше 40%",1610,T4: p_forward=0.40<0.5 (оценка по коленам 1–3),transit,truncated_depth,True,0.402,False,4,1,0,20000.0,0.0,3,0,0.0,-1.0,0.0,0,0,0.0003382,0.0,truncated,0.1046,0.0512,0.1198,0.0,0.0
100000007484343100,terminal,0.75,1,0.2753,"Получил 27 тыс ₸ от 2 плательщиков (2 перевода), дальше ушло 0%",1611,"R5: out/in=0.00≤0.1, in=27 тыс ₸",-,confirmed_sink,False,0.0,False,3,2,0,26757.0,0.0,2,0,0.0,-1.0,0.0,0,0,0.00028913,0.0,-,0.1312,0.0706,0.0734,0.0,0.0
100000002229615100,peripheral,0.74,52,0.2742,"Разовый перевод 25 тыс ₸ от 1 плательщика; 4-е колено, исходящие не выгружены",1612,R6: разовый перевод 25 тыс ₸ < 30 тыс ₸,-,truncated_depth,True,0.262,False,4,1,0,25000.0,0.0,1,0,0.0,-1.0,0.0,0,0,0.0007185,0.0,truncated,0.0259,0.0651,0.1832,0.0,0.0
100000006656003100,peripheral,0.703,11,0.2723,"Смешанный профиль: получил 20 тыс ₸ от 1 плательщика (1 перевод), отправил 9 тыс ₸ 1 получателю (1 перевод); дальше ушло 45%; seed среди плательщиков: 1",1613,R6: out/in=0.45 между 0.1 и 0.5,-,not_sink,False,1.0,False,1,1,1,20000.0,9000.0,1,1,0.45,0.45,0.0,1,1,0.00028977,0.0,in_cycle,0.0246,0.0743,0.0734,0.0667,0.0333
100000001785161100,terminal,0.45,15,0.2716,"Получил 30 тыс ₸ от 2 плательщиков (2 перевода), дальше ушло 0%; 50% поступило 30–31 июля — август не виден",1614,"R5: out/in=0.00≤0.1, in=30 тыс ₸",-,truncated_time,False,0.0,False,3,2,0,30000.0,0.0,2,0,0.0,-1.0,0.0,0,0,0.00033122,0.0,late_inflow,0.0788,0.0771,0.1157,0.0,0.0
100000001597505100,peripheral,0.634,64,0.2715,"Смешанный профиль: получил 26 тыс ₸ от 1 плательщика (1 перевод), отправил 13 тыс ₸ 1 получателю (1 перевод); дальше ушло 49%",1615,R6: out/in=0.49 между 0.1 и 0.5,-,not_sink,False,1.0,False,2,1,1,26460.0,12920.0,1,1,0.4883,0.0,0.0,0,0,0.00031476,9.79e-06,-,0.0222,0.0915,0.1577,0.0,0.0
100000008619857100,peripheral,0.619,1,0.2709,"Смешанный профиль: получил 29 тыс ₸ от 1 плательщика (1 перевод), отправил 13 тыс ₸ 2 получателям (2 перевода); дальше ушло 45%",1616,R6: out/in=0.45 между 0.1 и 0.5,-,not_sink,False,1.0,False,3,1,2,29000.0,13000.0,1,2,0.4483,0.2759,0.0,0,0,0.0002872,1.76e-06,-,0.0217,0.0952,0.154,0.0,0.0
100000006351075100,terminal,0.598,34,0.2707,"4-е колено, исходящие не выгружены; получил 40 тыс ₸ от 1 плательщика (2 перевода). У узлов колен 1–3 с таким профилем пересылают дальше 40%",1617,T4: p_forward=0.40<0.5 (оценка по коленам 1–3),transit,truncated_depth,True,0.402,False,4,1,0,40000.0,0.0,2,0,0.0,-1.0,0.0,0,0,0.00029109,0.0,truncated,0.1046,0.0926,0.0734,0.0,0.0
100000008471634100,peripheral,0.795,47,0.2706,"Разовый перевод 20 тыс ₸ от 1 плательщика; 4-е колено, исходящие не выгружены",1618,R6: разовый перевод 20 тыс ₸ < 30 тыс ₸,-,truncated_depth,True,0.262,False,4,1,0,20000.0,0.0,1,0,0.0,-1.0,0.0,0,0,0.00112461,0.0,truncated,0.0278,0.0512,0.1916,0.0,0.0
100000004714705100,transit,0.503,33,0.2703,Seed: входящие вне выгрузки; отправил 37 тыс ₸ 1 получателю (1 перевод) — передаёт средства дальше по цепочке,1619,"R4s: seed с исходящими, входящие не наблюдаются",-,not_sink,False,1.0,True,0,0,1,0.0,36550.0,0,1,-1.0,-1.0,36550.0,0,1,0.00028557,0.0,-,0.0951,0.0792,0.0661,0.03,0.0
100000004959752100,peripheral,0.77,5,0.2696,Разовое поступление: 22 тыс ₸ от 1 плательщика (1 перевод); дальше не отправлял,1620,R6: in=22 тыс ₸<30 тыс ₸ и 1 перевод,-,truncated_time,False,0.0,False,3,1,0,22200.0,0.0,1,0,0.0,-1.0,0.0,0,0,0.00078487,0.0,late_inflow,0.027,0.0576,0.1851,0.0,0.0
100000001279875100,terminal,0.453,9,0.2687,"Получил 49 тыс ₸ от 1 плательщика (1 перевод), дальше ушло 0%; 100% поступило 30–31 июля — август не виден",1621,"R5: out/in=0.00≤0.1, in=49 тыс ₸",-,truncated_time,False,0.0,False,2,1,0,49235.0,0.0,1,0,0.0,-1.0,0.0,0,0,0.00030327,0.0,late_inflow,0.0793,0.1049,0.0845,0.0,0.0
100000003736419100,peripheral,0.667,1,0.2687,"Смешанный профиль: получил 23 тыс ₸ от 1 плательщика (1 перевод), отправил 10 тыс ₸ 1 получателю (1 перевод); дальше ушло 43%",1622,R6: out/in=0.43 между 0.1 и 0.5,-,not_sink,False,1.0,False,3,1,1,23300.0,10000.0,1,1,0.4292,0.4292,0.0,0,0,0.00029165,1.922e-05,-,0.0233,0.0834,0.162,0.0,0.0
100000004350094100,peripheral,0.795,16,0.2679,"Разовый перевод 20 тыс ₸ от 1 плательщика; 4-е колено, исходящие не выгружены",1623,R6: разовый перевод 20 тыс ₸ < 30 тыс ₸,-,truncated_depth,True,0.262,False,4,1,0,20000.0,0.0,1,0,0.0,-1.0,0.0,0,0,0.00089395,0.0,truncated,0.0278,0.0512,0.189,0.0,0.0
100000004467157100,peripheral,0.715,35,0.2667,"Смешанный профиль: получил 20 тыс ₸ от 1 плательщика (3 перевода), отправил 7 тыс ₸ 1 получателю (1 перевод); дальше ушло 35%",1624,R6: out/in=0.35 между 0.1 и 0.5,-,not_sink,False,1.0,False,2,1,1,20000.0,7000.0,3,1,0.35,0.0,0.0,0,0,0.00038656,0.0,in_cycle,0.025,0.0713,0.137,0.0,0.0333
100000008779584100,terminal,0.45,11,0.2663,"Получил 31 тыс ₸ от 1 плательщика (1 перевод), дальше ушло 0%; 100% поступило 30–31 июля — август не виден; seed среди плательщиков: 1",1625,"R5: out/in=0.00≤0.1, in=31 тыс ₸",-,truncated_time,False,0.0,False,1,1,0,31400.0,0.0,1,0,0.0,-1.0,0.0,1,0,0.00029216,0.0,late_inflow,0.0788,0.0808,0.0734,0.0333,0.0
100000002628146100,terminal,0.45,64,0.2652,"Получил 30 тыс ₸ от 1 плательщика (2 перевода), дальше ушло 0%; 100% поступило 30–31 июля — август не виден",1626,"R5: out/in=0.00≤0.1, in=30 тыс ₸",-,truncated_time,False,0.0,False,2,1,0,30500.0,0.0,2,0,0.0,-1.0,0.0,0,0,0.00031922,0.0,late_inflow,0.0788,0.0792,0.1073,0.0,0.0
100000002916006100,transit,0.501,33,0.2645,Seed: входящие вне выгрузки; отправил 32 тыс ₸ 1 получателю (1 перевод) — передаёт средства дальше по цепочке,1627,"R4s: seed с исходящими, входящие не наблюдаются",-,not_sink,False,1.0,True,0,0,1,0.0,32000.0,0,1,-1.0,-1.0,32000.0,0,1,0.00028557,0.0,-,0.0947,0.0738,0.0661,0.03,0.0
100000005809252100,peripheral,0.74,3,0.2641,Разовое поступление: 25 тыс ₸ от 1 плательщика (1 перевод); дальше не отправлял,1628,R6: in=25 тыс ₸<30 тыс ₸ и 1 перевод,-,truncated_time,False,0.0,False,2,1,0,25000.0,0.0,1,0,0.0,-1.0,0.0,0,0,0.00056713,0.0,late_inflow,0.0259,0.0651,0.1731,0.0,0.0
100000004911971100,terminal,0.598,32,0.264,"4-е колено, исходящие не выгружены; получил 35 тыс ₸ от 1 плательщика (3 перевода). У узлов колен 1–3 с таким профилем пересылают дальше 40%",1629,T4: p_forward=0.40<0.5 (оценка по коленам 1–3),transit,truncated_depth,True,0.402,False,4,1,0,35000.0,0.0,3,0,0.0,-1.0,0.0,0,0,0.00028905,0.0,truncated,0.1046,0.0859,0.0734,0.0,0.0
100000005233755100,peripheral,0.692,17,0.2633,"Смешанный профиль: получил 25 тыс ₸ от 1 плательщика (1 перевод), отправил 5 тыс ₸ 1 получателю (1 перевод); дальше ушло 20%",1630,R6: out/in=0.20 между 0.1 и 0.5,-,not_sink,False,1.0,False,3,1,1,25000.0,5000.0,1,1,0.2,0.2,0.0,0,0,0.00029161,1.922e-05,-,0.0242,0.0771,0.162,0.0,0.0
100000000404740100,peripheral,0.74,47,0.263,"Разовый перевод 25 тыс ₸ от 1 плательщика; 4-е колено, исходящие не выгружены",1631,R6: разовый перевод 25 тыс ₸ < 30 тыс ₸,-,truncated_depth,True,0.262,False,4,1,0,25000.0,0.0,1,0,0.0,-1.0,0.0,0,0,0.00055799,0.0,truncated,0.0259,0.0651,0.172,0.0,0.0
100000001490461100,peripheral,0.74,12,0.2629,"Смешанный профиль: получил 20 тыс ₸ от 1 плательщика (1 перевод), отправил 5 тыс ₸ 1 получателю (1 перевод); дальше ушло 25%",1632,R6: out/in=0.25 между 0.1 и 0.5,-,not_sink,False,1.0,False,2,1,1,20000.0,5000.0,1,1,0.25,0.0,0.0,0,0,0.00032099,2.199e-05,-,0.0259,0.0651,0.1719,0.0,0.0
100000000629812100,terminal,0.75,56,0.2618,"Получил 22 тыс ₸ от 2 плательщиков (2 перевода), дальше ушло 0%",1633,"R5: out/in=0.00≤0.1, in=22 тыс ₸",-,confirmed_sink,False,0.0,False,2,2,0,22000.0,0.0,2,0,0.0,-1.0,0.0,0,0,0.00029798,0.0,-,0.1312,0.0571,0.0734,0.0,0.0
100000005939154100,terminal,0.75,6,0.2618,"Получил 22 тыс ₸ от 1 плательщика (2 перевода), дальше ушло 0%",1634,"R5: out/in=0.00≤0.1, in=22 тыс ₸",-,confirmed_sink,False,0.0,False,2,1,0,22000.0,0.0,2,0,0.0,-1.0,0.0,0,0,0.0002937,0.0,-,0.1312,0.0571,0.0734,0.0,0.0
100000000560751100,peripheral,0.74,21,0.2615,Разовое поступление: 25 тыс ₸ от 1 плательщика (1 перевод); дальше не отправлял,1635,R6: in=25 тыс ₸<30 тыс ₸ и 1 перевод,-,confirmed_sink,False,0.0,False,3,1,0,25000.0,0.0,1,0,0.0,-1.0,0.0,0,0,0.00055245,0.0,-,0.0259,0.0651,0.1705,0.0,0.0
100000004064431100,peripheral,0.65,27,0.2614,"Смешанный профиль: получил 26 тыс ₸ от 1 плательщика (1 перевод), отправил 10 тыс ₸ 1 получателю (1 перевод); дальше ушло 38%",1636,R6: out/in=0.38 между 0.1 и 0.5,-,not_sink,False,1.0,False,3,1,1,26000.0,10000.0,1,1,0.3846,0.3846,0.0,0,0,0.00029105,9.9e-07,-,0.0228,0.0876,0.1511,0.0,0.0
100000001641789100,peripheral,0.82,7,0.2608,Разовое поступление: 18 тыс ₸ от 1 плательщика (1 перевод); дальше не отправлял; seed среди плательщиков: 1,1637,R6: in=18 тыс ₸<30 тыс ₸ и 1 перевод,-,confirmed_sink,False,0.0,False,1,1,0,17826.0,0.0,1,0,0.0,-1.0,0.0,1,0,0.00048958,0.0,-,0.0287,0.0449,0.1538,0.0333,0.0
100000003617552100,peripheral,0.74,43,0.2606,Разовое поступление: 25 тыс ₸ от 1 плательщика (1 перевод); дальше не отправлял,1638,R6: in=25 тыс ₸<30 тыс ₸ и 1 перевод,-,confirmed_sink,False,0.0,False,2,1,0,25000.0,0.0,1,0,0.0,-1.0,0.0,0,0,0.00055105,0.0,-,0.0259,0.0651,0.1696,0.0,0.0
100000000954884100,terminal,0.451,41,0.2602,"Получил 34 тыс ₸ от 1 плательщика (1 перевод), дальше ушло 0%; 100% поступило 30–31 июля — август не виден",1639,"R5: out/in=0.00≤0.1, in=34 тыс ₸",-,truncated_time,False,0.0,False,3,1,0,34000.0,0.0,1,0,0.0,-1.0,0.0,0,0,0.0003115,0.0,late_inflow,0.0789,0.0844,0.0969,0.0,0.0
100000004655046100,peripheral,0.752,12,0.2601,"Разовый перевод 24 тыс ₸ от 1 плательщика; 4-е колено, исходящие не выгружены",1640,R6: разовый перевод 24 тыс ₸ < 30 тыс ₸,-,truncated_depth,True,0.262,False,4,1,0,24000.0,0.0,1,0,0.0,-1.0,0.0,0,0,0.00055751,0.0,truncated,0.0263,0.0621,0.1717,0.0,0.0
100000001250022100,terminal,0.453,7,0.2598,"Получил 50 тыс ₸ от 1 плательщика (1 перевод), дальше ушло 0%; 100% поступило 30–31 июля — август не виден",1641,"R5: out/in=0.00≤0.1, in=50 тыс ₸",-,truncated_time,False,0.0,False,2,1,0,50000.0,0.0,1,0,0.0,-1.0,0.0,0,0,0.00029505,0.0,late_inflow,0.0793,0.1071,0.0734,0.0,0.0
100000003711830100,terminal,0.453,8,0.2598,"Получил 50 тыс ₸ от 1 плательщика (1 перевод), дальше ушло 0%; 100% поступило 30–31 июля — август не виден",1642,"R5: out/in=0.00≤0.1, in=50 тыс ₸",-,truncated_time,False,0.0,False,3,1,0,50000.0,0.0,1,0,0.0,-1.0,0.0,0,0,0.00029574,0.0,late_inflow,0.0793,0.1071,0.0734,0.0,0.0
100000001639766100,peripheral,0.795,7,0.2588,Разовое поступление: 20 тыс ₸ от 1 плательщика (1 перевод); дальше не отправлял,1643,R6: in=20 тыс ₸<30 тыс ₸ и 1 перевод,-,confirmed_sink,False,0.0,False,3,1,0,20000.0,0.0,1,0,0.0,-1.0,0.0,0,0,0.00065066,0.0,-,0.0278,0.0512,0.1798,0.0,0.0
100000003370425100,peripheral,0.795,21,0.2585,"Разовый перевод 20 тыс ₸ от 1 плательщика; 4-е колено, исходящие не выгружены",1644,R6: разовый перевод 20 тыс ₸ < 30 тыс ₸,-,truncated_depth,True,0.262,False,4,1,0,20000.0,0.0,1,0,0.0,-1.0,0.0,0,0,0.00064795,0.0,truncated,0.0278,0.0512,0.1795,0.0,0.0
100000003622955100,peripheral,0.861,14,0.2585,"Разовый перевод 15 тыс ₸ от 1 плательщика; 4-е колено, исходящие не выгружены",1645,R6: разовый перевод 15 тыс ₸ < 30 тыс ₸,-,truncated_depth,True,0.262,False,4,1,0,15000.0,0.0,1,0,0.0,-1.0,0.0,0,0,0.00133426,0.0,truncated,0.0301,0.0346,0.1938,0.0,0.0
100000006288612100,terminal,0.598,28,0.2576,"4-е колено, исходящие не выгружены; получил 31 тыс ₸ от 1 плательщика (3 перевода). У узлов колен 1–3 с таким профилем пересылают дальше 40%",1646,T4: p_forward=0.40<0.5 (оценка по коленам 1–3),transit,truncated_depth,True,0.402,False,4,1,0,30805.0,0.0,3,0,0.0,-1.0,0.0,0,0,0.00029762,0.0,truncated,0.1046,0.0795,0.0734,0.0,0.0
100000007267915100,peripheral,0.681,17,0.2576,"Смешанный профиль: получил 21 тыс ₸ от 2 плательщиков (3 перевода), отправил 10 тыс ₸ 1 получателю (1 перевод); дальше ушло 48%",1647,R6: out/in=0.48 между 0.1 и 0.5,-,not_sink,False,1.0,False,3,2,1,21000.0,10000.0,3,1,0.4762,0.2381,0.0,0,0,0.00029139,1.67e-06,-,0.0238,0.0798,0.1539,0.0,0.0
100000004241142100,peripheral,0.712,1,0.2563,"Разовый перевод 27 тыс ₸ от 1 плательщика; 4-е колено, исходящие не выгружены",1648,R6: разовый перевод 27 тыс ₸ < 30 тыс ₸,-,truncated_depth,True,0.262,False,4,1,0,27102.0,0.0,1,0,0.0,-1.0,0.0,0,0,0.00053013,0.0,truncated,0.0249,0.072,0.1594,0.0,0.0
100000005685783100,peripheral,0.725,11,0.256,"Разовый перевод 26 тыс ₸ от 1 плательщика; 4-е колено, исходящие не выгружены",1649,R6: разовый перевод 26 тыс ₸ < 30 тыс ₸,-,truncated_depth,True,0.262,False,4,1,0,26150.0,0.0,1,0,0.0,-1.0,0.0,0,0,0.00053206,0.0,truncated,0.0254,0.0687,0.1619,0.0,0.0
100000007337374100,terminal,0.75,11,0.2558,"Получил 20 тыс ₸ от 1 плательщика (2 перевода), дальше ушло 0%",1650,"R5: out/in=0.00≤0.1, in=20 тыс ₸",-,confirmed_sink,False,0.0,False,2,1,0,20000.0,0.0,2,0,0.0,-1.0,0.0,0,0,0.00029236,0.0,-,0.1312,0.0512,0.0734,0.0,0.0
100000001845505100,peripheral,0.795,8,0.2548,"Разовый перевод 20 тыс ₸ от 1 плательщика; 4-е колено, исходящие не выгружены",1651,R6: разовый перевод 20 тыс ₸ < 30 тыс ₸,-,truncated_depth,True,0.262,False,4,1,0,20000.0,0.0,1,0,0.0,-1.0,0.0,0,0,0.00059238,0.0,truncated,0.0278,0.0512,0.1758,0.0,0.0
100000006882208100,peripheral,0.817,6,0.2537,Разовое поступление: 18 тыс ₸ от 1 плательщика (1 перевод); дальше не отправлял,1652,R6: in=18 тыс ₸<30 тыс ₸ и 1 перевод,-,confirmed_sink,False,0.0,False,3,1,0,18000.0,0.0,1,0,0.0,-1.0,0.0,0,0,0.00064032,0.0,-,0.0286,0.0459,0.1793,0.0,0.0
100000002748511100,peripheral,0.795,6,0.2522,"Разовый перевод 20 тыс ₸ от 1 плательщика; 4-е колено, исходящие не выгружены",1653,R6: разовый перевод 20 тыс ₸ < 30 тыс ₸,-,truncated_depth,True,0.262,False,4,1,0,20000.0,0.0,1,0,0.0,-1.0,0.0,0,0,0.00056749,0.0,truncated,0.0278,0.0512,0.1732,0.0,0.0
100000000806727100,peripheral,0.572,5,0.2508,"Смешанный профиль: получил 45 тыс ₸ от 1 плательщика (1 перевод), отправил 5 тыс ₸ 1 получателю (1 перевод); дальше ушло 11%",1654,R6: out/in=0.11 между 0.1 и 0.5,-,not_sink,False,1.0,False,2,1,1,45000.0,5000.0,1,1,0.1111,0.0,0.0,0,0,0.00034586,0.0,-,0.02,0.1071,0.1237,0.0,0.0
100000002908521100,terminal,0.452,11,0.25,"Получил 44 тыс ₸ от 1 плательщика (1 перевод), дальше ушло 0%; 100% поступило 30–31 июля — август не виден",1655,"R5: out/in=0.00≤0.1, in=44 тыс ₸",-,truncated_time,False,0.0,False,3,1,0,44500.0,0.0,1,0,0.0,-1.0,0.0,0,0,0.00029251,0.0,late_inflow,0.0791,0.0975,0.0734,0.0,0.0
100000006844004100,peripheral,0.781,5,0.2498,Разовое поступление: 21 тыс ₸ от 1 плательщика (1 перевод); дальше не отправлял,1656,R6: in=21 тыс ₸<30 тыс ₸ и 1 перевод,-,confirmed_sink,False,0.0,False,3,1,0,20600.0,0.0,1,0,0.0,-1.0,0.0,0,0,0.00054544,0.0,-,0.0273,0.0547,0.1678,0.0,0.0
100000004691350100,peripheral,0.881,45,0.2488,"Разовый перевод 13 тыс ₸ от 1 плательщика; 4-е колено, исходящие не выгружены",1657,R6: разовый перевод 13 тыс ₸ < 30 тыс ₸,-,truncated_depth,True,0.262,False,4,1,0,13300.0,0.0,1,0,0.0,-1.0,0.0,0,0,0.00088706,0.0,truncated,0.0308,0.0296,0.1883,0.0,0.0
100000004441291100,peripheral,0.795,5,0.2482,Разовое поступление: 20 тыс ₸ от 1 плательщика (1 перевод); дальше не отправлял,1658,R6: in=20 тыс ₸<30 тыс ₸ и 1 перевод,-,confirmed_sink,False,0.0,False,2,1,0,20000.0,0.0,1,0,0.0,-1.0,0.0,0,0,0.00054884,0.0,-,0.0278,0.0512,0.1692,0.0,0.0
100000001202787100,terminal,0.504,1,0.247,"4-е колено, исходящие не выгружены; получил 15 тыс ₸ от 2 плательщиков (2 перевода). У узлов колен 1–3 с таким профилем пересылают дальше 50%",1659,T4: p_forward=0.50<0.5 (оценка по коленам 1–3),transit,truncated_depth,True,0.496,False,4,2,0,14850.0,0.0,2,0,0.0,-1.0,0.0,0,0,0.00035114,0.0,truncated,0.0882,0.033,0.1258,0.0,0.0
100000002459164100,peripheral,0.795,1,0.2462,Разовое поступление: 20 тыс ₸ от 1 плательщика (1 перевод); дальше не отправлял,1660,R6: in=20 тыс ₸<30 тыс ₸ и 1 перевод,-,truncated_time,False,0.0,False,3,1,0,20000.0,0.0,1,0,0.0,-1.0,0.0,0,0,0.00054183,0.0,late_inflow,0.0278,0.0512,0.1673,0.0,0.0
100000005756535100,peripheral,0.795,11,0.2462,Разовое поступление: 20 тыс ₸ от 1 плательщика (1 перевод); дальше не отправлял,1661,R6: in=20 тыс ₸<30 тыс ₸ и 1 перевод,-,confirmed_sink,False,0.0,False,3,1,0,20000.0,0.0,1,0,0.0,-1.0,0.0,0,0,0.0005416,0.0,-,0.0278,0.0512,0.1672,0.0,0.0
100000004791226100,peripheral,0.795,1,0.246,"Разовый перевод 20 тыс ₸ от 1 плательщика; 4-е колено, исходящие не выгружены",1662,R6: разовый перевод 20 тыс ₸ < 30 тыс ₸,-,truncated_depth,True,0.262,False,4,1,0,20000.0,0.0,1,0,0.0,-1.0,0.0,0,0,0.00054148,0.0,truncated,0.0278,0.0512,0.167,0.0,0.0
100000002832753100,peripheral,0.889,19,0.2433,"Разовый перевод 12 тыс ₸ от 1 плательщика; 4-е колено, исходящие не выгружены",1663,R6: разовый перевод 12 тыс ₸ < 30 тыс ₸,-,truncated_depth,True,0.262,False,4,1,0,12500.0,0.0,1,0,0.0,-1.0,0.0,0,0,0.00075553,0.0,truncated,0.0311,0.0278,0.1844,0.0,0.0
100000007653094100,peripheral,0.842,21,0.243,"Разовый перевод 16 тыс ₸ от 1 плательщика; 4-е колено, исходящие не выгружены",1664,R6: разовый перевод 16 тыс ₸ < 30 тыс ₸,-,truncated_depth,True,0.262,False,4,1,0,16000.0,0.0,1,0,0.0,-1.0,0.0,0,0,0.00057547,0.0,truncated,0.0295,0.0394,0.1741,0.0,0.0
100000007347733100,peripheral,0.764,68,0.2427,Разовое поступление: 23 тыс ₸ от 1 плательщика (1 перевод); дальше не отправлял; seed среди плательщиков: 1,1665,R6: in=23 тыс ₸<30 тыс ₸ и 1 перевод,-,truncated_time,False,0.0,False,1,1,0,23007.0,0.0,1,0,0.0,-1.0,0.0,1,0,0.00034568,0.0,late_inflow,0.0267,0.0591,0.1236,0.0333,0.0
100000008461217100,peripheral,0.817,66,0.2424,"Разовый перевод 18 тыс ₸ от 1 плательщика; 4-е колено, исходящие не выгружены",1666,R6: разовый перевод 18 тыс ₸ < 30 тыс ₸,-,truncated_depth,True,0.262,False,4,1,0,18000.0,0.0,1,0,0.0,-1.0,0.0,0,0,0.00054559,0.0,truncated,0.0286,0.0459,0.1679,0.0,0.0
100000003500764100,peripheral,0.778,17,0.2423,"Разовый перевод 21 тыс ₸ от 1 плательщика; 4-е колено, исходящие не выгружены",1667,R6: разовый перевод 21 тыс ₸ < 30 тыс ₸,-,truncated_depth,True,0.262,False,4,1,0,21000.0,0.0,1,0,0.0,-1.0,0.0,0,0,0.00053019,0.0,truncated,0.0272,0.0555,0.1596,0.0,0.0
100000006918814100,terminal,0.598,5,0.2418,"4-е колено, исходящие не выгружены; получил 20 тыс ₸ от 1 плательщика (2 перевода). У узлов колен 1–3 с таким профилем пересылают дальше 40%",1668,T4: p_forward=0.40<0.5 (оценка по коленам 1–3),transit,truncated_depth,True,0.402,False,4,1,0,20000.0,0.0,2,0,0.0,-1.0,0.0,0,0,0.00030433,0.0,truncated,0.1046,0.0512,0.086,0.0,0.0
100000002369510100,terminal,0.451,11,0.2411,"Получил 37 тыс ₸ от 1 плательщика (1 перевод), дальше ушло 0%; 100% поступило 30–31 июля — август не виден",1669,"R5: out/in=0.00≤0.1, in=37 тыс ₸",-,truncated_time,False,0.0,False,3,1,0,37150.0,0.0,1,0,0.0,-1.0,0.0,0,0,0.00029137,0.0,late_inflow,0.0789,0.0888,0.0734,0.0,0.0
100000007629121100,peripheral,0.703,5,0.2392,Разовое поступление: 29 тыс ₸ от 1 плательщика (1 перевод); дальше не отправлял,1670,R6: in=29 тыс ₸<30 тыс ₸ и 1 перевод,-,confirmed_sink,False,0.0,False,2,1,0,29000.0,0.0,1,0,0.0,-1.0,0.0,0,0,0.00039604,0.0,-,0.0246,0.0743,0.1403,0.0,0.0
100000004260869100,peripheral,0.921,6,0.2388,"Разовый перевод 10 тыс ₸ от 1 плательщика; 4-е колено, исходящие не выгружены",1671,R6: разовый перевод 10 тыс ₸ < 30 тыс ₸,-,truncated_depth,True,0.262,False,4,1,0,10000.0,0.0,1,0,0.0,-1.0,0.0,0,0,0.00084221,0.0,truncated,0.0322,0.0197,0.1869,0.0,0.0
100000003078839100,terminal,0.598,8,0.2382,"4-е колено, исходящие не выгружены; получил 14 тыс ₸ от 1 плательщика (2 перевода). У узлов колен 1–3 с таким профилем пересылают дальше 40%",1672,T4: p_forward=0.40<0.5 (оценка по коленам 1–3),transit,truncated_depth,True,0.402,False,4,1,0,14000.0,0.0,2,0,0.0,-1.0,0.0,0,0,0.00031479,0.0,truncated,0.1046,0.0311,0.1025,0.0,0.0
100000004988240100,peripheral,0.795,1,0.2381,"Разовый перевод 20 тыс ₸ от 1 плательщика; 4-е колено, исходящие не выгружены",1673,R6: разовый перевод 20 тыс ₸ < 30 тыс ₸,-,truncated_depth,True,0.262,False,4,1,0,20000.0,0.0,1,0,0.0,-1.0,0.0,0,0,0.00052993,0.0,truncated,0.0278,0.0512,0.1592,0.0,0.0
100000000795033100,peripheral,0.813,1,0.2377,Разовое поступление: 18 тыс ₸ от 1 плательщика (1 перевод); дальше не отправлял,1674,R6: in=18 тыс ₸<30 тыс ₸ и 1 перевод,-,confirmed_sink,False,0.0,False,2,1,0,18200.0,0.0,1,0,0.0,-1.0,0.0,0,0,0.00053302,0.0,-,0.0285,0.0467,0.1625,0.0,0.0
100000008547295100,peripheral,0.861,7,0.2376,Разовое поступление: 15 тыс ₸ от 1 плательщика (1 перевод); дальше не отправлял,1675,R6: in=15 тыс ₸<30 тыс ₸ и 1 перевод,-,truncated_time,False,0.0,False,3,1,0,15000.0,0.0,1,0,0.0,-1.0,0.0,0,0,0.00056297,0.0,late_inflow,0.0301,0.0346,0.1728,0.0,0.0
100000001557930100,terminal,0.451,7,0.2374,"Получил 35 тыс ₸ от 1 плательщика (1 перевод), дальше ушло 0%; 100% поступило 30–31 июля — август не виден",1676,"R5: out/in=0.00≤0.1, in=35 тыс ₸",-,truncated_time,False,0.0,False,2,1,0,34610.0,0.0,1,0,0.0,-1.0,0.0,0,0,0.00029213,0.0,late_inflow,0.0789,0.0851,0.0734,0.0,0.0
100000004806903100,peripheral,0.817,5,0.2374,Разовое поступление: 18 тыс ₸ от 1 плательщика (1 перевод); дальше не отправлял,1677,R6: in=18 тыс ₸<30 тыс ₸ и 1 перевод,-,confirmed_sink,False,0.0,False,2,1,0,18000.0,0.0,1,0,0.0,-1.0,0.0,0,0,0.00053354,0.0,-,0.0286,0.0459,0.1629,0.0,0.0
100000003561031100,peripheral,0.813,8,0.2373,"Смешанный профиль: получил 13 тыс ₸ от 1 плательщика (1 перевод), отправил 5 тыс ₸ 1 получателю (1 перевод); дальше ушло 38%",1678,R6: out/in=0.38 между 0.1 и 0.5,-,not_sink,False,1.0,False,3,1,1,13300.0,5000.0,1,1,0.3759,0.0,0.0,0,0,0.00028828,1.922e-05,-,0.0285,0.0468,0.162,0.0,0.0
100000001598625100,peripheral,0.74,8,0.2369,"Разовый перевод 25 тыс ₸ от 1 плательщика; 4-е колено, исходящие не выгружены",1679,R6: разовый перевод 25 тыс ₸ < 30 тыс ₸,-,truncated_depth,True,0.262,False,4,1,0,25000.0,0.0,1,0,0.0,-1.0,0.0,0,0,0.00042888,0.0,truncated,0.0259,0.0651,0.1459,0.0,0.0
100000002369454100,peripheral,0.74,8,0.2369,"Разовый перевод 25 тыс ₸ от 1 плательщика; 4-е колено, исходящие не выгружены",1680,R6: разовый перевод 25 тыс ₸ < 30 тыс ₸,-,truncated_depth,True,0.262,False,4,1,0,25000.0,0.0,1,0,0.0,-1.0,0.0,0,0,0.00042888,0.0,truncated,0.0259,0.0651,0.1459,0.0,0.0
100000004400480100,peripheral,0.774,9,0.2367,"Разовый перевод 22 тыс ₸ от 1 плательщика; 4-е колено, исходящие не выгружены",1681,R6: разовый перевод 22 тыс ₸ < 30 тыс ₸,-,truncated_depth,True,0.262,False,4,1,0,21700.0,0.0,1,0,0.0,-1.0,0.0,0,0,0.00048457,0.0,truncated,0.0271,0.0566,0.153,0.0,0.0
100000008503177100,terminal,0.451,8,0.2363,"Получил 34 тыс ₸ от 1 плательщика (1 перевод), дальше ушло 0%; 100% поступило 30–31 июля — август не виден",1682,"R5: out/in=0.00≤0.1, in=34 тыс ₸",-,truncated_time,False,0.0,False,3,1,0,33951.0,0.0,1,0,0.0,-1.0,0.0,0,0,0.00029248,0.0,late_inflow,0.0789,0.084,0.0734,0.0,0.0
100000004970752100,peripheral,0.921,1,0.2359,Разовое поступление: 10 тыс ₸ от 1 плательщика (1 перевод); дальше не отправлял,1683,R6: in=10 тыс ₸<30 тыс ₸ и 1 перевод,-,confirmed_sink,False,0.0,False,3,1,0,10000.0,0.0,1,0,0.0,-1.0,0.0,0,0,0.00074286,0.0,-,0.0322,0.0197,0.184,0.0,0.0
100000005495211100,peripheral,0.871,1,0.2351,"Разовый перевод 14 тыс ₸ от 1 плательщика; 4-е колено, исходящие не выгружены",1684,R6: разовый перевод 14 тыс ₸ < 30 тыс ₸,-,truncated_depth,True,0.262,False,4,1,0,14500.0,0.0,1,0,0.0,-1.0,0.0,0,0,0.00055996,0.0,truncated,0.0305,0.0323,0.1723,0.0,0.0
100000004386286100,peripheral,0.889,28,0.2351,"Разовый перевод 12 тыс ₸ от 1 плательщика; 4-е колено, исходящие не выгружены",1685,R6: разовый перевод 12 тыс ₸ < 30 тыс ₸,-,truncated_depth,True,0.262,False,4,1,0,12500.0,0.0,1,0,0.0,-1.0,0.0,0,0,0.00059729,0.0,truncated,0.0311,0.0278,0.1762,0.0,0.0
100000003188607100,peripheral,0.765,7,0.2349,"Смешанный профиль: получил 18 тыс ₸ от 1 плательщика (1 перевод), отправил 5 тыс ₸ 1 получателю (1 перевод); дальше ушло 28%",1686,R6: out/in=0.28 между 0.1 и 0.5,-,not_sink,False,1.0,False,2,1,1,18000.0,5000.0,1,1,0.2778,0.0,0.0,0,0,0.00031476,5.9e-07,-,0.0268,0.0587,0.1495,0.0,0.0
100000002514975100,peripheral,0.82,23,0.2346,"Разовый перевод 18 тыс ₸ от 1 плательщика; 4-е колено, исходящие не выгружены",1687,R6: разовый перевод 18 тыс ₸ < 30 тыс ₸,-,truncated_depth,True,0.262,False,4,1,0,17920.0,0.0,1,0,0.0,-1.0,0.0,0,0,0.00053104,0.0,truncated,0.0287,0.045,0.1609,0.0,0.0
100000004222274100,peripheral,0.853,1,0.2344,"Разовый перевод 16 тыс ₸ от 1 плательщика; 4-е колено, исходящие не выгружены",1688,R6: разовый перевод 16 тыс ₸ < 30 тыс ₸,-,truncated_depth,True,0.262,False,4,1,0,15500.0,0.0,1,0,0.0,-1.0,0.0,0,0,0.00054542,0.0,truncated,0.0299,0.0368,0.1677,0.0,0.0
100000008141170100,peripheral,0.902,6,0.2344,Разовое поступление: 11 тыс ₸ от 1 плательщика (1 перевод); дальше не отправлял,1689,R6: in=11 тыс ₸<30 тыс ₸ и 1 перевод,-,confirmed_sink,False,0.0,False,2,1,0,11000.0,0.0,1,0,0.0,-1.0,0.0,0,0,0.0006219,0.0,-,0.0316,0.0246,0.1782,0.0,0.0
100000008130868100,peripheral,0.768,9,0.234,"Разовый перевод 23 тыс ₸ от 1 плательщика; 4-е колено, исходящие не выгружены",1690,R6: разовый перевод 23 тыс ₸ < 30 тыс ₸,-,truncated_depth,True,0.262,False,4,1,0,22782.0,0.0,1,0,0.0,-1.0,0.0,0,0,0.0004516,0.0,truncated,0.0269,0.0581,0.1491,0.0,0.0
100000005941908100,peripheral,0.921,10,0.2339,Разовое поступление: 10 тыс ₸ от 1 плательщика (1 перевод); дальше не отправлял,1691,R6: in=10 тыс ₸<30 тыс ₸ и 1 перевод,-,confirmed_sink,False,0.0,False,3,1,0,10000.0,0.0,1,0,0.0,-1.0,0.0,0,0,0.00069235,0.0,-,0.0322,0.0197,0.182,0.0,0.0
100000004616845100,terminal,0.598,38,0.2323,"4-е колено, исходящие не выгружены; получил 20 тыс ₸ от 1 плательщика (2 перевода). У узлов колен 1–3 с таким профилем пересылают дальше 40%",1692,T4: p_forward=0.40<0.5 (оценка по коленам 1–3),transit,truncated_depth,True,0.402,False,4,1,0,20200.0,0.0,2,0,0.0,-1.0,0.0,0,0,0.00028882,0.0,truncated,0.1046,0.0542,0.0734,0.0,0.0
100000008774237100,peripheral,0.525,27,0.232,"Смешанный профиль: получил 50 тыс ₸ от 1 плательщика (1 перевод), отправил 10 тыс ₸ 1 получателю (1 перевод); дальше ушло 20%",1693,R6: out/in=0.20 между 0.1 и 0.5,-,not_sink,False,1.0,False,2,1,1,50000.0,10000.0,1,1,0.2,0.2,0.0,0,0,0.00031035,0.0,-,0.0184,0.1187,0.0949,0.0,0.0
100000001677389100,peripheral,0.838,17,0.2318,"Смешанный профиль: получил 11 тыс ₸ от 1 плательщика (1 перевод), отправил 5 тыс ₸ 1 получателю (1 перевод); дальше ушло 49%",1694,R6: out/in=0.49 между 0.1 и 0.5,-,not_sink,False,1.0,False,3,1,1,11000.0,5400.0,1,1,0.4909,0.0,0.0,0,0,0.00028863,1.922e-05,-,0.0293,0.0404,0.162,0.0,0.0
100000005367180100,peripheral,0.95,8,0.2308,"Разовый перевод 8 тыс ₸ от 1 плательщика; 4-е колено, исходящие не выгружены",1695,R6: разовый перевод 8 тыс ₸ < 30 тыс ₸,-,truncated_depth,True,0.262,False,4,1,0,7700.0,0.0,1,0,0.0,-1.0,0.0,0,0,0.0007828,0.0,truncated,0.0332,0.0125,0.1851,0.0,0.0
100000008686247100,peripheral,0.715,4,0.2303,"Смешанный профиль: получил 22 тыс ₸ от 1 плательщика (2 перевода), отправил 5 тыс ₸ 1 получателю (1 перевод); дальше ушло 23%",1696,R6: out/in=0.23 между 0.1 и 0.5,-,not_sink,False,1.0,False,3,1,1,22000.0,5000.0,2,1,0.2273,0.0,0.0,0,0,0.00031367,0.0,in_cycle,0.025,0.0713,0.1006,0.0,0.0333
100000003200071100,transit,0.5,71,0.2299,Seed: входящие вне выгрузки; отправил 30 тыс ₸ 1 получателю (1 перевод) — передаёт средства дальше по цепочке,1697,"R4s: seed с исходящими, входящие не наблюдаются",-,not_sink,False,1.0,True,0,0,1,0.0,30000.0,0,1,-1.0,-1.0,30000.0,0,0,0.00028557,0.0,-,0.0945,0.0694,0.0661,0.0,0.0
100000002820010100,terminal,0.45,7,0.2292,"Получил 30 тыс ₸ от 1 плательщика (1 перевод), дальше ушло 0%; 100% поступило 30–31 июля — август не виден",1698,"R5: out/in=0.00≤0.1, in=30 тыс ₸",-,truncated_time,False,0.0,False,2,1,0,30000.0,0.0,1,0,0.0,-1.0,0.0,0,0,0.00029126,0.0,late_inflow,0.0788,0.0771,0.0734,0.0,0.0
100000004788983100,peripheral,0.715,1,0.2292,"Разовый перевод 27 тыс ₸ от 1 плательщика; 4-е колено, исходящие не выгружены",1699,R6: разовый перевод 27 тыс ₸ < 30 тыс ₸,-,truncated_depth,True,0.262,False,4,1,0,27000.0,0.0,1,0,0.0,-1.0,0.0,0,0,0.00036947,0.0,truncated,0.025,0.0713,0.1328,0.0,0.0
100000000981693100,peripheral,0.837,1,0.2288,"Разовый перевод 16 тыс ₸ от 1 плательщика; 4-е колено, исходящие не выгружены",1700,R6: разовый перевод 16 тыс ₸ < 30 тыс ₸,-,truncated_depth,True,0.262,False,4,1,0,16500.0,0.0,1,0,0.0,-1.0,0.0,0,0,0.00052908,0.0,truncated,0.0293,0.0409,0.1586,0.0,0.0
100000005087923100,peripheral,0.795,24,0.2287,"Разовый перевод 20 тыс ₸ от 1 плательщика; 4-е колено, исходящие не выгружены",1701,R6: разовый перевод 20 тыс ₸ < 30 тыс ₸,-,truncated_depth,True,0.262,False,4,1,0,20000.0,0.0,1,0,0.0,-1.0,0.0,0,0,0.00046058,0.0,truncated,0.0278,0.0512,0.1497,0.0,0.0
100000006714366100,peripheral,0.853,21,0.2287,"Смешанный профиль: получил 10 тыс ₸ от 1 плательщика (1 перевод), отправил 5 тыс ₸ 1 получателю (1 перевод); дальше ушло 48%",1702,R6: out/in=0.48 между 0.1 и 0.5,-,not_sink,False,1.0,False,3,1,1,10500.0,5000.0,1,1,0.4762,0.4762,0.0,0,0,0.00028946,1.922e-05,-,0.0299,0.0368,0.162,0.0,0.0
100000000926766100,peripheral,0.746,47,0.2286,"Смешанный профиль: получил 19 тыс ₸ от 1 плательщика (1 перевод), отправил 6 тыс ₸ 1 получателю (1 перевод); дальше ушло 32%",1703,R6: out/in=0.32 между 0.1 и 0.5,-,not_sink,False,1.0,False,3,1,1,18750.0,6000.0,1,1,0.32,0.32,0.0,0,0,0.00031794,0.0,in_cycle,0.0261,0.0635,0.1057,0.0,0.0333
100000004041294100,terminal,0.598,47,0.2283,"4-е колено, исходящие не выгружены; получил 18 тыс ₸ от 1 плательщика (2 перевода). У узлов колен 1–3 с таким профилем пересылают дальше 40%",1704,T4: p_forward=0.40<0.5 (оценка по коленам 1–3),transit,truncated_depth,True,0.402,False,4,1,0,17800.0,0.0,2,0,0.0,-1.0,0.0,0,0,0.00030085,0.0,truncated,0.1046,0.0448,0.0788,0.0,0.0
100000002540033100,peripheral,0.921,13,0.2279,"Разовый перевод 10 тыс ₸ от 1 плательщика; 4-е колено, исходящие не выгружены",1705,R6: разовый перевод 10 тыс ₸ < 30 тыс ₸,-,truncated_depth,True,0.262,False,4,1,0,10000.0,0.0,1,0,0.0,-1.0,0.0,0,0,0.00059609,0.0,truncated,0.0322,0.0197,0.176,0.0,0.0
100000004379306100,peripheral,0.861,8,0.2266,"Разовый перевод 15 тыс ₸ от 1 плательщика; 4-е колено, исходящие не выгружены",1706,R6: разовый перевод 15 тыс ₸ < 30 тыс ₸,-,truncated_depth,True,0.262,False,4,1,0,15000.0,0.0,1,0,0.0,-1.0,0.0,0,0,0.00053205,0.0,truncated,0.0301,0.0346,0.1618,0.0,0.0
100000002320495100,peripheral,0.88,17,0.2251,"Разовый перевод 14 тыс ₸ от 1 плательщика; 4-е колено, исходящие не выгружены",1707,R6: разовый перевод 14 тыс ₸ < 30 тыс ₸,-,truncated_depth,True,0.262,False,4,1,0,13526.27,0.0,1,0,0.0,-1.0,0.0,0,0,0.00053542,0.0,truncated,0.0308,0.03,0.1642,0.0,0.0
100000008677368100,peripheral,0.88,7,0.2243,"Разовый перевод 14 тыс ₸ от 1 плательщика; 4-е колено, исходящие не выгружены",1708,R6: разовый перевод 14 тыс ₸ < 30 тыс ₸,-,truncated_depth,True,0.262,False,4,1,0,13500.0,0.0,1,0,0.0,-1.0,0.0,0,0,0.00053403,0.0,truncated,0.0308,0.0299,0.1636,0.0,0.0
100000008060273100,terminal,0.75,5,0.2243,"Получил 10 тыс ₸ от 1 плательщика (2 перевода), дальше ушло 0%",1709,"R5: out/in=0.00≤0.1, in=10 тыс ₸",-,confirmed_sink,False,0.0,False,2,1,0,10000.0,0.0,2,0,0.0,-1.0,0.0,0,0,0.00029897,0.0,-,0.1312,0.0197,0.0734,0.0,0.0
100000003086040100,peripheral,0.905,1,0.224,Разовое поступление: 10 тыс ₸ от 1 плательщика (1 перевод); дальше не отправлял,1710,R6: in=10 тыс ₸<30 тыс ₸ и 1 перевод,-,confirmed_sink,False,0.0,False,2,1,0,10500.0,0.0,1,0,0.0,-1.0,0.0,0,0,0.00054806,0.0,-,0.0317,0.0237,0.1687,0.0,0.0
100000001530740100,peripheral,0.861,6,0.2239,Разовое поступление: 15 тыс ₸ от 1 плательщика (1 перевод); дальше не отправлял,1711,R6: in=15 тыс ₸<30 тыс ₸ и 1 перевод,-,confirmed_sink,False,0.0,False,2,1,0,15000.0,0.0,1,0,0.0,-1.0,0.0,0,0,0.00052982,0.0,-,0.0301,0.0346,0.1591,0.0,0.0
100000006161893100,peripheral,0.876,6,0.2232,Разовое поступление: 14 тыс ₸ от 1 плательщика (1 перевод); дальше не отправлял,1712,R6: in=14 тыс ₸<30 тыс ₸ и 1 перевод,-,confirmed_sink,False,0.0,False,2,1,0,14000.0,0.0,1,0,0.0,-1.0,0.0,0,0,0.00053185,0.0,-,0.0307,0.0311,0.1615,0.0,0.0
100000005010159100,peripheral,0.952,8,0.223,"Разовый перевод 7 тыс ₸ от 1 плательщика; 4-е колено, исходящие не выгружены",1713,R6: разовый перевод 7 тыс ₸ < 30 тыс ₸,-,truncated_depth,True,0.262,False,4,1,0,7092.0,0.0,1,0,0.0,-1.0,0.0,0,0,0.00061437,0.0,truncated,0.0333,0.012,0.1777,0.0,0.0
100000004265639100,peripheral,0.921,8,0.2223,"Разовый перевод 10 тыс ₸ от 1 плательщика; 4-е колено, исходящие не выгружены",1714,R6: разовый перевод 10 тыс ₸ < 30 тыс ₸,-,truncated_depth,True,0.262,False,4,1,0,10000.0,0.0,1,0,0.0,-1.0,0.0,0,0,0.00055232,0.0,truncated,0.0322,0.0197,0.1704,0.0,0.0
100000008474391100,peripheral,0.795,25,0.2213,Разовое поступление: 20 тыс ₸ от 1 плательщика (1 перевод); дальше не отправлял,1715,R6: in=20 тыс ₸<30 тыс ₸ и 1 перевод,-,confirmed_sink,False,0.0,False,3,1,0,20000.0,0.0,1,0,0.0,-1.0,0.0,0,0,0.00040715,0.0,-,0.0278,0.0512,0.1423,0.0,0.0
100000001202637100,peripheral,0.921,12,0.221,"Разовый перевод 10 тыс ₸ от 1 плательщика; 4-е колено, исходящие не выгружены",1716,R6: разовый перевод 10 тыс ₸ < 30 тыс ₸,-,truncated_depth,True,0.262,False,4,1,0,10000.0,0.0,1,0,0.0,-1.0,0.0,0,0,0.00054877,0.0,truncated,0.0322,0.0197,0.1691,0.0,0.0
100000004800452100,peripheral,0.959,3,0.221,"Разовый перевод 7 тыс ₸ от 1 плательщика; 4-е колено, исходящие не выгружены",1717,R6: разовый перевод 7 тыс ₸ < 30 тыс ₸,-,truncated_depth,True,0.262,False,4,1,0,6544.53,0.0,1,0,0.0,-1.0,0.0,0,0,0.00060798,0.0,truncated,0.0336,0.0103,0.1771,0.0,0.0
100000008327791100,peripheral,0.902,17,0.2208,"Разовый перевод 11 тыс ₸ от 1 плательщика; 4-е колено, исходящие не выгружены",1718,R6: разовый перевод 11 тыс ₸ < 30 тыс ₸,-,truncated_depth,True,0.262,False,4,1,0,11000.0,0.0,1,0,0.0,-1.0,0.0,0,0,0.00053677,0.0,truncated,0.0316,0.0246,0.1647,0.0,0.0
100000002227989100,peripheral,0.795,52,0.2188,"Разовый перевод 20 тыс ₸ от 1 плательщика; 4-е колено, исходящие не выгружены",1719,R6: разовый перевод 20 тыс ₸ < 30 тыс ₸,-,truncated_depth,True,0.262,False,4,1,0,20000.0,0.0,1,0,0.0,-1.0,0.0,0,0,0.00039446,0.0,truncated,0.0278,0.0512,0.1398,0.0,0.0
100000003646145100,peripheral,0.984,64,0.2186,"Разовый перевод 5 тыс ₸ от 1 плательщика; 4-е колено, исходящие не выгружены",1720,R6: разовый перевод 5 тыс ₸ < 30 тыс ₸,-,truncated_depth,True,0.262,False,4,1,0,5000.0,0.0,1,0,0.0,-1.0,0.0,0,0,0.00065368,0.0,truncated,0.0344,0.004,0.1802,0.0,0.0
100000004232712100,peripheral,0.889,3,0.2176,"Разовый перевод 12 тыс ₸ от 1 плательщика; 4-е колено, исходящие не выгружены",1721,R6: разовый перевод 12 тыс ₸ < 30 тыс ₸,-,truncated_depth,True,0.262,False,4,1,0,12500.0,0.0,1,0,0.0,-1.0,0.0,0,0,0.00052928,0.0,truncated,0.0311,0.0278,0.1587,0.0,0.0
100000006693788100,peripheral,0.904,1,0.2176,"Разовый перевод 11 тыс ₸ от 1 плательщика; 4-е колено, исходящие не выгружены",1722,R6: разовый перевод 11 тыс ₸ < 30 тыс ₸,-,truncated_depth,True,0.262,False,4,1,0,10764.0,0.0,1,0,0.0,-1.0,0.0,0,0,0.00053209,0.0,truncated,0.0316,0.0239,0.162,0.0,0.0
100000006491963100,terminal,0.598,59,0.2175,"4-е колено, исходящие не выгружены; получил 16 тыс ₸ от 1 плательщика (3 перевода). У узлов колен 1–3 с таким профилем пересылают дальше 40%",1723,T4: p_forward=0.40<0.5 (оценка по коленам 1–3),transit,truncated_depth,True,0.402,False,4,1,0,16000.0,0.0,3,0,0.0,-1.0,0.0,0,0,0.00029413,0.0,truncated,0.1046,0.0394,0.0734,0.0,0.0
100000002728246100,peripheral,0.921,3,0.2174,"Разовый перевод 10 тыс ₸ от 1 плательщика; 4-е колено, исходящие не выгружены",1724,R6: разовый перевод 10 тыс ₸ < 30 тыс ₸,-,truncated_depth,True,0.262,False,4,1,0,10000.0,0.0,1,0,0.0,-1.0,0.0,0,0,0.00053864,0.0,truncated,0.0322,0.0197,0.1655,0.0,0.0
100000008588665100,peripheral,0.74,1,0.2173,"Разовый перевод 25 тыс ₸ от 1 плательщика; 4-е колено, исходящие не выгружены",1725,R6: разовый перевод 25 тыс ₸ < 30 тыс ₸,-,truncated_depth,True,0.262,False,4,1,0,25000.0,0.0,1,0,0.0,-1.0,0.0,0,0,0.00035249,0.0,truncated,0.0259,0.0651,0.1262,0.0,0.0
100000005669845100,peripheral,0.795,43,0.2173,Разовое поступление: 20 тыс ₸ от 1 плательщика (1 перевод); дальше не отправлял; seed среди плательщиков: 1,1726,R6: in=20 тыс ₸<30 тыс ₸ и 1 перевод,-,confirmed_sink,False,0.0,False,1,1,0,20000.0,0.0,1,0,0.0,-1.0,0.0,1,0,0.00031754,0.0,-,0.0278,0.0512,0.105,0.0333,0.0
100000002721825100,peripheral,0.902,1,0.2173,Разовое поступление: 11 тыс ₸ от 1 плательщика (1 перевод); дальше не отправлял,1727,R6: in=11 тыс ₸<30 тыс ₸ и 1 перевод,-,confirmed_sink,False,0.0,False,2,1,0,11000.0,0.0,1,0,0.0,-1.0,0.0,0,0,0.00053141,0.0,-,0.0316,0.0246,0.1611,0.0,0.0
100000005910895100,peripheral,0.976,53,0.2164,"Разовый перевод 5 тыс ₸ от 1 плательщика; 4-е колено, исходящие не выгружены",1728,R6: разовый перевод 5 тыс ₸ < 30 тыс ₸,-,truncated_depth,True,0.262,False,4,1,0,5100.0,0.0,1,0,0.0,-1.0,0.0,0,0,0.0005976,0.0,truncated,0.0342,0.006,0.1762,0.0,0.0
100000002653187100,peripheral,0.861,28,0.2163,"Разовый перевод 15 тыс ₸ от 1 плательщика; 4-е колено, исходящие не выгружены",1729,R6: разовый перевод 15 тыс ₸ < 30 тыс ₸,-,truncated_depth,True,0.262,False,4,1,0,15000.0,0.0,1,0,0.0,-1.0,0.0,0,0,0.00047328,0.0,truncated,0.0301,0.0346,0.1515,0.0,0.0
100000004185681100,peripheral,0.921,5,0.2161,Разовое поступление: 10 тыс ₸ от 1 плательщика (1 перевод); дальше не отправлял,1730,R6: in=10 тыс ₸<30 тыс ₸ и 1 перевод,-,confirmed_sink,False,0.0,False,3,1,0,10000.0,0.0,1,0,0.0,-1.0,0.0,0,0,0.0005353,0.0,-,0.0322,0.0197,0.1641,0.0,0.0
100000001164648100,terminal,0.45,59,0.2156,"Получил 14 тыс ₸ от 2 плательщиков (2 перевода), дальше ушло 0%; 53% поступило 30–31 июля — август не виден; seed среди плательщиков: 1",1731,"R5: out/in=0.00≤0.1, in=14 тыс ₸",-,truncated_time,False,0.0,False,1,2,0,13660.0,0.0,2,0,0.0,-1.0,0.0,1,0,0.00029014,0.0,late_inflow,0.0788,0.0301,0.0734,0.0333,0.0
100000005186109100,peripheral,0.984,19,0.2153,Разовое поступление: 5 тыс ₸ от 1 плательщика (1 перевод); дальше не отправлял,1732,R6: in=5 тыс ₸<30 тыс ₸ и 1 перевод,-,truncated_time,False,0.0,False,3,1,0,5000.0,0.0,1,0,0.0,-1.0,0.0,0,0,0.00060592,0.0,late_inflow,0.0344,0.004,0.1769,0.0,0.0
100000001415126100,peripheral,0.715,33,0.2152,Разовое поступление: 27 тыс ₸ от 1 плательщика (1 перевод); дальше не отправлял,1733,R6: in=27 тыс ₸<30 тыс ₸ и 1 перевод,-,confirmed_sink,False,0.0,True,0,1,0,27000.0,0.0,1,0,0.0,-1.0,0.0,0,0,0.00040962,0.0,-,0.0225,0.0642,0.1285,0.0,0.0
100000005041147100,peripheral,0.921,1,0.2151,"Разовый перевод 10 тыс ₸ от 1 плательщика; 4-е колено, исходящие не выгружены",1734,R6: разовый перевод 10 тыс ₸ < 30 тыс ₸,-,truncated_depth,True,0.262,False,4,1,0,10000.0,0.0,1,0,0.0,-1.0,0.0,0,0,0.00053376,0.0,truncated,0.0322,0.0197,0.1632,0.0,0.0
100000008314863100,peripheral,0.895,5,0.2148,Разовое поступление: 12 тыс ₸ от 1 плательщика (1 перевод); дальше не отправлял,1735,R6: in=12 тыс ₸<30 тыс ₸ и 1 перевод,-,confirmed_sink,False,0.0,False,3,1,0,12000.0,0.0,1,0,0.0,-1.0,0.0,0,0,0.0005171,0.0,-,0.0313,0.0261,0.1574,0.0,0.0
100000000704700100,peripheral,0.921,27,0.2147,"Разовый перевод 10 тыс ₸ от 1 плательщика; 4-е колено, исходящие не выгружены",1736,R6: разовый перевод 10 тыс ₸ < 30 тыс ₸,-,truncated_depth,True,0.262,False,4,1,0,10000.0,0.0,1,0,0.0,-1.0,0.0,0,0,0.00053326,0.0,truncated,0.0322,0.0197,0.1628,0.0,0.0
100000001256409100,peripheral,0.947,18,0.2147,"Разовый перевод 8 тыс ₸ от 1 плательщика; 4-е колено, исходящие не выгружены",1737,R6: разовый перевод 8 тыс ₸ < 30 тыс ₸,-,truncated_depth,True,0.262,False,4,1,0,8000.0,0.0,1,0,0.0,-1.0,0.0,0,0,0.00054716,0.0,truncated,0.0331,0.0132,0.1683,0.0,0.0
100000001690439100,peripheral,0.872,3,0.2145,Разовое поступление: 14 тыс ₸ от 1 плательщика (1 перевод); дальше не отправлял,1738,R6: in=14 тыс ₸<30 тыс ₸ и 1 перевод,-,confirmed_sink,False,0.0,False,3,1,0,14200.0,0.0,1,0,0.0,-1.0,0.0,0,0,0.00047707,0.0,-,0.0305,0.032,0.152,0.0,0.0
100000002258492100,peripheral,0.94,33,0.2144,"Разовый перевод 9 тыс ₸ от 1 плательщика; 4-е колено, исходящие не выгружены",1739,R6: разовый перевод 9 тыс ₸ < 30 тыс ₸,-,truncated_depth,True,0.262,False,4,1,0,9000.0,0.0,1,0,0.0,-1.0,0.0,0,0,0.00054013,0.0,truncated,0.0329,0.015,0.1665,0.0,0.0
100000003838587100,peripheral,0.965,10,0.2137,"Разовый перевод 6 тыс ₸ от 1 плательщика; 4-е колено, исходящие не выгружены",1740,R6: разовый перевод 6 тыс ₸ < 30 тыс ₸,-,truncated_depth,True,0.262,False,4,1,0,6000.0,0.0,1,0,0.0,-1.0,0.0,0,0,0.00055503,0.0,truncated,0.0338,0.0088,0.1711,0.0,0.0
100000001420847100,terminal,0.45,16,0.2131,"Получил 20 тыс ₸ от 1 плательщика (2 перевода), дальше ушло 0%; 50% поступило 30–31 июля — август не виден",1741,"R5: out/in=0.00≤0.1, in=20 тыс ₸",-,truncated_time,False,0.0,False,2,1,0,20000.0,0.0,2,0,0.0,-1.0,0.0,0,0,0.00030283,0.0,late_inflow,0.0788,0.0512,0.0832,0.0,0.0
100000004571634100,peripheral,0.795,14,0.2129,"Разовый перевод 20 тыс ₸ от 1 плательщика; 4-е колено, исходящие не выгружены",1742,R6: разовый перевод 20 тыс ₸ < 30 тыс ₸,-,truncated_depth,True,0.262,False,4,1,0,20000.0,0.0,1,0,0.0,-1.0,0.0,0,0,0.00037418,0.0,truncated,0.0278,0.0512,0.1339,0.0,0.0
100000002707106100,terminal,0.598,10,0.2127,"4-е колено, исходящие не выгружены; получил 15 тыс ₸ от 1 плательщика (2 перевода). У узлов колен 1–3 с таким профилем пересылают дальше 40%",1743,T4: p_forward=0.40<0.5 (оценка по коленам 1–3),transit,truncated_depth,True,0.402,False,4,1,0,15000.0,0.0,2,0,0.0,-1.0,0.0,0,0,0.00028661,0.0,truncated,0.1046,0.0346,0.0734,0.0,0.0
100000006412162100,terminal,0.598,59,0.2127,"4-е колено, исходящие не выгружены; получил 15 тыс ₸ от 1 плательщика (2 перевода). У узлов колен 1–3 с таким профилем пересылают дальше 40%",1744,T4: p_forward=0.40<0.5 (оценка по коленам 1–3),transit,truncated_depth,True,0.402,False,4,1,0,15000.0,0.0,2,0,0.0,-1.0,0.0,0,0,0.0002936,0.0,truncated,0.1046,0.0346,0.0734,0.0,0.0
100000000979567100,peripheral,0.921,11,0.212,Разовое поступление: 10 тыс ₸ от 1 плательщика (1 перевод); дальше не отправлял,1745,R6: in=10 тыс ₸<30 тыс ₸ и 1 перевод,-,confirmed_sink,False,0.0,False,2,1,0,10000.0,0.0,1,0,0.0,-1.0,0.0,0,0,0.00053073,0.0,-,0.0322,0.0197,0.1601,0.0,0.0
100000004569637100,peripheral,0.97,8,0.212,"Разовый перевод 6 тыс ₸ от 1 плательщика; 4-е колено, исходящие не выгружены",1746,R6: разовый перевод 6 тыс ₸ < 30 тыс ₸,-,truncated_depth,True,0.262,False,4,1,0,5500.0,0.0,1,0,0.0,-1.0,0.0,0,0,0.00055316,0.0,truncated,0.034,0.0075,0.1706,0.0,0.0
100000003010908100,peripheral,0.834,12,0.2118,"Разовый перевод 17 тыс ₸ от 1 плательщика; 4-е колено, исходящие не выгружены",1747,R6: разовый перевод 17 тыс ₸ < 30 тыс ₸,-,truncated_depth,True,0.262,False,4,1,0,17000.0,0.0,1,0,0.0,-1.0,0.0,0,0,0.00039941,0.0,truncated,0.0292,0.0415,0.1411,0.0,0.0
100000002459163100,peripheral,0.784,42,0.2112,Разовое поступление: 20 тыс ₸ от 1 плательщика (1 перевод); дальше не отправлял,1748,R6: in=20 тыс ₸<30 тыс ₸ и 1 перевод,-,confirmed_sink,False,0.0,False,2,1,0,20180.0,0.0,1,0,0.0,-1.0,0.0,0,0,0.00036112,0.0,-,0.0274,0.054,0.1297,0.0,0.0
100000003671721100,peripheral,0.984,12,0.2106,Разовое поступление: 5 тыс ₸ от 1 плательщика (1 перевод); дальше не отправлял,1749,R6: in=5 тыс ₸<30 тыс ₸ и 1 перевод,-,confirmed_sink,False,0.0,False,3,1,0,5000.0,0.0,1,0,0.0,-1.0,0.0,0,0,0.00055874,0.0,-,0.0344,0.004,0.1722,0.0,0.0
100000006171671100,peripheral,0.921,1,0.2105,"Разовый перевод 10 тыс ₸ от 1 плательщика; 4-е колено, исходящие не выгружены",1750,R6: разовый перевод 10 тыс ₸ < 30 тыс ₸,-,truncated_depth,True,0.262,False,4,1,0,10000.0,0.0,1,0,0.0,-1.0,0.0,0,0,0.00052907,0.0,truncated,0.0322,0.0197,0.1585,0.0,0.0
100000002994441100,peripheral,0.984,8,0.2092,"Разовый перевод 5 тыс ₸ от 1 плательщика; 4-е колено, исходящие не выгружены",1751,R6: разовый перевод 5 тыс ₸ < 30 тыс ₸,-,truncated_depth,True,0.262,False,4,1,0,5000.0,0.0,1,0,0.0,-1.0,0.0,0,0,0.00055327,0.0,truncated,0.0344,0.004,0.1707,0.0,0.0
100000003481025100,peripheral,0.94,1,0.2087,"Разовый перевод 9 тыс ₸ от 1 плательщика; 4-е колено, исходящие не выгружены",1752,R6: разовый перевод 9 тыс ₸ < 30 тыс ₸,-,truncated_depth,True,0.262,False,4,1,0,9000.0,0.0,1,0,0.0,-1.0,0.0,0,0,0.00053103,0.0,truncated,0.0329,0.015,0.1608,0.0,0.0
100000005226217100,peripheral,0.825,2,0.2086,"Разовый перевод 18 тыс ₸ от 1 плательщика; 4-е колено, исходящие не выгружены",1753,R6: разовый перевод 18 тыс ₸ < 30 тыс ₸,-,truncated_depth,True,0.262,False,4,1,0,17500.0,0.0,1,0,0.0,-1.0,0.0,0,0,0.00038302,0.0,truncated,0.0289,0.0436,0.1361,0.0,0.0
100000005543136100,transit,0.5,21,0.2083,Seed: входящие вне выгрузки; отправил 10 тыс ₸ 1 получателю (1 перевод) — передаёт средства дальше по цепочке,1754,"R4s: seed с исходящими, входящие не наблюдаются",-,not_sink,False,1.0,True,0,0,1,0.0,10000.0,0,1,-1.0,-1.0,10000.0,0,1,0.00028557,0.0,-,0.0945,0.0177,0.0661,0.03,0.0
100000006787636100,peripheral,0.795,6,0.2075,Разовое поступление: 20 тыс ₸ от 1 плательщика (1 перевод); дальше не отправлял,1755,R6: in=20 тыс ₸<30 тыс ₸ и 1 перевод,-,confirmed_sink,False,0.0,False,2,1,0,20000.0,0.0,1,0,0.0,-1.0,0.0,0,0,0.0003581,0.0,-,0.0278,0.0512,0.1285,0.0,0.0
100000002974256100,peripheral,0.952,28,0.2071,Разовое поступление: 7 тыс ₸ от 1 плательщика (1 перевод); дальше не отправлял,1756,R6: in=7 тыс ₸<30 тыс ₸ и 1 перевод,-,confirmed_sink,False,0.0,False,2,1,0,7200.0,0.0,1,0,0.0,-1.0,0.0,0,0,0.00053191,0.0,-,0.0333,0.0121,0.1617,0.0,0.0
100000002861485100,peripheral,0.701,6,0.206,Разовое поступление: 29 тыс ₸ от 1 плательщика (1 перевод); дальше не отправлял; seed среди плательщиков: 1,1757,R6: in=29 тыс ₸<30 тыс ₸ и 1 перевод,-,confirmed_sink,False,0.0,False,1,1,0,29323.0,0.0,1,0,0.0,-1.0,0.0,1,0,0.00028872,0.0,-,0.0245,0.0747,0.0734,0.0333,0.0
100000005561741100,peripheral,0.74,12,0.206,Разовое поступление: 25 тыс ₸ от 1 плательщика (1 перевод); дальше не отправлял,1758,R6: in=25 тыс ₸<30 тыс ₸ и 1 перевод,-,confirmed_sink,False,0.0,False,2,1,0,25000.0,0.0,1,0,0.0,-1.0,0.0,0,0,0.00032985,0.0,-,0.0259,0.0651,0.115,0.0,0.0
100000004750897100,peripheral,0.921,19,0.206,Разовое поступление: 10 тыс ₸ от 1 плательщика (1 перевод); дальше не отправлял,1759,R6: in=10 тыс ₸<30 тыс ₸ и 1 перевод,-,confirmed_sink,False,0.0,False,3,1,0,10000.0,0.0,1,0,0.0,-1.0,0.0,0,0,0.00049038,0.0,-,0.0322,0.0197,0.1541,0.0,0.0
100000008782056100,peripheral,0.702,11,0.2059,Разовое поступление: 29 тыс ₸ от 1 плательщика (1 перевод); дальше не отправлял; seed среди плательщиков: 1,1760,R6: in=29 тыс ₸<30 тыс ₸ и 1 перевод,-,truncated_time,False,0.0,False,1,1,0,29082.0,0.0,1,0,0.0,-1.0,0.0,1,0,0.00029167,0.0,late_inflow,0.0246,0.0746,0.0734,0.0333,0.0
100000002708624100,peripheral,0.74,47,0.2054,Разовое поступление: 25 тыс ₸ от 1 плательщика (1 перевод); дальше не отправлял,1761,R6: in=25 тыс ₸<30 тыс ₸ и 1 перевод,-,confirmed_sink,False,0.0,False,3,1,0,25000.0,0.0,1,0,0.0,-1.0,0.0,0,0,0.00032874,0.0,-,0.0259,0.0651,0.1144,0.0,0.0
100000003962994100,peripheral,0.921,67,0.2046,Разовое поступление: 10 тыс ₸ от 1 плательщика (1 перевод); дальше не отправлял,1762,R6: in=10 тыс ₸<30 тыс ₸ и 1 перевод,-,truncated_time,False,0.0,False,3,1,0,10000.0,0.0,1,0,0.0,-1.0,0.0,0,0,0.00048123,0.0,late_inflow,0.0322,0.0197,0.1527,0.0,0.0
100000001145749100,peripheral,0.921,5,0.2043,Разовое поступление: 10 тыс ₸ от 1 плательщика (1 перевод); дальше не отправлял,1763,R6: in=10 тыс ₸<30 тыс ₸ и 1 перевод,-,confirmed_sink,False,0.0,False,3,1,0,10000.0,0.0,1,0,0.0,-1.0,0.0,0,0,0.00047851,0.0,-,0.0322,0.0197,0.1524,0.0,0.0
100000004013952100,peripheral,0.97,1,0.2041,"Разовый перевод 6 тыс ₸ от 1 плательщика; 4-е колено, исходящие не выгружены",1764,R6: разовый перевод 6 тыс ₸ < 30 тыс ₸,-,truncated_depth,True,0.262,False,4,1,0,5500.0,0.0,1,0,0.0,-1.0,0.0,0,0,0.00053314,0.0,truncated,0.034,0.0075,0.1627,0.0,0.0
100000007641183100,peripheral,0.71,6,0.204,Разовое поступление: 28 тыс ₸ от 1 плательщика (1 перевод); дальше не отправлял; seed среди плательщиков: 1,1765,R6: in=28 тыс ₸<30 тыс ₸ и 1 перевод,-,confirmed_sink,False,0.0,False,1,1,0,28000.0,0.0,1,0,0.0,-1.0,0.0,1,0,0.00028858,0.0,-,0.0248,0.0725,0.0734,0.0333,0.0
100000006523053100,peripheral,0.984,5,0.204,Разовое поступление: 5 тыс ₸ от 1 плательщика (1 перевод); дальше не отправлял,1766,R6: in=5 тыс ₸<30 тыс ₸ и 1 перевод,-,confirmed_sink,False,0.0,False,2,1,0,5000.0,0.0,1,0,0.0,-1.0,0.0,0,0,0.00053865,0.0,-,0.0344,0.004,0.1656,0.0,0.0
100000001275557100,peripheral,0.795,25,0.2035,"Разовый перевод 20 тыс ₸ от 1 плательщика; 4-е колено, исходящие не выгружены",1767,R6: разовый перевод 20 тыс ₸ < 30 тыс ₸,-,truncated_depth,True,0.262,False,4,1,0,20000.0,0.0,1,0,0.0,-1.0,0.0,0,0,0.00034751,0.0,truncated,0.0278,0.0512,0.1246,0.0,0.0
100000008691495100,peripheral,0.715,11,0.2031,Разовое поступление: 27 тыс ₸ от 1 плательщика (1 перевод); дальше не отправлял; seed среди плательщиков: 1,1768,R6: in=27 тыс ₸<30 тыс ₸ и 1 перевод,-,confirmed_sink,False,0.0,False,1,1,0,27000.0,0.0,1,0,0.0,-1.0,0.0,1,0,0.00029124,0.0,-,0.025,0.0713,0.0734,0.0333,0.0
100000006866831100,peripheral,0.837,8,0.2025,"Разовый перевод 16 тыс ₸ от 1 плательщика; 4-е колено, исходящие не выгружены",1769,R6: разовый перевод 16 тыс ₸ < 30 тыс ₸,-,truncated_depth,True,0.262,False,4,1,0,16500.0,0.0,1,0,0.0,-1.0,0.0,0,0,0.00036768,0.0,truncated,0.0293,0.0409,0.1324,0.0,0.0
100000002214570100,peripheral,0.719,11,0.2022,Разовое поступление: 26 тыс ₸ от 1 плательщика (1 перевод); дальше не отправлял; seed среди плательщиков: 1,1770,R6: in=26 тыс ₸<30 тыс ₸ и 1 перевод,-,confirmed_sink,False,0.0,False,1,1,0,26471.0,0.0,1,0,0.0,-1.0,0.0,1,0,0.00029113,0.0,-,0.0252,0.0703,0.0734,0.0333,0.0
100000008666075100,peripheral,0.719,11,0.2021,Разовое поступление: 26 тыс ₸ от 1 плательщика (1 перевод); дальше не отправлял; seed среди плательщиков: 1,1771,R6: in=26 тыс ₸<30 тыс ₸ и 1 перевод,-,confirmed_sink,False,0.0,False,1,1,0,26217.0,0.0,1,0,0.0,-1.0,0.0,1,0,0.00029107,0.0,-,0.0252,0.0702,0.0734,0.0333,0.0
100000008255655100,peripheral,0.972,17,0.2019,"Разовый перевод 5 тыс ₸ от 1 плательщика; 4-е колено, исходящие не выгружены",1772,R6: разовый перевод 5 тыс ₸ < 30 тыс ₸,-,truncated_depth,True,0.262,False,4,1,0,5400.0,0.0,1,0,0.0,-1.0,0.0,0,0,0.00053119,0.0,truncated,0.034,0.0069,0.161,0.0,0.0
100000004783447100,peripheral,0.722,11,0.2016,Разовое поступление: 26 тыс ₸ от 1 плательщика (1 перевод); дальше не отправлял; seed среди плательщиков: 1,1773,R6: in=26 тыс ₸<30 тыс ₸ и 1 перевод,-,confirmed_sink,False,0.0,False,1,1,0,26200.0,0.0,1,0,0.0,-1.0,0.0,1,0,0.00029107,0.0,-,0.0253,0.0696,0.0734,0.0333,0.0
100000008649416100,peripheral,0.984,17,0.2015,"Разовый перевод 5 тыс ₸ от 1 плательщика; 4-е колено, исходящие не выгружены",1774,R6: разовый перевод 5 тыс ₸ < 30 тыс ₸,-,truncated_depth,True,0.262,False,4,1,0,5000.0,0.0,1,0,0.0,-1.0,0.0,0,0,0.00053373,0.0,truncated,0.0344,0.004,0.1631,0.0,0.0
100000000299820100,peripheral,0.921,8,0.2009,"Разовый перевод 10 тыс ₸ от 1 плательщика; 4-е колено, исходящие не выгружены",1775,R6: разовый перевод 10 тыс ₸ < 30 тыс ₸,-,truncated_depth,True,0.262,False,4,1,0,10000.0,0.0,1,0,0.0,-1.0,0.0,0,0,0.00045016,0.0,truncated,0.0322,0.0197,0.149,0.0,0.0
100000005293969100,peripheral,0.972,1,0.2009,"Разовый перевод 5 тыс ₸ от 1 плательщика; 4-е колено, исходящие не выгружены",1776,R6: разовый перевод 5 тыс ₸ < 30 тыс ₸,-,truncated_depth,True,0.262,False,4,1,0,5466.97,0.0,1,0,0.0,-1.0,0.0,0,0,0.00053049,0.0,truncated,0.034,0.007,0.1599,0.0,0.0
100000002727288100,peripheral,0.842,19,0.2006,Разовое поступление: 16 тыс ₸ от 1 плательщика (1 перевод); дальше не отправлял,1777,R6: in=16 тыс ₸<30 тыс ₸ и 1 перевод,-,confirmed_sink,False,0.0,False,3,1,0,16000.0,0.0,1,0,0.0,-1.0,0.0,0,0,0.00036617,0.0,-,0.0295,0.0394,0.1317,0.0,0.0
100000000369781100,peripheral,0.984,3,0.2006,"Разовый перевод 5 тыс ₸ от 1 плательщика; 4-е колено, исходящие не выгружены",1778,R6: разовый перевод 5 тыс ₸ < 30 тыс ₸,-,truncated_depth,True,0.262,False,4,1,0,5000.0,0.0,1,0,0.0,-1.0,0.0,0,0,0.00053248,0.0,truncated,0.0344,0.004,0.1622,0.0,0.0
100000004218576100,peripheral,0.727,11,0.2005,Разовое поступление: 26 тыс ₸ от 1 плательщика (1 перевод); дальше не отправлял; seed среди плательщиков: 1,1779,R6: in=26 тыс ₸<30 тыс ₸ и 1 перевод,-,confirmed_sink,False,0.0,False,1,1,0,26144.0,0.0,1,0,0.0,-1.0,0.0,1,0,0.00029106,0.0,-,0.0254,0.0683,0.0734,0.0333,0.0
100000005092518100,peripheral,0.727,11,0.2005,Разовое поступление: 26 тыс ₸ от 1 плательщика (1 перевод); дальше не отправлял; seed среди плательщиков: 1,1780,R6: in=26 тыс ₸<30 тыс ₸ и 1 перевод,-,confirmed_sink,False,0.0,False,1,1,0,26144.0,0.0,1,0,0.0,-1.0,0.0,1,0,0.00029106,0.0,-,0.0254,0.0683,0.0734,0.0333,0.0
100000008773876100,peripheral,0.727,11,0.2003,Разовое поступление: 26 тыс ₸ от 1 плательщика (1 перевод); дальше не отправлял; seed среди плательщиков: 1,1781,R6: in=26 тыс ₸<30 тыс ₸ и 1 перевод,-,confirmed_sink,False,0.0,False,1,1,0,26120.0,0.0,1,0,0.0,-1.0,0.0,1,0,0.00029105,0.0,-,0.0254,0.0682,0.0734,0.0333,0.0
100000002621915100,peripheral,0.984,6,0.2002,Разовое поступление: 5 тыс ₸ от 1 плательщика (1 перевод); дальше не отправлял,1782,R6: in=5 тыс ₸<30 тыс ₸ и 1 перевод,-,confirmed_sink,False,0.0,False,2,1,0,5000.0,0.0,1,0,0.0,-1.0,0.0,0,0,0.00053204,0.0,-,0.0344,0.004,0.1617,0.0,0.0
100000005228059100,peripheral,0.729,11,0.2001,Разовое поступление: 26 тыс ₸ от 1 плательщика (1 перевод); дальше не отправлял; seed среди плательщиков: 1,1783,R6: in=26 тыс ₸<30 тыс ₸ и 1 перевод,-,confirmed_sink,False,0.0,False,1,1,0,26000.0,0.0,1,0,0.0,-1.0,0.0,1,0,0.00029103,0.0,-,0.0255,0.0678,0.0734,0.0333,0.0
100000004472936100,peripheral,0.984,21,0.2,"Разовый перевод 5 тыс ₸ от 1 плательщика; 4-е колено, исходящие не выгружены",1784,R6: разовый перевод 5 тыс ₸ < 30 тыс ₸,-,truncated_depth,True,0.262,False,4,1,0,5000.0,0.0,1,0,0.0,-1.0,0.0,0,0,0.0005319,0.0,truncated,0.0344,0.004,0.1616,0.0,0.0
100000004741837100,peripheral,0.73,6,0.1998,Разовое поступление: 26 тыс ₸ от 1 плательщика (1 перевод); дальше не отправлял; seed среди плательщиков: 1,1785,R6: in=26 тыс ₸<30 тыс ₸ и 1 перевод,-,confirmed_sink,False,0.0,False,1,1,0,25596.0,0.0,1,0,0.0,-1.0,0.0,1,0,0.00028832,0.0,-,0.0255,0.0675,0.0734,0.0333,0.0
100000005055454100,peripheral,0.96,43,0.1998,Разовое поступление: 6 тыс ₸ от 1 плательщика (1 перевод); дальше не отправлял,1786,R6: in=6 тыс ₸<30 тыс ₸ и 1 перевод,-,confirmed_sink,False,0.0,False,3,1,0,6500.0,0.0,1,0,0.0,-1.0,0.0,0,0,0.00050598,0.0,-,0.0336,0.0101,0.156,0.0,0.0
100000000703902100,peripheral,0.731,11,0.1996,Разовое поступление: 25 тыс ₸ от 1 плательщика (1 перевод); дальше не отправлял; seed среди плательщиков: 1,1787,R6: in=25 тыс ₸<30 тыс ₸ и 1 перевод,-,confirmed_sink,False,0.0,False,1,1,0,25499.0,0.0,1,0,0.0,-1.0,0.0,1,0,0.00029092,0.0,-,0.0256,0.0673,0.0734,0.0333,0.0
100000004213658100,peripheral,0.732,11,0.1994,Разовое поступление: 25 тыс ₸ от 1 плательщика (1 перевод); дальше не отправлял; seed среди плательщиков: 1,1788,R6: in=25 тыс ₸<30 тыс ₸ и 1 перевод,-,confirmed_sink,False,0.0,False,1,1,0,25347.0,0.0,1,0,0.0,-1.0,0.0,1,0,0.00029089,0.0,-,0.0256,0.0671,0.0734,0.0333,0.0
100000006326645100,peripheral,0.733,11,0.1992,Разовое поступление: 25 тыс ₸ от 1 плательщика (1 перевод); дальше не отправлял; seed среди плательщиков: 1,1789,R6: in=25 тыс ₸<30 тыс ₸ и 1 перевод,-,confirmed_sink,False,0.0,False,1,1,0,25264.0,0.0,1,0,0.0,-1.0,0.0,1,0,0.00029087,0.0,-,0.0257,0.0668,0.0734,0.0333,0.0
100000003626268100,peripheral,0.984,8,0.199,"Разовый перевод 5 тыс ₸ от 1 плательщика; 4-е колено, исходящие не выгружены",1790,R6: разовый перевод 5 тыс ₸ < 30 тыс ₸,-,truncated_depth,True,0.262,False,4,1,0,5000.0,0.0,1,0,0.0,-1.0,0.0,0,0,0.00053089,0.0,truncated,0.0344,0.004,0.1606,0.0,0.0
100000003632533100,peripheral,0.921,3,0.1979,"Разовый перевод 10 тыс ₸ от 1 плательщика; 4-е колено, исходящие не выгружены",1791,R6: разовый перевод 10 тыс ₸ < 30 тыс ₸,-,truncated_depth,True,0.262,False,4,1,0,10000.0,0.0,1,0,0.0,-1.0,0.0,0,0,0.00042895,0.0,truncated,0.0322,0.0197,0.146,0.0,0.0
100000008664469100,peripheral,0.74,5,0.1977,Разовое поступление: 25 тыс ₸ от 1 плательщика (1 перевод); дальше не отправлял; seed среди плательщиков: 1,1792,R6: in=25 тыс ₸<30 тыс ₸ и 1 перевод,-,confirmed_sink,False,0.0,False,1,1,0,25000.0,0.0,1,0,0.0,-1.0,0.0,1,0,0.00029058,0.0,-,0.0259,0.0651,0.0734,0.0333,0.0
100000002999140100,terminal,0.598,28,0.1977,"4-е колено, исходящие не выгружены; получил 10 тыс ₸ от 1 плательщика (2 перевода). У узлов колен 1–3 с таким профилем пересылают дальше 40%",1793,T4: p_forward=0.40<0.5 (оценка по коленам 1–3),transit,truncated_depth,True,0.402,False,4,1,0,10000.0,0.0,2,0,0.0,-1.0,0.0,0,0,0.00028948,0.0,truncated,0.1046,0.0197,0.0734,0.0,0.0
100000006476758100,peripheral,0.975,14,0.1976,Разовое поступление: 5 тыс ₸ от 1 плательщика (1 перевод); дальше не отправлял,1794,R6: in=5 тыс ₸<30 тыс ₸ и 1 перевод,-,confirmed_sink,False,0.0,False,3,1,0,5200.0,0.0,1,0,0.0,-1.0,0.0,0,0,0.00051681,0.0,-,0.0341,0.0062,0.1573,0.0,0.0
100000002231144100,peripheral,0.861,52,0.1971,"Разовый перевод 15 тыс ₸ от 1 плательщика; 4-е колено, исходящие не выгружены",1795,R6: разовый перевод 15 тыс ₸ < 30 тыс ₸,-,truncated_depth,True,0.262,False,4,1,0,15000.0,0.0,1,0,0.0,-1.0,0.0,0,0,0.00036724,0.0,truncated,0.0301,0.0346,0.1323,0.0,0.0
100000004167082100,peripheral,0.881,21,0.1971,"Разовый перевод 13 тыс ₸ от 1 плательщика; 4-е колено, исходящие не выгружены",1796,R6: разовый перевод 13 тыс ₸ < 30 тыс ₸,-,truncated_depth,True,0.262,False,4,1,0,13300.0,0.0,1,0,0.0,-1.0,0.0,0,0,0.00038491,0.0,truncated,0.0308,0.0296,0.1367,0.0,0.0
100000001429930100,peripheral,0.729,21,0.197,Разовое поступление: 26 тыс ₸ от 1 плательщика (1 перевод); дальше не отправлял,1797,R6: in=26 тыс ₸<30 тыс ₸ и 1 перевод,-,confirmed_sink,False,0.0,True,0,1,0,26000.0,0.0,1,0,0.0,-1.0,0.0,0,0,0.0003508,0.0,-,0.023,0.0611,0.113,0.0,0.0
100000005056870100,peripheral,0.795,65,0.1963,Разовое поступление: 20 тыс ₸ от 1 плательщика (1 перевод); дальше не отправлял; seed среди плательщиков: 1,1798,R6: in=20 тыс ₸<30 тыс ₸ и 1 перевод,-,confirmed_sink,False,0.0,False,1,1,0,20000.0,0.0,1,0,0.0,-1.0,0.0,1,0,0.00030319,0.0,-,0.0278,0.0512,0.084,0.0333,0.0
100000007175718100,peripheral,0.795,65,0.1963,Разовое поступление: 20 тыс ₸ от 1 плательщика (1 перевод); дальше не отправлял; seed среди плательщиков: 1,1799,R6: in=20 тыс ₸<30 тыс ₸ и 1 перевод,-,confirmed_sink,False,0.0,False,1,1,0,20000.0,0.0,1,0,0.0,-1.0,0.0,1,0,0.00030319,0.0,-,0.0278,0.0512,0.084,0.0333,0.0
100000002858835100,peripheral,0.747,11,0.196,Разовое поступление: 24 тыс ₸ от 1 плательщика (1 перевод); дальше не отправлял; seed среди плательщиков: 1,1800,R6: in=24 тыс ₸<30 тыс ₸ и 1 перевод,-,confirmed_sink,False,0.0,False,1,1,0,24400.0,0.0,1,0,0.0,-1.0,0.0,1,0,0.00029069,0.0,-,0.0261,0.0632,0.0734,0.0333,0.0
100000004687282100,peripheral,0.795,6,0.1956,Разовое поступление: 20 тыс ₸ от 1 плательщика (1 перевод); дальше не отправлял,1801,R6: in=20 тыс ₸<30 тыс ₸ и 1 перевод,-,confirmed_sink,False,0.0,False,2,1,0,20000.0,0.0,1,0,0.0,-1.0,0.0,0,0,0.00033227,0.0,-,0.0278,0.0512,0.1166,0.0,0.0
100000001870116100,peripheral,0.752,11,0.1951,Разовое поступление: 24 тыс ₸ от 1 плательщика (1 перевод); дальше не отправлял; seed среди плательщиков: 1,1802,R6: in=24 тыс ₸<30 тыс ₸ и 1 перевод,-,confirmed_sink,False,0.0,False,1,1,0,24000.0,0.0,1,0,0.0,-1.0,0.0,1,0,0.00029061,0.0,-,0.0263,0.0621,0.0734,0.0333,0.0
100000005852946100,peripheral,0.754,5,0.1945,Разовое поступление: 24 тыс ₸ от 1 плательщика (1 перевод); дальше не отправлял; seed среди плательщиков: 1,1803,R6: in=24 тыс ₸<30 тыс ₸ и 1 перевод,-,confirmed_sink,False,0.0,False,1,1,0,23746.0,0.0,1,0,0.0,-1.0,0.0,1,0,0.00029032,0.0,-,0.0264,0.0614,0.0734,0.0333,0.0
100000003900547100,peripheral,0.755,6,0.1943,Разовое поступление: 24 тыс ₸ от 1 плательщика (1 перевод); дальше не отправлял; seed среди плательщиков: 1,1804,R6: in=24 тыс ₸<30 тыс ₸ и 1 перевод,-,confirmed_sink,False,0.0,False,1,1,0,23700.0,0.0,1,0,0.0,-1.0,0.0,1,0,0.00028812,0.0,-,0.0264,0.0612,0.0734,0.0333,0.0
100000008708368100,peripheral,0.757,11,0.1941,Разовое поступление: 24 тыс ₸ от 1 плательщика (1 перевод); дальше не отправлял; seed среди плательщиков: 1,1805,R6: in=24 тыс ₸<30 тыс ₸ и 1 перевод,-,confirmed_sink,False,0.0,False,1,1,0,23677.0,0.0,1,0,0.0,-1.0,0.0,1,0,0.00029054,0.0,-,0.0265,0.0608,0.0734,0.0333,0.0
100000008722328100,peripheral,0.757,11,0.1941,Разовое поступление: 24 тыс ₸ от 1 плательщика (1 перевод); дальше не отправлял; seed среди плательщиков: 1,1806,R6: in=24 тыс ₸<30 тыс ₸ и 1 перевод,-,confirmed_sink,False,0.0,False,1,1,0,23677.0,0.0,1,0,0.0,-1.0,0.0,1,0,0.00029054,0.0,-,0.0265,0.0608,0.0734,0.0333,0.0
100000008671026100,peripheral,0.76,11,0.1933,Разовое поступление: 24 тыс ₸ от 1 плательщика (1 перевод); дальше не отправлял; seed среди плательщиков: 1,1807,R6: in=24 тыс ₸<30 тыс ₸ и 1 перевод,-,confirmed_sink,False,0.0,False,1,1,0,23534.0,0.0,1,0,0.0,-1.0,0.0,1,0,0.00029051,0.0,-,0.0266,0.06,0.0734,0.0333,0.0
100000008680451100,peripheral,0.76,11,0.1933,Разовое поступление: 24 тыс ₸ от 1 плательщика (1 перевод); дальше не отправлял; seed среди плательщиков: 1,1808,R6: in=24 тыс ₸<30 тыс ₸ и 1 перевод,-,confirmed_sink,False,0.0,False,1,1,0,23534.0,0.0,1,0,0.0,-1.0,0.0,1,0,0.00029051,0.0,-,0.0266,0.06,0.0734,0.0333,0.0
100000002603478100,peripheral,0.761,28,0.1931,Разовое поступление: 24 тыс ₸ от 1 плательщика (1 перевод); дальше не отправлял; seed среди плательщиков: 1,1809,R6: in=24 тыс ₸<30 тыс ₸ и 1 перевод,-,confirmed_sink,False,0.0,False,1,1,0,23500.0,0.0,1,0,0.0,-1.0,0.0,1,0,0.00028947,0.0,-,0.0266,0.0598,0.0734,0.0333,0.0
100000005022964100,peripheral,0.795,5,0.1927,Разовое поступление: 20 тыс ₸ от 1 плательщика (1 перевод); дальше не отправлял,1810,R6: in=20 тыс ₸<30 тыс ₸ и 1 перевод,-,confirmed_sink,False,0.0,False,2,1,0,20000.0,0.0,1,0,0.0,-1.0,0.0,0,0,0.00032736,0.0,-,0.0278,0.0512,0.1137,0.0,0.0
100000008769636100,peripheral,0.763,11,0.1926,Разовое поступление: 23 тыс ₸ от 1 плательщика (1 перевод); дальше не отправлял; seed среди плательщиков: 1,1811,R6: in=23 тыс ₸<30 тыс ₸ и 1 перевод,-,confirmed_sink,False,0.0,False,1,1,0,23118.0,0.0,1,0,0.0,-1.0,0.0,1,0,0.00029042,0.0,-,0.0267,0.0592,0.0734,0.0333,0.0
100000005782886100,peripheral,0.876,2,0.1923,"Разовый перевод 14 тыс ₸ от 1 плательщика; 4-е колено, исходящие не выгружены",1812,R6: разовый перевод 14 тыс ₸ < 30 тыс ₸,-,truncated_depth,True,0.262,False,4,1,0,14000.0,0.0,1,0,0.0,-1.0,0.0,0,0,0.00036353,0.0,truncated,0.0307,0.0311,0.1306,0.0,0.0
100000008690932100,peripheral,0.765,11,0.1922,Разовое поступление: 23 тыс ₸ от 1 плательщика (1 перевод); дальше не отправлял; seed среди плательщиков: 1,1813,R6: in=23 тыс ₸<30 тыс ₸ и 1 перевод,-,confirmed_sink,False,0.0,False,1,1,0,23000.0,0.0,1,0,0.0,-1.0,0.0,1,0,0.0002904,0.0,-,0.0268,0.0587,0.0734,0.0333,0.0
100000007289427100,peripheral,0.891,5,0.1922,Разовое поступление: 12 тыс ₸ от 1 плательщика (1 перевод); дальше не отправлял,1814,R6: in=12 тыс ₸<30 тыс ₸ и 1 перевод,-,confirmed_sink,False,0.0,False,2,1,0,12300.0,0.0,1,0,0.0,-1.0,0.0,0,0,0.00037363,0.0,-,0.0312,0.0272,0.1337,0.0,0.0
100000003047800100,peripheral,0.893,9,0.1922,"Разовый перевод 12 тыс ₸ от 1 плательщика; 4-е колено, исходящие не выгружены",1815,R6: разовый перевод 12 тыс ₸ < 30 тыс ₸,-,truncated_depth,True,0.262,False,4,1,0,12212.0,0.0,1,0,0.0,-1.0,0.0,0,0,0.00037457,0.0,truncated,0.0313,0.0268,0.1342,0.0,0.0
100000004908173100,peripheral,0.778,2,0.1921,"Разовый перевод 21 тыс ₸ от 1 плательщика; 4-е колено, исходящие не выгружены",1816,R6: разовый перевод 21 тыс ₸ < 30 тыс ₸,-,truncated_depth,True,0.262,False,4,1,0,21000.0,0.0,1,0,0.0,-1.0,0.0,0,0,0.00032083,0.0,truncated,0.0272,0.0555,0.1093,0.0,0.0
100000006831291100,transit,0.5,68,0.1917,Seed: входящие вне выгрузки; отправил 15 тыс ₸ 1 получателю (3 перевода) — передаёт средства дальше по цепочке,1817,"R4s: seed с исходящими, входящие не наблюдаются",-,not_sink,False,1.0,True,0,0,1,0.0,15000.0,0,3,-1.0,-1.0,15000.0,0,0,0.00028557,0.0,-,0.0945,0.0312,0.0661,0.0,0.0
100000005370580100,peripheral,0.748,21,0.1916,Разовое поступление: 24 тыс ₸ от 1 плательщика (1 перевод); дальше не отправлял,1818,R6: in=24 тыс ₸<30 тыс ₸ и 1 перевод,-,confirmed_sink,False,0.0,True,0,1,0,24075.0,0.0,1,0,0.0,-1.0,0.0,0,0,0.00034597,0.0,-,0.0236,0.0567,0.1114,0.0,0.0
100000007930878100,peripheral,0.984,40,0.1914,Разовое поступление: 5 тыс ₸ от 1 плательщика (1 перевод); дальше не отправлял,1819,R6: in=5 тыс ₸<30 тыс ₸ и 1 перевод,-,confirmed_sink,False,0.0,False,2,1,0,5000.0,0.0,1,0,0.0,-1.0,0.0,0,0,0.00048364,0.0,-,0.0344,0.004,0.1529,0.0,0.0
100000008746025100,peripheral,0.772,11,0.1909,Разовое поступление: 22 тыс ₸ от 1 плательщика (1 перевод); дальше не отправлял; seed среди плательщиков: 1,1820,R6: in=22 тыс ₸<30 тыс ₸ и 1 перевод,-,confirmed_sink,False,0.0,False,1,1,0,22000.0,0.0,1,0,0.0,-1.0,0.0,1,0,0.00029019,0.0,-,0.027,0.0571,0.0734,0.0333,0.0
100000005032294100,peripheral,0.921,10,0.1909,Разовое поступление: 10 тыс ₸ от 1 плательщика (1 перевод); дальше не отправлял,1821,R6: in=10 тыс ₸<30 тыс ₸ и 1 перевод,-,confirmed_sink,False,0.0,False,2,1,0,10000.0,0.0,1,0,0.0,-1.0,0.0,0,0,0.00039239,0.0,-,0.0322,0.0197,0.139,0.0,0.0
100000004674389100,peripheral,0.861,14,0.1908,"Разовый перевод 15 тыс ₸ от 1 плательщика; 4-е колено, исходящие не выгружены",1822,R6: разовый перевод 15 тыс ₸ < 30 тыс ₸,-,truncated_depth,True,0.262,False,4,1,0,15000.0,0.0,1,0,0.0,-1.0,0.0,0,0,0.00035203,0.0,truncated,0.0301,0.0346,0.1261,0.0,0.0
100000008691330100,peripheral,0.774,11,0.1902,Разовое поступление: 21 тыс ₸ от 1 плательщика (1 перевод); дальше не отправлял; seed среди плательщиков: 1,1823,R6: in=21 тыс ₸<30 тыс ₸ и 1 перевод,-,confirmed_sink,False,0.0,False,1,1,0,21440.0,0.0,1,0,0.0,-1.0,0.0,1,0,0.00029007,0.0,-,0.0271,0.0564,0.0734,0.0333,0.0
100000003119550100,peripheral,0.778,11,0.1895,Разовое поступление: 21 тыс ₸ от 1 плательщика (1 перевод); дальше не отправлял; seed среди плательщиков: 1,1824,R6: in=21 тыс ₸<30 тыс ₸ и 1 перевод,-,confirmed_sink,False,0.0,False,1,1,0,21000.0,0.0,1,0,0.0,-1.0,0.0,1,0,0.00028998,0.0,-,0.0272,0.0555,0.0734,0.0333,0.0
100000008695495100,peripheral,0.778,11,0.1895,Разовое поступление: 21 тыс ₸ от 1 плательщика (1 перевод); дальше не отправлял; seed среди плательщиков: 1,1825,R6: in=21 тыс ₸<30 тыс ₸ и 1 перевод,-,confirmed_sink,False,0.0,False,1,1,0,21000.0,0.0,1,0,0.0,-1.0,0.0,1,0,0.00028998,0.0,-,0.0272,0.0555,0.0734,0.0333,0.0
100000005127767100,peripheral,0.954,67,0.1892,Разовое поступление: 7 тыс ₸ от 1 плательщика (1 перевод); дальше не отправлял,1826,R6: in=7 тыс ₸<30 тыс ₸ и 1 перевод,-,confirmed_sink,False,0.0,False,3,1,0,7000.0,0.0,1,0,0.0,-1.0,0.0,0,0,0.00042253,0.0,-,0.0334,0.0115,0.1444,0.0,0.0
100000002243354100,peripheral,0.78,11,0.189,Разовое поступление: 21 тыс ₸ от 1 плательщика (1 перевод); дальше не отправлял; seed среди плательщиков: 1,1827,R6: in=21 тыс ₸<30 тыс ₸ и 1 перевод,-,confirmed_sink,False,0.0,False,1,1,0,20879.0,0.0,1,0,0.0,-1.0,0.0,1,0,0.00028995,0.0,-,0.0273,0.0549,0.0734,0.0333,0.0
100000002982252100,peripheral,0.782,11,0.1886,Разовое поступление: 20 тыс ₸ от 1 плательщика (1 перевод); дальше не отправлял; seed среди плательщиков: 1,1828,R6: in=20 тыс ₸<30 тыс ₸ и 1 перевод,-,confirmed_sink,False,0.0,False,1,1,0,20320.0,0.0,1,0,0.0,-1.0,0.0,1,0,0.00028983,0.0,-,0.0274,0.0545,0.0734,0.0333,0.0
100000008745643100,peripheral,0.782,11,0.1885,Разовое поступление: 20 тыс ₸ от 1 плательщика (1 перевод); дальше не отправлял; seed среди плательщиков: 1,1829,R6: in=20 тыс ₸<30 тыс ₸ и 1 перевод,-,confirmed_sink,False,0.0,False,1,1,0,20313.0,0.0,1,0,0.0,-1.0,0.0,1,0,0.00028983,0.0,-,0.0274,0.0544,0.0734,0.0333,0.0
100000007997939100,peripheral,0.885,2,0.1881,"Разовый перевод 13 тыс ₸ от 1 плательщика; 4-е колено, исходящие не выгружены",1830,R6: разовый перевод 13 тыс ₸ < 30 тыс ₸,-,truncated_depth,True,0.262,False,4,1,0,13000.0,0.0,1,0,0.0,-1.0,0.0,0,0,0.00035796,0.0,truncated,0.031,0.0289,0.1283,0.0,0.0
100000005589319100,peripheral,0.729,5,0.1879,"Разовый перевод 26 тыс ₸ от 1 плательщика; 4-е колено, исходящие не выгружены",1831,R6: разовый перевод 26 тыс ₸ < 30 тыс ₸,-,truncated_depth,True,0.262,False,4,1,0,26000.0,0.0,1,0,0.0,-1.0,0.0,0,0,0.00030996,0.0,truncated,0.0255,0.0678,0.0946,0.0,0.0
100000003792647100,peripheral,0.947,3,0.1876,"Разовый перевод 8 тыс ₸ от 1 плательщика; 4-е колено, исходящие не выгружены",1832,R6: разовый перевод 8 тыс ₸ < 30 тыс ₸,-,truncated_depth,True,0.262,False,4,1,0,8000.0,0.0,1,0,0.0,-1.0,0.0,0,0,0.00040027,0.0,truncated,0.0331,0.0132,0.1413,0.0,0.0
100000004981068100,peripheral,0.921,8,0.1874,"Разовый перевод 10 тыс ₸ от 1 плательщика; 4-е колено, исходящие не выгружены",1833,R6: разовый перевод 10 тыс ₸ < 30 тыс ₸,-,truncated_depth,True,0.262,False,4,1,0,10000.0,0.0,1,0,0.0,-1.0,0.0,0,0,0.00037885,0.0,truncated,0.0322,0.0197,0.1355,0.0,0.0
100000002095257100,peripheral,0.944,28,0.1874,Разовое поступление: 8 тыс ₸ от 1 плательщика (1 перевод); дальше не отправлял,1834,R6: in=8 тыс ₸<30 тыс ₸ и 1 перевод,-,confirmed_sink,False,0.0,False,3,1,0,8500.0,0.0,1,0,0.0,-1.0,0.0,0,0,0.00039673,0.0,-,0.033,0.014,0.1404,0.0,0.0
100000004291663100,peripheral,0.74,1,0.1872,"Разовый перевод 25 тыс ₸ от 1 плательщика; 4-е колено, исходящие не выгружены",1835,R6: разовый перевод 25 тыс ₸ < 30 тыс ₸,-,truncated_depth,True,0.262,False,4,1,0,25000.0,0.0,1,0,0.0,-1.0,0.0,0,0,0.00031117,0.0,truncated,0.0259,0.0651,0.0962,0.0,0.0
100000002289937100,peripheral,0.795,11,0.1857,Разовое поступление: 20 тыс ₸ от 1 плательщика (1 перевод); дальше не отправлял; seed среди плательщиков: 1,1836,R6: in=20 тыс ₸<30 тыс ₸ и 1 перевод,-,confirmed_sink,False,0.0,False,1,1,0,20000.0,0.0,1,0,0.0,-1.0,0.0,1,0,0.00028977,0.0,-,0.0278,0.0512,0.0734,0.0333,0.0
100000008693069100,peripheral,0.795,11,0.1857,Разовое поступление: 20 тыс ₸ от 1 плательщика (1 перевод); дальше не отправлял; seed среди плательщиков: 1,1837,R6: in=20 тыс ₸<30 тыс ₸ и 1 перевод,-,confirmed_sink,False,0.0,False,1,1,0,20000.0,0.0,1,0,0.0,-1.0,0.0,1,0,0.00028977,0.0,-,0.0278,0.0512,0.0734,0.0333,0.0
100000005395727100,peripheral,0.834,19,0.1835,Разовое поступление: 17 тыс ₸ от 1 плательщика (1 перевод); дальше не отправлял,1838,R6: in=17 тыс ₸<30 тыс ₸ и 1 перевод,-,truncated_time,False,0.0,True,0,1,0,17000.0,0.0,1,0,0.0,-1.0,0.0,0,0,0.00037121,0.0,late_inflow,0.0263,0.0374,0.1199,0.0,0.0
100000003039473100,peripheral,0.765,6,0.1832,Разовое поступление: 23 тыс ₸ от 1 плательщика (1 перевод); дальше не отправлял,1839,R6: in=23 тыс ₸<30 тыс ₸ и 1 перевод,-,confirmed_sink,False,0.0,False,2,1,0,23000.0,0.0,1,0,0.0,-1.0,0.0,0,0,0.00031221,0.0,-,0.0268,0.0587,0.0978,0.0,0.0
100000008066326100,peripheral,0.807,1,0.1831,Разовое поступление: 19 тыс ₸ от 1 плательщика (1 перевод); дальше не отправлял; seed среди плательщиков: 1,1840,R6: in=19 тыс ₸<30 тыс ₸ и 1 перевод,-,confirmed_sink,False,0.0,False,1,1,0,19320.0,0.0,1,0,0.0,-1.0,0.0,1,0,0.00028919,0.0,-,0.0282,0.0482,0.0734,0.0333,0.0
100000003187359100,peripheral,0.808,11,0.1829,Разовое поступление: 19 тыс ₸ от 1 плательщика (1 перевод); дальше не отправлял; seed среди плательщиков: 1,1841,R6: in=19 тыс ₸<30 тыс ₸ и 1 перевод,-,confirmed_sink,False,0.0,False,1,1,0,19072.0,0.0,1,0,0.0,-1.0,0.0,1,0,0.00028957,0.0,-,0.0283,0.0479,0.0734,0.0333,0.0
100000008679986100,peripheral,0.809,11,0.1827,Разовое поступление: 19 тыс ₸ от 1 плательщика (1 перевод); дальше не отправлял; seed среди плательщиков: 1,1842,R6: in=19 тыс ₸<30 тыс ₸ и 1 перевод,-,confirmed_sink,False,0.0,False,1,1,0,19000.0,0.0,1,0,0.0,-1.0,0.0,1,0,0.00028956,0.0,-,0.0283,0.0477,0.0734,0.0333,0.0
100000008749063100,peripheral,0.809,11,0.1827,Разовое поступление: 19 тыс ₸ от 1 плательщика (1 перевод); дальше не отправлял; seed среди плательщиков: 1,1843,R6: in=19 тыс ₸<30 тыс ₸ и 1 перевод,-,confirmed_sink,False,0.0,False,1,1,0,19000.0,0.0,1,0,0.0,-1.0,0.0,1,0,0.00028956,0.0,-,0.0283,0.0477,0.0734,0.0333,0.0
100000008129393100,peripheral,0.921,68,0.1824,Разовое поступление: 10 тыс ₸ от 1 плательщика (1 перевод); дальше не отправлял; seed среди плательщиков: 1,1844,R6: in=10 тыс ₸<30 тыс ₸ и 1 перевод,-,truncated_time,False,0.0,False,1,1,0,10000.0,0.0,1,0,0.0,-1.0,0.0,1,0,0.0003117,0.0,late_inflow,0.0322,0.0197,0.0972,0.0333,0.0
100000003214786100,peripheral,0.984,1,0.1823,"Разовый перевод 5 тыс ₸ от 1 плательщика; 4-е колено, исходящие не выгружены",1845,R6: разовый перевод 5 тыс ₸ < 30 тыс ₸,-,truncated_depth,True,0.262,False,4,1,0,5000.0,0.0,1,0,0.0,-1.0,0.0,0,0,0.00042028,0.0,truncated,0.0344,0.004,0.1439,0.0,0.0
100000005209352100,peripheral,0.984,1,0.1823,"Разовый перевод 5 тыс ₸ от 1 плательщика; 4-е колено, исходящие не выгружены",1846,R6: разовый перевод 5 тыс ₸ < 30 тыс ₸,-,truncated_depth,True,0.262,False,4,1,0,5000.0,0.0,1,0,0.0,-1.0,0.0,0,0,0.00042028,0.0,truncated,0.0344,0.004,0.1439,0.0,0.0
100000002881669100,peripheral,0.812,28,0.1822,Разовое поступление: 19 тыс ₸ от 1 плательщика (1 перевод); дальше не отправлял; seed среди плательщиков: 1,1847,R6: in=19 тыс ₸<30 тыс ₸ и 1 перевод,-,confirmed_sink,False,0.0,False,1,1,0,18600.0,0.0,1,0,0.0,-1.0,0.0,1,0,0.00028866,0.0,-,0.0284,0.0471,0.0734,0.0333,0.0
100000003239859100,peripheral,0.812,28,0.1822,Разовое поступление: 19 тыс ₸ от 1 плательщика (1 перевод); дальше не отправлял; seed среди плательщиков: 1,1848,R6: in=19 тыс ₸<30 тыс ₸ и 1 перевод,-,confirmed_sink,False,0.0,False,1,1,0,18600.0,0.0,1,0,0.0,-1.0,0.0,1,0,0.00028866,0.0,-,0.0284,0.0471,0.0734,0.0333,0.0
100000004502048100,peripheral,0.879,16,0.1819,"Разовый перевод 14 тыс ₸ от 1 плательщика; 4-е колено, исходящие не выгружены",1849,R6: разовый перевод 14 тыс ₸ < 30 тыс ₸,-,truncated_depth,True,0.262,False,4,1,0,13888.0,0.0,1,0,0.0,-1.0,0.0,0,0,0.00033971,0.0,truncated,0.0308,0.0304,0.1208,0.0,0.0
100000000481716100,peripheral,0.947,12,0.1814,Разовое поступление: 8 тыс ₸ от 1 плательщика (1 перевод); дальше не отправлял,1850,R6: in=8 тыс ₸<30 тыс ₸ и 1 перевод,-,confirmed_sink,False,0.0,False,3,1,0,8000.0,0.0,1,0,0.0,-1.0,0.0,0,0,0.00037715,0.0,-,0.0331,0.0132,0.1351,0.0,0.0
100000001103905100,peripheral,0.817,11,0.1812,Разовое поступление: 18 тыс ₸ от 1 плательщика (1 перевод); дальше не отправлял; seed среди плательщиков: 1,1851,R6: in=18 тыс ₸<30 тыс ₸ и 1 перевод,-,confirmed_sink,False,0.0,False,1,1,0,18000.0,0.0,1,0,0.0,-1.0,0.0,1,0,0.00028935,0.0,-,0.0286,0.0459,0.0734,0.0333,0.0
100000008716222100,peripheral,0.817,11,0.1812,Разовое поступление: 18 тыс ₸ от 1 плательщика (1 перевод); дальше не отправлял; seed среди плательщиков: 1,1852,R6: in=18 тыс ₸<30 тыс ₸ и 1 перевод,-,confirmed_sink,False,0.0,False,1,1,0,18000.0,0.0,1,0,0.0,-1.0,0.0,1,0,0.00028935,0.0,-,0.0286,0.0459,0.0734,0.0333,0.0
100000008777088100,peripheral,0.817,11,0.1812,Разовое поступление: 18 тыс ₸ от 1 плательщика (1 перевод); дальше не отправлял; seed среди плательщиков: 1,1853,R6: in=18 тыс ₸<30 тыс ₸ и 1 перевод,-,truncated_time,False,0.0,False,1,1,0,18000.0,0.0,1,0,0.0,-1.0,0.0,1,0,0.00028935,0.0,late_inflow,0.0286,0.0459,0.0734,0.0333,0.0
100000003950749100,peripheral,0.954,6,0.1812,"Разовый перевод 7 тыс ₸ от 1 плательщика; 4-е колено, исходящие не выгружены",1854,R6: разовый перевод 7 тыс ₸ < 30 тыс ₸,-,truncated_depth,True,0.262,False,4,1,0,7000.0,0.0,1,0,0.0,-1.0,0.0,0,0,0.00038424,0.0,truncated,0.0334,0.0115,0.1364,0.0,0.0
100000008524903100,peripheral,0.861,1,0.1811,"Разовый перевод 15 тыс ₸ от 1 плательщика; 4-е колено, исходящие не выгружены",1855,R6: разовый перевод 15 тыс ₸ < 30 тыс ₸,-,truncated_depth,True,0.262,False,4,1,0,15000.0,0.0,1,0,0.0,-1.0,0.0,0,0,0.00033177,0.0,truncated,0.0301,0.0346,0.1164,0.0,0.0
100000008717375100,peripheral,0.699,5,0.1807,Разовое поступление: 30 тыс ₸ от 1 плательщика (1 перевод); дальше не отправлял,1856,R6: in=30 тыс ₸<30 тыс ₸ и 1 перевод,-,confirmed_sink,False,0.0,False,2,1,0,29506.0,0.0,1,0,0.0,-1.0,0.0,0,0,0.00030177,0.0,-,0.0245,0.0752,0.081,0.0,0.0
100000000907277100,peripheral,0.824,11,0.1796,Разовое поступление: 18 тыс ₸ от 1 плательщика (1 перевод); дальше не отправлял; seed среди плательщиков: 1,1857,R6: in=18 тыс ₸<30 тыс ₸ и 1 перевод,-,confirmed_sink,False,0.0,False,1,1,0,17534.0,0.0,1,0,0.0,-1.0,0.0,1,0,0.00028925,0.0,-,0.0288,0.044,0.0734,0.0333,0.0
100000008667058100,peripheral,0.824,11,0.1796,Разовое поступление: 18 тыс ₸ от 1 плательщика (1 перевод); дальше не отправлял; seed среди плательщиков: 1,1858,R6: in=18 тыс ₸<30 тыс ₸ и 1 перевод,-,confirmed_sink,False,0.0,False,1,1,0,17534.0,0.0,1,0,0.0,-1.0,0.0,1,0,0.00028925,0.0,-,0.0288,0.044,0.0734,0.0333,0.0
100000008691027100,peripheral,0.824,11,0.1796,Разовое поступление: 18 тыс ₸ от 1 плательщика (1 перевод); дальше не отправлял; seed среди плательщиков: 1,1859,R6: in=18 тыс ₸<30 тыс ₸ и 1 перевод,-,confirmed_sink,False,0.0,False,1,1,0,17534.0,0.0,1,0,0.0,-1.0,0.0,1,0,0.00028925,0.0,-,0.0288,0.044,0.0734,0.0333,0.0
100000008729801100,peripheral,0.824,11,0.1796,Разовое поступление: 18 тыс ₸ от 1 плательщика (1 перевод); дальше не отправлял; seed среди плательщиков: 1,1860,R6: in=18 тыс ₸<30 тыс ₸ и 1 перевод,-,confirmed_sink,False,0.0,False,1,1,0,17534.0,0.0,1,0,0.0,-1.0,0.0,1,0,0.00028925,0.0,-,0.0288,0.044,0.0734,0.0333,0.0
100000002305477100,peripheral,0.795,52,0.1788,"Разовый перевод 20 тыс ₸ от 1 плательщика; 4-е колено, исходящие не выгружены",1861,R6: разовый перевод 20 тыс ₸ < 30 тыс ₸,-,truncated_depth,True,0.262,False,4,1,0,20000.0,0.0,1,0,0.0,-1.0,0.0,0,0,0.00031331,0.0,truncated,0.0278,0.0512,0.0998,0.0,0.0
100000001111763100,peripheral,0.831,11,0.178,Разовое поступление: 17 тыс ₸ от 1 плательщика (1 перевод); дальше не отправлял; seed среди плательщиков: 1,1862,R6: in=17 тыс ₸<30 тыс ₸ и 1 перевод,-,confirmed_sink,False,0.0,False,1,1,0,17144.0,0.0,1,0,0.0,-1.0,0.0,1,0,0.00028917,0.0,-,0.0291,0.0422,0.0734,0.0333,0.0
100000004491881100,peripheral,0.831,11,0.178,Разовое поступление: 17 тыс ₸ от 1 плательщика (1 перевод); дальше не отправлял; seed среди плательщиков: 1,1863,R6: in=17 тыс ₸<30 тыс ₸ и 1 перевод,-,confirmed_sink,False,0.0,False,1,1,0,17144.0,0.0,1,0,0.0,-1.0,0.0,1,0,0.00028917,0.0,-,0.0291,0.0422,0.0734,0.0333,0.0
100000008749406100,peripheral,0.831,11,0.178,Разовое поступление: 17 тыс ₸ от 1 плательщика (1 перевод); дальше не отправлял; seed среди плательщиков: 1,1864,R6: in=17 тыс ₸<30 тыс ₸ и 1 перевод,-,confirmed_sink,False,0.0,False,1,1,0,17144.0,0.0,1,0,0.0,-1.0,0.0,1,0,0.00028917,0.0,-,0.0291,0.0422,0.0734,0.0333,0.0
100000008767925100,peripheral,0.831,11,0.178,Разовое поступление: 17 тыс ₸ от 1 плательщика (1 перевод); дальше не отправлял; seed среди плательщиков: 1,1865,R6: in=17 тыс ₸<30 тыс ₸ и 1 перевод,-,confirmed_sink,False,0.0,False,1,1,0,17144.0,0.0,1,0,0.0,-1.0,0.0,1,0,0.00028917,0.0,-,0.0291,0.0422,0.0734,0.0333,0.0
100000004286573100,peripheral,0.835,28,0.1772,Разовое поступление: 17 тыс ₸ от 1 плательщика (1 перевод); дальше не отправлял; seed среди плательщиков: 1,1866,R6: in=17 тыс ₸<30 тыс ₸ и 1 перевод,-,confirmed_sink,False,0.0,False,1,1,0,16590.0,0.0,1,0,0.0,-1.0,0.0,1,0,0.00028832,0.0,-,0.0292,0.0413,0.0734,0.0333,0.0
100000008762728100,peripheral,0.832,6,0.1766,Разовое поступление: 17 тыс ₸ от 1 плательщика (1 перевод); дальше не отправлял,1867,R6: in=17 тыс ₸<30 тыс ₸ и 1 перевод,-,confirmed_sink,False,0.0,False,2,1,0,17026.0,0.0,1,0,0.0,-1.0,0.0,0,0,0.0003177,0.0,-,0.0291,0.0419,0.1055,0.0,0.0
100000001389255100,peripheral,0.84,11,0.1762,Разовое поступление: 16 тыс ₸ от 1 плательщика (1 перевод); дальше не отправлял; seed среди плательщиков: 1,1868,R6: in=16 тыс ₸<30 тыс ₸ и 1 перевод,-,confirmed_sink,False,0.0,False,1,1,0,16136.0,0.0,1,0,0.0,-1.0,0.0,1,0,0.00028896,0.0,-,0.0294,0.04,0.0734,0.0333,0.0
100000006557763100,peripheral,0.921,5,0.1762,Разовое поступление: 10 тыс ₸ от 1 плательщика (1 перевод); дальше не отправлял,1869,R6: in=10 тыс ₸<30 тыс ₸ и 1 перевод,-,confirmed_sink,False,0.0,False,2,1,0,10000.0,0.0,1,0,0.0,-1.0,0.0,0,0,0.00034718,0.0,-,0.0322,0.0197,0.1243,0.0,0.0
100000004991812100,peripheral,0.921,25,0.1759,Разовое поступление: 10 тыс ₸ от 1 плательщика (1 перевод); дальше не отправлял,1870,R6: in=10 тыс ₸<30 тыс ₸ и 1 перевод,-,confirmed_sink,False,0.0,False,3,1,0,10000.0,0.0,1,0,0.0,-1.0,0.0,0,0,0.00034636,0.0,-,0.0322,0.0197,0.124,0.0,0.0
100000002578653100,peripheral,0.795,31,0.1753,Разовое поступление: 20 тыс ₸ от 1 плательщика (1 перевод); дальше не отправлял,1871,R6: in=20 тыс ₸<30 тыс ₸ и 1 перевод,-,confirmed_sink,False,0.0,False,3,1,0,20000.0,0.0,1,0,0.0,-1.0,0.0,0,0,0.00031131,0.0,-,0.0278,0.0512,0.0964,0.0,0.0
100000005730108100,peripheral,0.947,1,0.1751,Разовое поступление: 8 тыс ₸ от 1 плательщика (1 перевод); дальше не отправлял,1872,R6: in=8 тыс ₸<30 тыс ₸ и 1 перевод,-,confirmed_sink,False,0.0,False,2,1,0,8000.0,0.0,1,0,0.0,-1.0,0.0,0,0,0.00035866,0.0,-,0.0331,0.0132,0.1288,0.0,0.0
100000003713616100,peripheral,0.846,6,0.1749,Разовое поступление: 16 тыс ₸ от 1 плательщика (1 перевод); дальше не отправлял; seed среди плательщиков: 1,1873,R6: in=16 тыс ₸<30 тыс ₸ и 1 перевод,-,confirmed_sink,False,0.0,False,1,1,0,15893.0,0.0,1,0,0.0,-1.0,0.0,1,0,0.00028728,0.0,-,0.0296,0.0386,0.0734,0.0333,0.0
100000008716773100,peripheral,0.848,11,0.1745,Разовое поступление: 16 тыс ₸ от 1 плательщика (1 перевод); дальше не отправлял; seed среди плательщиков: 1,1874,R6: in=16 тыс ₸<30 тыс ₸ и 1 перевод,-,confirmed_sink,False,0.0,False,1,1,0,15677.0,0.0,1,0,0.0,-1.0,0.0,1,0,0.00028886,0.0,-,0.0297,0.0381,0.0734,0.0333,0.0
100000008732098100,peripheral,0.848,11,0.1745,Разовое поступление: 16 тыс ₸ от 1 плательщика (1 перевод); дальше не отправлял; seed среди плательщиков: 1,1875,R6: in=16 тыс ₸<30 тыс ₸ и 1 перевод,-,confirmed_sink,False,0.0,False,1,1,0,15677.0,0.0,1,0,0.0,-1.0,0.0,1,0,0.00028886,0.0,-,0.0297,0.0381,0.0734,0.0333,0.0
100000001089055100,peripheral,0.885,17,0.1745,"Разовый перевод 13 тыс ₸ от 1 плательщика; 4-е колено, исходящие не выгружены",1876,R6: разовый перевод 13 тыс ₸ < 30 тыс ₸,-,truncated_depth,True,0.262,False,4,1,0,13000.0,0.0,1,0,0.0,-1.0,0.0,0,0,0.00032931,0.0,truncated,0.031,0.0289,0.1147,0.0,0.0
100000001953577100,peripheral,0.849,11,0.1743,Разовое поступление: 16 тыс ₸ от 1 плательщика (1 перевод); дальше не отправлял; seed среди плательщиков: 1,1877,R6: in=16 тыс ₸<30 тыс ₸ и 1 перевод,-,confirmed_sink,False,0.0,False,1,1,0,15600.0,0.0,1,0,0.0,-1.0,0.0,1,0,0.00028884,0.0,-,0.0297,0.0378,0.0734,0.0333,0.0
100000008672162100,peripheral,0.85,11,0.174,Разовое поступление: 16 тыс ₸ от 1 плательщика (1 перевод); дальше не отправлял; seed среди плательщиков: 1,1878,R6: in=16 тыс ₸<30 тыс ₸ и 1 перевод,-,confirmed_sink,False,0.0,False,1,1,0,15550.0,0.0,1,0,0.0,-1.0,0.0,1,0,0.00028883,0.0,-,0.0298,0.0375,0.0734,0.0333,0.0
100000004497606100,peripheral,0.851,11,0.1737,Разовое поступление: 16 тыс ₸ от 1 плательщика (1 перевод); дальше не отправлял; seed среди плательщиков: 1,1879,R6: in=16 тыс ₸<30 тыс ₸ и 1 перевод,-,confirmed_sink,False,0.0,False,1,1,0,15534.0,0.0,1,0,0.0,-1.0,0.0,1,0,0.00028883,0.0,-,0.0298,0.0372,0.0734,0.0333,0.0
100000008670667100,peripheral,0.851,11,0.1737,Разовое поступление: 16 тыс ₸ от 1 плательщика (1 перевод); дальше не отправлял; seed среди плательщиков: 1,1880,R6: in=16 тыс ₸<30 тыс ₸ и 1 перевод,-,confirmed_sink,False,0.0,False,1,1,0,15534.0,0.0,1,0,0.0,-1.0,0.0,1,0,0.00028883,0.0,-,0.0298,0.0372,0.0734,0.0333,0.0
100000008718089100,peripheral,0.851,11,0.1737,Разовое поступление: 16 тыс ₸ от 1 плательщика (1 перевод); дальше не отправлял; seed среди плательщиков: 1,1881,R6: in=16 тыс ₸<30 тыс ₸ и 1 перевод,-,confirmed_sink,False,0.0,False,1,1,0,15534.0,0.0,1,0,0.0,-1.0,0.0,1,0,0.00028883,0.0,-,0.0298,0.0372,0.0734,0.0333,0.0
100000008720798100,peripheral,0.851,11,0.1737,Разовое поступление: 16 тыс ₸ от 1 плательщика (1 перевод); дальше не отправлял; seed среди плательщиков: 1,1882,R6: in=16 тыс ₸<30 тыс ₸ и 1 перевод,-,confirmed_sink,False,0.0,False,1,1,0,15534.0,0.0,1,0,0.0,-1.0,0.0,1,0,0.00028883,0.0,-,0.0298,0.0372,0.0734,0.0333,0.0
100000001860090100,peripheral,0.984,7,0.1737,Разовое поступление: 5 тыс ₸ от 1 плательщика (1 перевод); дальше не отправлял,1883,R6: in=5 тыс ₸<30 тыс ₸ и 1 перевод,-,truncated_time,False,0.0,False,3,1,0,5000.0,0.0,1,0,0.0,-1.0,0.0,0,0,0.00037804,0.0,late_inflow,0.0344,0.004,0.1352,0.0,0.0
100000003904497100,peripheral,0.921,2,0.1736,"Разовый перевод 10 тыс ₸ от 1 плательщика; 4-е колено, исходящие не выгружены",1884,R6: разовый перевод 10 тыс ₸ < 30 тыс ₸,-,truncated_depth,True,0.262,False,4,1,0,10000.0,0.0,1,0,0.0,-1.0,0.0,0,0,0.00034126,0.0,truncated,0.0322,0.0197,0.1217,0.0,0.0
100000008738658100,peripheral,0.699,11,0.1732,Разовое поступление: 30 тыс ₸ от 1 плательщика (1 перевод); дальше не отправлял,1885,R6: in=30 тыс ₸<30 тыс ₸ и 1 перевод,-,confirmed_sink,False,0.0,False,3,1,0,29920.0,0.0,1,0,0.0,-1.0,0.0,0,0,0.00029024,0.0,-,0.0245,0.0753,0.0734,0.0,0.0
100000007631637100,peripheral,0.854,11,0.1732,Разовое поступление: 15 тыс ₸ от 1 плательщика (1 перевод); дальше не отправлял; seed среди плательщиков: 1,1886,R6: in=15 тыс ₸<30 тыс ₸ и 1 перевод,-,confirmed_sink,False,0.0,False,1,1,0,15341.0,0.0,1,0,0.0,-1.0,0.0,1,0,0.00028879,0.0,-,0.0299,0.0366,0.0734,0.0333,0.0
100000001114385100,peripheral,0.7,5,0.173,Разовое поступление: 30 тыс ₸ от 1 плательщика (1 перевод); дальше не отправлял,1887,R6: in=30 тыс ₸<30 тыс ₸ и 1 перевод,-,confirmed_sink,False,0.0,False,2,1,0,29500.0,0.0,1,0,0.0,-1.0,0.0,0,0,0.00029022,0.0,-,0.0245,0.0751,0.0734,0.0,0.0
100000005093521100,peripheral,0.855,5,0.1729,Разовое поступление: 15 тыс ₸ от 1 плательщика (1 перевод); дальше не отправлял; seed среди плательщиков: 1,1888,R6: in=15 тыс ₸<30 тыс ₸ и 1 перевод,-,confirmed_sink,False,0.0,False,1,1,0,15200.0,0.0,1,0,0.0,-1.0,0.0,1,0,0.00028861,0.0,-,0.0299,0.0362,0.0734,0.0333,0.0
100000002726055100,peripheral,0.921,52,0.1729,"Разовый перевод 10 тыс ₸ от 1 плательщика; 4-е колено, исходящие не выгружены",1889,R6: разовый перевод 10 тыс ₸ < 30 тыс ₸,-,truncated_depth,True,0.262,False,4,1,0,10000.0,0.0,1,0,0.0,-1.0,0.0,0,0,0.00034001,0.0,truncated,0.0322,0.0197,0.121,0.0,0.0
100000004377043100,peripheral,0.968,37,0.1726,"Разовый перевод 6 тыс ₸ от 1 плательщика; 4-е колено, исходящие не выгружены",1890,R6: разовый перевод 6 тыс ₸ < 30 тыс ₸,-,truncated_depth,True,0.262,False,4,1,0,5700.0,0.0,1,0,0.0,-1.0,0.0,0,0,0.00036355,0.0,truncated,0.0339,0.008,0.1307,0.0,0.0
100000003040087100,peripheral,0.703,12,0.1723,"Разовый перевод 29 тыс ₸ от 1 плательщика; 4-е колено, исходящие не выгружены",1891,R6: разовый перевод 29 тыс ₸ < 30 тыс ₸,-,truncated_depth,True,0.262,False,4,1,0,29000.0,0.0,1,0,0.0,-1.0,0.0,0,0,0.00029642,0.0,truncated,0.0246,0.0743,0.0734,0.0,0.0
100000005362848100,peripheral,0.703,12,0.1723,Разовое поступление: 29 тыс ₸ от 1 плательщика (1 перевод); дальше не отправлял,1892,R6: in=29 тыс ₸<30 тыс ₸ и 1 перевод,-,confirmed_sink,False,0.0,False,3,1,0,29000.0,0.0,1,0,0.0,-1.0,0.0,0,0,0.00029637,0.0,-,0.0246,0.0743,0.0734,0.0,0.0
100000008283183100,peripheral,0.703,11,0.1723,Разовое поступление: 29 тыс ₸ от 1 плательщика (1 перевод); дальше не отправлял,1893,R6: in=29 тыс ₸<30 тыс ₸ и 1 перевод,-,confirmed_sink,False,0.0,False,2,1,0,29000.0,0.0,1,0,0.0,-1.0,0.0,0,0,0.00029542,0.0,-,0.0246,0.0743,0.0734,0.0,0.0
100000005198498100,peripheral,0.705,11,0.1719,Разовое поступление: 29 тыс ₸ от 1 плательщика (1 перевод); дальше не отправлял,1894,R6: in=29 тыс ₸<30 тыс ₸ и 1 перевод,-,confirmed_sink,False,0.0,False,3,1,0,28800.0,0.0,1,0,0.0,-1.0,0.0,0,0,0.00029006,0.0,-,0.0247,0.0738,0.0734,0.0,0.0
100000001262647100,peripheral,0.758,19,0.1717,Разовое поступление: 24 тыс ₸ от 1 плательщика (1 перевод); дальше не отправлял,1895,R6: in=24 тыс ₸<30 тыс ₸ и 1 перевод,-,truncated_time,False,0.0,False,2,1,0,23650.0,0.0,1,0,0.0,-1.0,0.0,0,0,0.00030339,0.0,late_inflow,0.0265,0.0604,0.0848,0.0,0.0
100000008507703100,peripheral,0.706,11,0.1715,Разовое поступление: 28 тыс ₸ от 1 плательщика (1 перевод); дальше не отправлял,1896,R6: in=28 тыс ₸<30 тыс ₸ и 1 перевод,-,confirmed_sink,False,0.0,False,3,1,0,28500.0,0.0,1,0,0.0,-1.0,0.0,0,0,0.00029002,0.0,-,0.0247,0.0734,0.0734,0.0,0.0
100000000968253100,peripheral,0.861,11,0.1715,Разовое поступление: 15 тыс ₸ от 1 плательщика (1 перевод); дальше не отправлял; seed среди плательщиков: 1,1897,R6: in=15 тыс ₸<30 тыс ₸ и 1 перевод,-,confirmed_sink,False,0.0,False,1,1,0,15000.0,0.0,1,0,0.0,-1.0,0.0,1,0,0.00028872,0.0,-,0.0301,0.0346,0.0734,0.0333,0.0
100000008055972100,peripheral,0.708,11,0.1711,Разовое поступление: 28 тыс ₸ от 1 плательщика (1 перевод); дальше не отправлял,1898,R6: in=28 тыс ₸<30 тыс ₸ и 1 перевод,-,confirmed_sink,False,0.0,False,3,1,0,28300.0,0.0,1,0,0.0,-1.0,0.0,0,0,0.00028999,0.0,-,0.0248,0.0729,0.0734,0.0,0.0
100000004403548100,peripheral,0.984,8,0.171,"Разовый перевод 5 тыс ₸ от 1 плательщика; 4-е колено, исходящие не выгружены",1899,R6: разовый перевод 5 тыс ₸ < 30 тыс ₸,-,truncated_depth,True,0.262,False,4,1,0,5000.0,0.0,1,0,0.0,-1.0,0.0,0,0,0.00036787,0.0,truncated,0.0344,0.004,0.1326,0.0,0.0
100000002506987100,peripheral,0.709,12,0.1709,"Разовый перевод 28 тыс ₸ от 1 плательщика; 4-е колено, исходящие не выгружены",1900,R6: разовый перевод 28 тыс ₸ < 30 тыс ₸,-,truncated_depth,True,0.262,False,4,1,0,28200.0,0.0,1,0,0.0,-1.0,0.0,0,0,0.00029613,0.0,truncated,0.0248,0.0727,0.0734,0.0,0.0
100000004177936100,peripheral,0.921,8,0.1709,"Разовый перевод 10 тыс ₸ от 1 плательщика; 4-е колено, исходящие не выгружены",1901,R6: разовый перевод 10 тыс ₸ < 30 тыс ₸,-,truncated_depth,True,0.262,False,4,1,0,10000.0,0.0,1,0,0.0,-1.0,0.0,0,0,0.00033701,0.0,truncated,0.0322,0.0197,0.119,0.0,0.0
100000008576528100,peripheral,0.71,3,0.1707,Разовое поступление: 28 тыс ₸ от 1 плательщика (1 перевод); дальше не отправлял,1902,R6: in=28 тыс ₸<30 тыс ₸ и 1 перевод,-,confirmed_sink,False,0.0,False,3,1,0,28000.0,0.0,1,0,0.0,-1.0,0.0,0,0,0.00028648,0.0,-,0.0248,0.0725,0.0734,0.0,0.0
100000008653041100,peripheral,0.71,11,0.1707,Разовое поступление: 28 тыс ₸ от 1 плательщика (1 перевод); дальше не отправлял,1903,R6: in=28 тыс ₸<30 тыс ₸ и 1 перевод,-,confirmed_sink,False,0.0,False,3,1,0,28000.0,0.0,1,0,0.0,-1.0,0.0,0,0,0.00028994,0.0,-,0.0248,0.0725,0.0734,0.0,0.0
100000000955444100,peripheral,0.956,40,0.1707,Разовое поступление: 7 тыс ₸ от 1 плательщика (1 перевод); дальше не отправлял,1904,R6: in=7 тыс ₸<30 тыс ₸ и 1 перевод,-,confirmed_sink,False,0.0,False,2,1,0,6910.0,0.0,1,0,0.0,-1.0,0.0,0,0,0.00035253,0.0,-,0.0335,0.0109,0.1263,0.0,0.0
100000001954903100,peripheral,0.712,14,0.1704,Разовое поступление: 27 тыс ₸ от 1 плательщика (1 перевод); дальше не отправлял,1905,R6: in=27 тыс ₸<30 тыс ₸ и 1 перевод,-,confirmed_sink,False,0.0,False,2,1,0,27118.0,0.0,1,0,0.0,-1.0,0.0,0,0,0.00029849,0.0,-,0.0249,0.0721,0.0734,0.0,0.0
100000008776576100,peripheral,0.868,11,0.17,Разовое поступление: 15 тыс ₸ от 1 плательщика (1 перевод); дальше не отправлял; seed среди плательщиков: 1,1906,R6: in=15 тыс ₸<30 тыс ₸ и 1 перевод,-,truncated_time,False,0.0,False,1,1,0,14765.0,0.0,1,0,0.0,-1.0,0.0,1,0,0.00028867,0.0,late_inflow,0.0304,0.0329,0.0734,0.0333,0.0
100000001308856100,peripheral,0.715,11,0.1698,Разовое поступление: 27 тыс ₸ от 1 плательщика (1 перевод); дальше не отправлял,1907,R6: in=27 тыс ₸<30 тыс ₸ и 1 перевод,-,confirmed_sink,False,0.0,False,2,1,0,27000.0,0.0,1,0,0.0,-1.0,0.0,0,0,0.00029474,0.0,-,0.025,0.0713,0.0734,0.0,0.0
100000002103448100,peripheral,0.715,11,0.1698,Разовое поступление: 27 тыс ₸ от 1 плательщика (1 перевод); дальше не отправлял,1908,R6: in=27 тыс ₸<30 тыс ₸ и 1 перевод,-,confirmed_sink,False,0.0,False,3,1,0,27000.0,0.0,1,0,0.0,-1.0,0.0,0,0,0.00028978,0.0,-,0.025,0.0713,0.0734,0.0,0.0
100000005328215100,peripheral,0.715,14,0.1698,Разовое поступление: 27 тыс ₸ от 1 плательщика (1 перевод); дальше не отправлял,1909,R6: in=27 тыс ₸<30 тыс ₸ и 1 перевод,-,confirmed_sink,False,0.0,False,2,1,0,27000.0,0.0,1,0,0.0,-1.0,0.0,0,0,0.00029843,0.0,-,0.025,0.0713,0.0734,0.0,0.0
100000006701983100,peripheral,0.715,11,0.1698,Разовое поступление: 27 тыс ₸ от 1 плательщика (1 перевод); дальше не отправлял,1910,R6: in=27 тыс ₸<30 тыс ₸ и 1 перевод,-,confirmed_sink,False,0.0,False,3,1,0,27000.0,0.0,1,0,0.0,-1.0,0.0,0,0,0.00028978,0.0,-,0.025,0.0713,0.0734,0.0,0.0
100000002992171100,peripheral,0.87,11,0.1698,Разовое поступление: 15 тыс ₸ от 1 плательщика (1 перевод); дальше не отправлял; seed среди плательщиков: 1,1911,R6: in=15 тыс ₸<30 тыс ₸ и 1 перевод,-,confirmed_sink,False,0.0,False,1,1,0,14627.0,0.0,1,0,0.0,-1.0,0.0,1,0,0.00028864,0.0,-,0.0304,0.0326,0.0734,0.0333,0.0
100000008717341100,peripheral,0.87,11,0.1698,Разовое поступление: 15 тыс ₸ от 1 плательщика (1 перевод); дальше не отправлял; seed среди плательщиков: 1,1912,R6: in=15 тыс ₸<30 тыс ₸ и 1 перевод,-,confirmed_sink,False,0.0,False,1,1,0,14627.0,0.0,1,0,0.0,-1.0,0.0,1,0,0.00028864,0.0,-,0.0304,0.0326,0.0734,0.0333,0.0
100000008755361100,peripheral,0.87,11,0.1698,Разовое поступление: 15 тыс ₸ от 1 плательщика (1 перевод); дальше не отправлял; seed среди плательщиков: 1,1913,R6: in=15 тыс ₸<30 тыс ₸ и 1 перевод,-,confirmed_sink,False,0.0,False,1,1,0,14627.0,0.0,1,0,0.0,-1.0,0.0,1,0,0.00028864,0.0,-,0.0304,0.0326,0.0734,0.0333,0.0
100000006679055100,peripheral,0.74,5,0.1697,Разовое поступление: 25 тыс ₸ от 1 плательщика (1 перевод); дальше не отправлял,1914,R6: in=25 тыс ₸<30 тыс ₸ и 1 перевод,-,confirmed_sink,False,0.0,False,2,1,0,25000.0,0.0,1,0,0.0,-1.0,0.0,0,0,0.00030085,0.0,-,0.0259,0.0651,0.0786,0.0,0.0
100000002744581100,peripheral,0.895,7,0.1697,Разовое поступление: 12 тыс ₸ от 1 плательщика (1 перевод); дальше не отправлял,1915,R6: in=12 тыс ₸<30 тыс ₸ и 1 перевод,-,confirmed_sink,False,0.0,False,2,1,0,12000.0,0.0,1,0,0.0,-1.0,0.0,0,0,0.00032496,0.0,-,0.0313,0.0261,0.1123,0.0,0.0
100000008690762100,peripheral,0.718,11,0.169,Разовое поступление: 27 тыс ₸ от 1 плательщика (1 перевод); дальше не отправлял,1916,R6: in=27 тыс ₸<30 тыс ₸ и 1 перевод,-,confirmed_sink,False,0.0,False,3,1,0,26750.0,0.0,1,0,0.0,-1.0,0.0,0,0,0.00028974,0.0,-,0.0251,0.0705,0.0734,0.0,0.0
100000002830055100,peripheral,0.876,11,0.1685,Разовое поступление: 14 тыс ₸ от 1 плательщика (1 перевод); дальше не отправлял; seed среди плательщиков: 1,1917,R6: in=14 тыс ₸<30 тыс ₸ и 1 перевод,-,confirmed_sink,False,0.0,False,1,1,0,14000.0,0.0,1,0,0.0,-1.0,0.0,1,0,0.00028851,0.0,-,0.0307,0.0311,0.0734,0.0333,0.0
100000008663007100,peripheral,0.876,11,0.1685,Разовое поступление: 14 тыс ₸ от 1 плательщика (1 перевод); дальше не отправлял; seed среди плательщиков: 1,1918,R6: in=14 тыс ₸<30 тыс ₸ и 1 перевод,-,confirmed_sink,False,0.0,False,1,1,0,14000.0,0.0,1,0,0.0,-1.0,0.0,1,0,0.00028851,0.0,-,0.0307,0.0311,0.0734,0.0333,0.0
100000004435304100,peripheral,0.722,11,0.1682,Разовое поступление: 26 тыс ₸ от 1 плательщика (1 перевод); дальше не отправлял,1919,R6: in=26 тыс ₸<30 тыс ₸ и 1 перевод,-,truncated_time,False,0.0,False,2,1,0,26200.0,0.0,1,0,0.0,-1.0,0.0,0,0,0.00029447,0.0,late_inflow,0.0253,0.0696,0.0734,0.0,0.0
100000005674387100,peripheral,0.722,11,0.1682,Разовое поступление: 26 тыс ₸ от 1 плательщика (1 перевод); дальше не отправлял,1920,R6: in=26 тыс ₸<30 тыс ₸ и 1 перевод,-,confirmed_sink,False,0.0,False,3,1,0,26200.0,0.0,1,0,0.0,-1.0,0.0,0,0,0.00028966,0.0,-,0.0253,0.0696,0.0734,0.0,0.0
100000006491272100,peripheral,0.722,11,0.1682,Разовое поступление: 26 тыс ₸ от 1 плательщика (1 перевод); дальше не отправлял,1921,R6: in=26 тыс ₸<30 тыс ₸ и 1 перевод,-,confirmed_sink,False,0.0,False,3,1,0,26200.0,0.0,1,0,0.0,-1.0,0.0,0,0,0.00028966,0.0,-,0.0253,0.0696,0.0734,0.0,0.0
100000008656043100,peripheral,0.722,11,0.1682,Разовое поступление: 26 тыс ₸ от 1 плательщика (1 перевод); дальше не отправлял,1922,R6: in=26 тыс ₸<30 тыс ₸ и 1 перевод,-,confirmed_sink,False,0.0,False,2,1,0,26200.0,0.0,1,0,0.0,-1.0,0.0,0,0,0.00029447,0.0,-,0.0253,0.0696,0.0734,0.0,0.0
100000008662216100,peripheral,0.722,11,0.1682,Разовое поступление: 26 тыс ₸ от 1 плательщика (1 перевод); дальше не отправлял,1923,R6: in=26 тыс ₸<30 тыс ₸ и 1 перевод,-,confirmed_sink,False,0.0,False,3,1,0,26200.0,0.0,1,0,0.0,-1.0,0.0,0,0,0.00028966,0.0,-,0.0253,0.0696,0.0734,0.0,0.0
100000008671129100,peripheral,0.722,11,0.1682,Разовое поступление: 26 тыс ₸ от 1 плательщика (1 перевод); дальше не отправлял,1924,R6: in=26 тыс ₸<30 тыс ₸ и 1 перевод,-,confirmed_sink,False,0.0,False,3,1,0,26200.0,0.0,1,0,0.0,-1.0,0.0,0,0,0.00028966,0.0,-,0.0253,0.0696,0.0734,0.0,0.0
100000008695689100,peripheral,0.722,11,0.1682,Разовое поступление: 26 тыс ₸ от 1 плательщика (1 перевод); дальше не отправлял,1925,R6: in=26 тыс ₸<30 тыс ₸ и 1 перевод,-,confirmed_sink,False,0.0,False,3,1,0,26200.0,0.0,1,0,0.0,-1.0,0.0,0,0,0.00028966,0.0,-,0.0253,0.0696,0.0734,0.0,0.0
100000008707810100,peripheral,0.722,11,0.1682,Разовое поступление: 26 тыс ₸ от 1 плательщика (1 перевод); дальше не отправлял,1926,R6: in=26 тыс ₸<30 тыс ₸ и 1 перевод,-,confirmed_sink,False,0.0,False,3,1,0,26200.0,0.0,1,0,0.0,-1.0,0.0,0,0,0.00028966,0.0,-,0.0253,0.0696,0.0734,0.0,0.0
100000008734364100,peripheral,0.722,11,0.1682,Разовое поступление: 26 тыс ₸ от 1 плательщика (1 перевод); дальше не отправлял,1927,R6: in=26 тыс ₸<30 тыс ₸ и 1 перевод,-,confirmed_sink,False,0.0,False,2,1,0,26200.0,0.0,1,0,0.0,-1.0,0.0,0,0,0.00029447,0.0,-,0.0253,0.0696,0.0734,0.0,0.0
100000001716579100,peripheral,0.878,11,0.1679,Разовое поступление: 14 тыс ₸ от 1 плательщика (1 перевод); дальше не отправлял; seed среди плательщиков: 1,1928,R6: in=14 тыс ₸<30 тыс ₸ и 1 перевод,-,confirmed_sink,False,0.0,False,1,1,0,13916.0,0.0,1,0,0.0,-1.0,0.0,1,0,0.00028849,0.0,-,0.0307,0.0305,0.0734,0.0333,0.0
100000000500040100,peripheral,0.795,1,0.1676,"Разовый перевод 20 тыс ₸ от 1 плательщика; 4-е колено, исходящие не выгружены",1929,R6: разовый перевод 20 тыс ₸ < 30 тыс ₸,-,truncated_depth,True,0.262,False,4,1,0,20000.0,0.0,1,0,0.0,-1.0,0.0,0,0,0.00030605,0.0,truncated,0.0278,0.0512,0.0886,0.0,0.0
100000004634420100,peripheral,0.725,11,0.1675,Разовое поступление: 26 тыс ₸ от 1 плательщика (1 перевод); дальше не отправлял,1930,R6: in=26 тыс ₸<30 тыс ₸ и 1 перевод,-,confirmed_sink,False,0.0,False,3,1,0,26150.0,0.0,1,0,0.0,-1.0,0.0,0,0,0.00028965,0.0,-,0.0254,0.0687,0.0734,0.0,0.0
100000008717802100,peripheral,0.725,11,0.1675,Разовое поступление: 26 тыс ₸ от 1 плательщика (1 перевод); дальше не отправлял,1931,R6: in=26 тыс ₸<30 тыс ₸ и 1 перевод,-,confirmed_sink,False,0.0,False,3,1,0,26150.0,0.0,1,0,0.0,-1.0,0.0,0,0,0.00028965,0.0,-,0.0254,0.0687,0.0734,0.0,0.0
100000008764654100,peripheral,0.725,11,0.1675,Разовое поступление: 26 тыс ₸ от 1 плательщика (1 перевод); дальше не отправлял,1932,R6: in=26 тыс ₸<30 тыс ₸ и 1 перевод,-,confirmed_sink,False,0.0,False,3,1,0,26150.0,0.0,1,0,0.0,-1.0,0.0,0,0,0.00028965,0.0,-,0.0254,0.0687,0.0734,0.0,0.0
100000008776720100,peripheral,0.725,11,0.1675,Разовое поступление: 26 тыс ₸ от 1 плательщика (1 перевод); дальше не отправлял,1933,R6: in=26 тыс ₸<30 тыс ₸ и 1 перевод,-,truncated_time,False,0.0,False,3,1,0,26150.0,0.0,1,0,0.0,-1.0,0.0,0,0,0.00028965,0.0,late_inflow,0.0254,0.0687,0.0734,0.0,0.0
100000004950490100,peripheral,0.921,7,0.1674,Разовое поступление: 10 тыс ₸ от 1 плательщика (1 перевод); дальше не отправлял,1934,R6: in=10 тыс ₸<30 тыс ₸ и 1 перевод,-,confirmed_sink,False,0.0,False,2,1,0,10000.0,0.0,1,0,0.0,-1.0,0.0,0,0,0.00033064,0.0,-,0.0322,0.0197,0.1155,0.0,0.0
100000003084870100,peripheral,0.96,9,0.1669,"Разовый перевод 6 тыс ₸ от 1 плательщика; 4-е колено, исходящие не выгружены",1935,R6: разовый перевод 6 тыс ₸ < 30 тыс ₸,-,truncated_depth,True,0.262,False,4,1,0,6500.0,0.0,1,0,0.0,-1.0,0.0,0,0,0.00034518,0.0,truncated,0.0336,0.0101,0.1232,0.0,0.0
100000000581662100,peripheral,0.776,9,0.1666,"Разовый перевод 21 тыс ₸ от 1 плательщика; 4-е колено, исходящие не выгружены",1936,R6: разовый перевод 21 тыс ₸ < 30 тыс ₸,-,truncated_depth,True,0.262,False,4,1,0,21160.0,0.0,1,0,0.0,-1.0,0.0,0,0,0.00030292,0.0,truncated,0.0272,0.056,0.0834,0.0,0.0
100000003943483100,peripheral,0.921,28,0.1664,Разовое поступление: 10 тыс ₸ от 1 плательщика (1 перевод); дальше не отправлял,1937,R6: in=10 тыс ₸<30 тыс ₸ и 1 перевод,-,confirmed_sink,False,0.0,False,2,1,0,10000.0,0.0,1,0,0.0,-1.0,0.0,0,0,0.00032896,0.0,-,0.0322,0.0197,0.1145,0.0,0.0
100000008697670100,peripheral,0.731,11,0.1662,Разовое поступление: 25 тыс ₸ от 1 плательщика (1 перевод); дальше не отправлял,1938,R6: in=25 тыс ₸<30 тыс ₸ и 1 перевод,-,confirmed_sink,False,0.0,False,3,1,0,25350.0,0.0,1,0,0.0,-1.0,0.0,0,0,0.00028953,0.0,-,0.0256,0.0672,0.0734,0.0,0.0
100000000425407100,peripheral,0.795,5,0.1661,Разовое поступление: 20 тыс ₸ от 1 плательщика (1 перевод); дальше не отправлял,1939,R6: in=20 тыс ₸<30 тыс ₸ и 1 перевод,-,confirmed_sink,False,0.0,False,2,1,0,20000.0,0.0,1,0,0.0,-1.0,0.0,0,0,0.00030509,0.0,-,0.0278,0.0512,0.0871,0.0,0.0
100000005496254100,peripheral,0.887,1,0.1659,Разовое поступление: 13 тыс ₸ от 1 плательщика (1 перевод); дальше не отправлял; seed среди плательщиков: 1,1940,R6: in=13 тыс ₸<30 тыс ₸ и 1 перевод,-,confirmed_sink,False,0.0,False,1,1,0,12700.0,0.0,1,0,0.0,-1.0,0.0,1,0,0.00028795,0.0,-,0.031,0.0281,0.0734,0.0333,0.0
100000002194329100,peripheral,0.733,1,0.1658,Разовое поступление: 25 тыс ₸ от 1 плательщика (1 перевод); дальше не отправлял,1941,R6: in=25 тыс ₸<30 тыс ₸ и 1 перевод,-,confirmed_sink,False,0.0,False,3,1,0,25170.0,0.0,1,0,0.0,-1.0,0.0,0,0,0.00028699,0.0,-,0.0257,0.0667,0.0734,0.0,0.0
100000007510875100,peripheral,0.984,12,0.1658,Разовое поступление: 5 тыс ₸ от 1 плательщика (1 перевод); дальше не отправлял,1942,R6: in=5 тыс ₸<30 тыс ₸ и 1 перевод,-,confirmed_sink,False,0.0,False,3,1,0,5000.0,0.0,1,0,0.0,-1.0,0.0,0,0,0.00035625,0.0,-,0.0344,0.004,0.1273,0.0,0.0
100000005532138100,peripheral,0.734,7,0.1657,Разовое поступление: 25 тыс ₸ от 1 плательщика (1 перевод); дальше не отправлял,1943,R6: in=25 тыс ₸<30 тыс ₸ и 1 перевод,-,confirmed_sink,False,0.0,False,3,1,0,25046.0,0.0,1,0,0.0,-1.0,0.0,0,0,0.00029379,0.0,-,0.0257,0.0666,0.0734,0.0,0.0
100000002671806100,peripheral,0.89,28,0.1655,Разовое поступление: 12 тыс ₸ от 1 плательщика (1 перевод); дальше не отправлял; seed среди плательщиков: 1,1944,R6: in=12 тыс ₸<30 тыс ₸ и 1 перевод,-,confirmed_sink,False,0.0,False,1,1,0,12440.0,0.0,1,0,0.0,-1.0,0.0,1,0,0.00028763,0.0,-,0.0312,0.0276,0.0734,0.0333,0.0
100000005588444100,peripheral,0.891,7,0.1652,Разовое поступление: 12 тыс ₸ от 1 плательщика (1 перевод); дальше не отправлял; seed среди плательщиков: 1,1945,R6: in=12 тыс ₸<30 тыс ₸ и 1 перевод,-,confirmed_sink,False,0.0,False,1,1,0,12300.0,0.0,1,0,0.0,-1.0,0.0,1,0,0.00028627,0.0,-,0.0312,0.0272,0.0734,0.0333,0.0
100000000957746100,peripheral,0.973,17,0.1651,"Разовый перевод 5 тыс ₸ от 1 плательщика; 4-е колено, исходящие не выгружены",1946,R6: разовый перевод 5 тыс ₸ < 30 тыс ₸,-,truncated_depth,True,0.262,False,4,1,0,5300.0,0.0,1,0,0.0,-1.0,0.0,0,0,0.00034731,0.0,truncated,0.0341,0.0067,0.1244,0.0,0.0
100000008716439100,peripheral,0.892,11,0.1649,Разовое поступление: 12 тыс ₸ от 1 плательщика (1 перевод); дальше не отправлял; seed среди плательщиков: 1,1947,R6: in=12 тыс ₸<30 тыс ₸ и 1 перевод,-,confirmed_sink,False,0.0,False,1,1,0,12267.0,0.0,1,0,0.0,-1.0,0.0,1,0,0.00028814,0.0,-,0.0312,0.0269,0.0734,0.0333,0.0
100000002680477100,peripheral,0.74,9,0.1644,Разовое поступление: 25 тыс ₸ от 1 плательщика (1 перевод); дальше не отправлял,1948,R6: in=25 тыс ₸<30 тыс ₸ и 1 перевод,-,confirmed_sink,False,0.0,False,2,1,0,25000.0,0.0,1,0,0.0,-1.0,0.0,0,0,0.00029456,0.0,-,0.0259,0.0651,0.0734,0.0,0.0
100000004192107100,peripheral,0.74,5,0.1644,Разовое поступление: 25 тыс ₸ от 1 плательщика (1 перевод); дальше не отправлял,1949,R6: in=25 тыс ₸<30 тыс ₸ и 1 перевод,-,confirmed_sink,False,0.0,False,2,1,0,25000.0,0.0,1,0,0.0,-1.0,0.0,0,0,0.0002993,0.0,-,0.0259,0.0651,0.0734,0.0,0.0
100000005661528100,peripheral,0.74,8,0.1644,Разовое поступление: 25 тыс ₸ от 1 плательщика (1 перевод); дальше не отправлял,1950,R6: in=25 тыс ₸<30 тыс ₸ и 1 перевод,-,confirmed_sink,False,0.0,False,3,1,0,25000.0,0.0,1,0,0.0,-1.0,0.0,0,0,0.00029109,0.0,-,0.0259,0.0651,0.0734,0.0,0.0
100000006919124100,peripheral,0.74,1,0.1644,Разовое поступление: 25 тыс ₸ от 1 плательщика (1 перевод); дальше не отправлял,1951,R6: in=25 тыс ₸<30 тыс ₸ и 1 перевод,-,confirmed_sink,False,0.0,False,3,1,0,25000.0,0.0,1,0,0.0,-1.0,0.0,0,0,0.00028698,0.0,-,0.0259,0.0651,0.0734,0.0,0.0
100000007487729100,peripheral,0.74,8,0.1644,Разовое поступление: 25 тыс ₸ от 1 плательщика (1 перевод); дальше не отправлял,1952,R6: in=25 тыс ₸<30 тыс ₸ и 1 перевод,-,confirmed_sink,False,0.0,False,3,1,0,25000.0,0.0,1,0,0.0,-1.0,0.0,0,0,0.00029411,0.0,-,0.0259,0.0651,0.0734,0.0,0.0
100000007863304100,peripheral,0.74,3,0.1644,Разовое поступление: 25 тыс ₸ от 1 плательщика (1 перевод); дальше не отправлял,1953,R6: in=25 тыс ₸<30 тыс ₸ и 1 перевод,-,confirmed_sink,False,0.0,False,3,1,0,25000.0,0.0,1,0,0.0,-1.0,0.0,0,0,0.00028638,0.0,-,0.0259,0.0651,0.0734,0.0,0.0
100000008686214100,peripheral,0.74,8,0.1644,Разовое поступление: 25 тыс ₸ от 1 плательщика (1 перевод); дальше не отправлял,1954,R6: in=25 тыс ₸<30 тыс ₸ и 1 перевод,-,confirmed_sink,False,0.0,False,3,1,0,25000.0,0.0,1,0,0.0,-1.0,0.0,0,0,0.00029773,0.0,-,0.0259,0.0651,0.0734,0.0,0.0
100000008586731100,peripheral,0.895,28,0.1642,Разовое поступление: 12 тыс ₸ от 1 плательщика (1 перевод); дальше не отправлял; seed среди плательщиков: 1,1955,R6: in=12 тыс ₸<30 тыс ₸ и 1 перевод,-,confirmed_sink,False,0.0,False,1,1,0,12000.0,0.0,1,0,0.0,-1.0,0.0,1,0,0.00028756,0.0,-,0.0313,0.0261,0.0734,0.0333,0.0
100000004049912100,peripheral,0.921,16,0.1639,"Разовый перевод 10 тыс ₸ от 1 плательщика; 4-е колено, исходящие не выгружены",1956,R6: разовый перевод 10 тыс ₸ < 30 тыс ₸,-,truncated_depth,True,0.262,False,4,1,0,10000.0,0.0,1,0,0.0,-1.0,0.0,0,0,0.00032456,0.0,truncated,0.0322,0.0197,0.112,0.0,0.0
100000004388209100,peripheral,0.898,11,0.1637,Разовое поступление: 12 тыс ₸ от 1 плательщика (1 перевод); дальше не отправлял; seed среди плательщиков: 1,1957,R6: in=12 тыс ₸<30 тыс ₸ и 1 перевод,-,truncated_time,False,0.0,False,1,1,0,11800.0,0.0,1,0,0.0,-1.0,0.0,1,0,0.00028805,0.0,late_inflow,0.0314,0.0256,0.0734,0.0333,0.0
100000008724279100,peripheral,0.898,6,0.1636,Разовое поступление: 12 тыс ₸ от 1 плательщика (1 перевод); дальше не отправлял; seed среди плательщиков: 1,1958,R6: in=12 тыс ₸<30 тыс ₸ и 1 перевод,-,confirmed_sink,False,0.0,False,1,1,0,11750.0,0.0,1,0,0.0,-1.0,0.0,1,0,0.00028683,0.0,-,0.0314,0.0255,0.0734,0.0333,0.0
100000002750332100,peripheral,0.899,12,0.1634,Разовое поступление: 11 тыс ₸ от 1 плательщика (1 перевод); дальше не отправлял; seed среди плательщиков: 1,1959,R6: in=11 тыс ₸<30 тыс ₸ и 1 перевод,-,confirmed_sink,False,0.0,False,1,1,0,11360.0,0.0,1,0,0.0,-1.0,0.0,1,0,0.00028679,0.0,-,0.0315,0.0252,0.0734,0.0333,0.0
100000004206046100,peripheral,0.9,6,0.1633,Разовое поступление: 11 тыс ₸ от 1 плательщика (1 перевод); дальше не отправлял; seed среди плательщиков: 1,1960,R6: in=11 тыс ₸<30 тыс ₸ и 1 перевод,-,confirmed_sink,False,0.0,False,1,1,0,11075.0,0.0,1,0,0.0,-1.0,0.0,1,0,0.00028676,0.0,-,0.0315,0.025,0.0734,0.0333,0.0
100000008071749100,peripheral,0.746,12,0.1631,"Разовый перевод 25 тыс ₸ от 1 плательщика; 4-е колено, исходящие не выгружены",1961,R6: разовый перевод 25 тыс ₸ < 30 тыс ₸,-,truncated_depth,True,0.262,False,4,1,0,24943.0,0.0,1,0,0.0,-1.0,0.0,0,0,0.00029491,0.0,truncated,0.0261,0.0636,0.0734,0.0,0.0
100000002793851100,peripheral,0.9,6,0.1631,Разовое поступление: 11 тыс ₸ от 1 плательщика (1 перевод); дальше не отправлял; seed среди плательщиков: 1,1962,R6: in=11 тыс ₸<30 тыс ₸ и 1 перевод,-,confirmed_sink,False,0.0,False,1,1,0,11052.0,0.0,1,0,0.0,-1.0,0.0,1,0,0.00028676,0.0,-,0.0315,0.0249,0.0734,0.0333,0.0
100000002554175100,peripheral,0.746,12,0.1629,Разовое поступление: 25 тыс ₸ от 1 плательщика (1 перевод); дальше не отправлял,1963,R6: in=25 тыс ₸<30 тыс ₸ и 1 перевод,-,confirmed_sink,False,0.0,False,3,1,0,24621.0,0.0,1,0,0.0,-1.0,0.0,0,0,0.00029474,0.0,-,0.0261,0.0634,0.0734,0.0,0.0
100000005709551100,peripheral,0.747,21,0.1628,Разовое поступление: 25 тыс ₸ от 1 плательщика (1 перевод); дальше не отправлял,1964,R6: in=25 тыс ₸<30 тыс ₸ и 1 перевод,-,confirmed_sink,False,0.0,False,3,1,0,24560.0,0.0,1,0,0.0,-1.0,0.0,0,0,0.00029466,0.0,-,0.0261,0.0633,0.0734,0.0,0.0
100000002646887100,peripheral,0.748,2,0.1626,Разовое поступление: 24 тыс ₸ от 1 плательщика (1 перевод); дальше не отправлял,1965,R6: in=24 тыс ₸<30 тыс ₸ и 1 перевод,-,confirmed_sink,False,0.0,False,3,1,0,24354.0,0.0,1,0,0.0,-1.0,0.0,0,0,0.00029519,0.0,-,0.0262,0.0631,0.0734,0.0,0.0
100000008454065100,peripheral,0.749,10,0.1624,Разовое поступление: 24 тыс ₸ от 1 плательщика (1 перевод); дальше не отправлял,1966,R6: in=24 тыс ₸<30 тыс ₸ и 1 перевод,-,confirmed_sink,False,0.0,False,3,1,0,24050.0,0.0,1,0,0.0,-1.0,0.0,0,0,0.00029237,0.0,-,0.0262,0.0628,0.0734,0.0,0.0
100000008753897100,peripheral,0.749,11,0.1624,Разовое поступление: 24 тыс ₸ от 1 плательщика (1 перевод); дальше не отправлял,1967,R6: in=24 тыс ₸<30 тыс ₸ и 1 перевод,-,confirmed_sink,False,0.0,False,3,1,0,24050.0,0.0,1,0,0.0,-1.0,0.0,0,0,0.00028932,0.0,-,0.0262,0.0628,0.0734,0.0,0.0
100000002844897100,peripheral,0.904,12,0.1624,Разовое поступление: 11 тыс ₸ от 1 плательщика (1 перевод); дальше не отправлял; seed среди плательщиков: 1,1968,R6: in=11 тыс ₸<30 тыс ₸ и 1 перевод,-,confirmed_sink,False,0.0,False,1,1,0,10800.0,0.0,1,0,0.0,-1.0,0.0,1,0,0.00028673,0.0,-,0.0316,0.024,0.0734,0.0333,0.0
100000003166755100,peripheral,0.75,5,0.1623,Разовое поступление: 24 тыс ₸ от 1 плательщика (1 перевод); дальше не отправлял,1969,R6: in=24 тыс ₸<30 тыс ₸ и 1 перевод,-,confirmed_sink,False,0.0,False,2,1,0,24010.0,0.0,1,0,0.0,-1.0,0.0,0,0,0.00028935,0.0,-,0.0262,0.0626,0.0734,0.0,0.0
100000004674178100,peripheral,0.795,47,0.162,"Разовый перевод 20 тыс ₸ от 1 плательщика; 4-е колено, исходящие не выгружены",1970,R6: разовый перевод 20 тыс ₸ < 30 тыс ₸,-,truncated_depth,True,0.262,False,4,1,0,20000.0,0.0,1,0,0.0,-1.0,0.0,0,0,0.00030274,0.0,truncated,0.0278,0.0512,0.083,0.0,0.0
100000003134937100,peripheral,0.906,6,0.1619,Разовое поступление: 10 тыс ₸ от 1 плательщика (1 перевод); дальше не отправлял; seed среди плательщиков: 1,1971,R6: in=10 тыс ₸<30 тыс ₸ и 1 перевод,-,confirmed_sink,False,0.0,False,1,1,0,10286.0,0.0,1,0,0.0,-1.0,0.0,1,0,0.00028668,0.0,-,0.0317,0.0235,0.0734,0.0333,0.0
100000002373386100,peripheral,0.752,11,0.1618,Разовое поступление: 24 тыс ₸ от 1 плательщика (1 перевод); дальше не отправлял,1972,R6: in=24 тыс ₸<30 тыс ₸ и 1 перевод,-,confirmed_sink,False,0.0,False,3,1,0,24000.0,0.0,1,0,0.0,-1.0,0.0,0,0,0.00028932,0.0,-,0.0263,0.0621,0.0734,0.0,0.0
100000008688476100,peripheral,0.752,11,0.1618,Разовое поступление: 24 тыс ₸ от 1 плательщика (1 перевод); дальше не отправлял,1973,R6: in=24 тыс ₸<30 тыс ₸ и 1 перевод,-,confirmed_sink,False,0.0,False,2,1,0,24000.0,0.0,1,0,0.0,-1.0,0.0,0,0,0.00029372,0.0,-,0.0263,0.0621,0.0734,0.0,0.0
100000008691168100,peripheral,0.752,11,0.1618,Разовое поступление: 24 тыс ₸ от 1 плательщика (1 перевод); дальше не отправлял,1974,R6: in=24 тыс ₸<30 тыс ₸ и 1 перевод,-,confirmed_sink,False,0.0,False,2,1,0,24000.0,0.0,1,0,0.0,-1.0,0.0,0,0,0.00029372,0.0,-,0.0263,0.0621,0.0734,0.0,0.0
100000008765494100,peripheral,0.752,11,0.1618,Разовое поступление: 24 тыс ₸ от 1 плательщика (1 перевод); дальше не отправлял,1975,R6: in=24 тыс ₸<30 тыс ₸ и 1 перевод,-,confirmed_sink,False,0.0,False,2,1,0,24000.0,0.0,1,0,0.0,-1.0,0.0,0,0,0.00029372,0.0,-,0.0263,0.0621,0.0734,0.0,0.0
100000001280798100,peripheral,0.754,12,0.1613,Разовое поступление: 24 тыс ₸ от 1 плательщика (1 перевод); дальше не отправлял,1976,R6: in=24 тыс ₸<30 тыс ₸ и 1 перевод,-,confirmed_sink,False,0.0,False,3,1,0,23785.0,0.0,1,0,0.0,-1.0,0.0,0,0,0.00029443,0.0,-,0.0264,0.0615,0.0734,0.0,0.0
100000008744364100,peripheral,0.755,11,0.161,Разовое поступление: 24 тыс ₸ от 1 плательщика (1 перевод); дальше не отправлял,1977,R6: in=24 тыс ₸<30 тыс ₸ и 1 перевод,-,confirmed_sink,False,0.0,False,3,1,0,23700.0,0.0,1,0,0.0,-1.0,0.0,0,0,0.00028927,0.0,-,0.0264,0.0612,0.0734,0.0,0.0
100000008771814100,peripheral,0.755,11,0.161,Разовое поступление: 24 тыс ₸ от 1 плательщика (1 перевод); дальше не отправлял,1978,R6: in=24 тыс ₸<30 тыс ₸ и 1 перевод,-,confirmed_sink,False,0.0,False,2,1,0,23700.0,0.0,1,0,0.0,-1.0,0.0,0,0,0.00029362,0.0,-,0.0264,0.0612,0.0734,0.0,0.0
100000000870121100,peripheral,0.895,21,0.1608,Разовое поступление: 12 тыс ₸ от 1 плательщика (1 перевод); дальше не отправлял,1979,R6: in=12 тыс ₸<30 тыс ₸ и 1 перевод,-,confirmed_sink,False,0.0,False,3,1,0,12000.0,0.0,1,0,0.0,-1.0,0.0,0,0,0.00031567,0.0,-,0.0313,0.0261,0.1034,0.0,0.0
100000002216999100,peripheral,0.757,11,0.1607,Разовое поступление: 24 тыс ₸ от 1 плательщика (1 перевод); дальше не отправлял,1980,R6: in=24 тыс ₸<30 тыс ₸ и 1 перевод,-,confirmed_sink,False,0.0,False,3,1,0,23677.0,0.0,1,0,0.0,-1.0,0.0,0,0,0.00028926,0.0,-,0.0265,0.0608,0.0734,0.0,0.0
100000003095610100,peripheral,0.758,12,0.1605,Разовое поступление: 24 тыс ₸ от 1 плательщика (1 перевод); дальше не отправлял,1981,R6: in=24 тыс ₸<30 тыс ₸ и 1 перевод,-,confirmed_sink,False,0.0,False,3,1,0,23665.0,0.0,1,0,0.0,-1.0,0.0,0,0,0.00029439,0.0,-,0.0265,0.0606,0.0734,0.0,0.0
100000002948492100,peripheral,0.758,10,0.1604,Разовое поступление: 24 тыс ₸ от 1 плательщика (1 перевод); дальше не отправлял,1982,R6: in=24 тыс ₸<30 тыс ₸ и 1 перевод,-,confirmed_sink,False,0.0,False,3,1,0,23660.0,0.0,1,0,0.0,-1.0,0.0,0,0,0.00029226,0.0,-,0.0265,0.0605,0.0734,0.0,0.0
100000008629504100,peripheral,0.795,1,0.1604,"Разовый перевод 20 тыс ₸ от 1 плательщика; 4-е колено, исходящие не выгружены",1983,R6: разовый перевод 20 тыс ₸ < 30 тыс ₸,-,truncated_depth,True,0.262,False,4,1,0,20000.0,0.0,1,0,0.0,-1.0,0.0,0,0,0.00030201,0.0,truncated,0.0278,0.0512,0.0814,0.0,0.0
100000002913340100,peripheral,0.759,11,0.1602,Разовое поступление: 24 тыс ₸ от 1 плательщика (1 перевод); дальше не отправлял,1984,R6: in=24 тыс ₸<30 тыс ₸ и 1 перевод,-,confirmed_sink,False,0.0,False,3,1,0,23600.0,0.0,1,0,0.0,-1.0,0.0,0,0,0.00028925,0.0,-,0.0266,0.0602,0.0734,0.0,0.0
100000008688155100,peripheral,0.759,11,0.1602,Разовое поступление: 24 тыс ₸ от 1 плательщика (1 перевод); дальше не отправлял,1985,R6: in=24 тыс ₸<30 тыс ₸ и 1 перевод,-,confirmed_sink,False,0.0,False,3,1,0,23600.0,0.0,1,0,0.0,-1.0,0.0,0,0,0.00028925,0.0,-,0.0266,0.0602,0.0734,0.0,0.0
100000001290243100,peripheral,0.921,6,0.1602,Разовое поступление: 10 тыс ₸ от 1 плательщика (1 перевод); дальше не отправлял,1986,R6: in=10 тыс ₸<30 тыс ₸ и 1 перевод,-,confirmed_sink,False,0.0,False,2,1,0,10000.0,0.0,1,0,0.0,-1.0,0.0,0,0,0.00031995,0.0,-,0.0322,0.0197,0.1083,0.0,0.0
100000005187208100,peripheral,0.873,3,0.16,Разовое поступление: 14 тыс ₸ от 1 плательщика (1 перевод); дальше не отправлял,1987,R6: in=14 тыс ₸<30 тыс ₸ и 1 перевод,-,confirmed_sink,False,0.0,False,3,1,0,14160.0,0.0,1,0,0.0,-1.0,0.0,0,0,0.00031197,0.0,-,0.0306,0.0318,0.0976,0.0,0.0
100000003996562100,peripheral,0.95,8,0.1599,Разовое поступление: 8 тыс ₸ от 1 плательщика (1 перевод); дальше не отправлял,1988,R6: in=8 тыс ₸<30 тыс ₸ и 1 перевод,-,confirmed_sink,False,0.0,False,3,1,0,7700.0,0.0,1,0,0.0,-1.0,0.0,0,0,0.00032817,0.0,-,0.0332,0.0125,0.1141,0.0,0.0
100000001248999100,peripheral,0.762,17,0.1597,Разовое поступление: 23 тыс ₸ от 1 плательщика (1 перевод); дальше не отправлял,1989,R6: in=23 тыс ₸<30 тыс ₸ и 1 перевод,-,confirmed_sink,False,0.0,False,3,1,0,23425.0,0.0,1,0,0.0,-1.0,0.0,0,0,0.00028926,0.0,-,0.0267,0.0596,0.0734,0.0,0.0
100000007999728100,peripheral,0.762,10,0.1596,Разовое поступление: 23 тыс ₸ от 1 плательщика (1 перевод); дальше не отправлял,1990,R6: in=23 тыс ₸<30 тыс ₸ и 1 перевод,-,confirmed_sink,False,0.0,False,3,1,0,23250.0,0.0,1,0,0.0,-1.0,0.0,0,0,0.00029214,0.0,-,0.0267,0.0595,0.0734,0.0,0.0
100000001273783100,peripheral,0.762,14,0.1595,Разовое поступление: 23 тыс ₸ от 1 плательщика (1 перевод); дальше не отправлял,1991,R6: in=23 тыс ₸<30 тыс ₸ и 1 перевод,-,confirmed_sink,False,0.0,False,2,1,0,23200.0,0.0,1,0,0.0,-1.0,0.0,0,0,0.00029662,0.0,-,0.0267,0.0594,0.0734,0.0,0.0
100000002871199100,peripheral,0.763,10,0.1594,Разовое поступление: 23 тыс ₸ от 1 плательщика (1 перевод); дальше не отправлял,1992,R6: in=23 тыс ₸<30 тыс ₸ и 1 перевод,-,confirmed_sink,False,0.0,False,3,1,0,23186.0,0.0,1,0,0.0,-1.0,0.0,0,0,0.00029212,0.0,-,0.0267,0.0593,0.0734,0.0,0.0
100000004573782100,peripheral,0.861,7,0.1593,Разовое поступление: 15 тыс ₸ от 1 плательщика (1 перевод); дальше не отправлял,1993,R6: in=15 тыс ₸<30 тыс ₸ и 1 перевод,-,confirmed_sink,False,0.0,False,2,1,0,15000.0,0.0,1,0,0.0,-1.0,0.0,0,0,0.0003099,0.0,-,0.0301,0.0346,0.0945,0.0,0.0
100000001550419100,peripheral,0.765,10,0.1588,Разовое поступление: 23 тыс ₸ от 1 плательщика (1 перевод); дальше не отправлял,1994,R6: in=23 тыс ₸<30 тыс ₸ и 1 перевод,-,confirmed_sink,False,0.0,False,3,1,0,23000.0,0.0,1,0,0.0,-1.0,0.0,0,0,0.00029207,0.0,-,0.0268,0.0587,0.0734,0.0,0.0
100000004635886100,peripheral,0.765,6,0.1588,Разовое поступление: 23 тыс ₸ от 1 плательщика (1 перевод); дальше не отправлял,1995,R6: in=23 тыс ₸<30 тыс ₸ и 1 перевод,-,confirmed_sink,False,0.0,False,3,1,0,23000.0,0.0,1,0,0.0,-1.0,0.0,0,0,0.00029246,0.0,-,0.0268,0.0587,0.0734,0.0,0.0
100000002809568100,peripheral,0.921,1,0.1587,Разовое поступление: 10 тыс ₸ от 1 плательщика (1 перевод); дальше не отправлял; seed среди плательщиков: 1,1996,R6: in=10 тыс ₸<30 тыс ₸ и 1 перевод,-,confirmed_sink,False,0.0,False,1,1,0,10000.0,0.0,1,0,0.0,-1.0,0.0,1,0,0.00028745,0.0,-,0.0322,0.0197,0.0734,0.0333,0.0
100000003449074100,peripheral,0.921,1,0.1587,Разовое поступление: 10 тыс ₸ от 1 плательщика (1 перевод); дальше не отправлял; seed среди плательщиков: 1,1997,R6: in=10 тыс ₸<30 тыс ₸ и 1 перевод,-,confirmed_sink,False,0.0,False,1,1,0,10000.0,0.0,1,0,0.0,-1.0,0.0,1,0,0.00028745,0.0,-,0.0322,0.0197,0.0734,0.0333,0.0
100000008745863100,peripheral,0.767,11,0.1585,Разовое поступление: 23 тыс ₸ от 1 плательщика (1 перевод); дальше не отправлял,1998,R6: in=23 тыс ₸<30 тыс ₸ и 1 перевод,-,confirmed_sink,False,0.0,False,3,1,0,22900.0,0.0,1,0,0.0,-1.0,0.0,0,0,0.00028914,0.0,-,0.0268,0.0583,0.0734,0.0,0.0
100000008661550100,peripheral,0.767,11,0.1584,Разовое поступление: 23 тыс ₸ от 1 плательщика (1 перевод); дальше не отправлял,1999,R6: in=23 тыс ₸<30 тыс ₸ и 1 перевод,-,confirmed_sink,False,0.0,False,3,1,0,22800.0,0.0,1,0,0.0,-1.0,0.0,0,0,0.00028913,0.0,-,0.0268,0.0582,0.0734,0.0,0.0
100000001969496100,peripheral,0.768,10,0.1582,Разовое поступление: 23 тыс ₸ от 1 плательщика (1 перевод); дальше не отправлял,2000,R6: in=23 тыс ₸<30 тыс ₸ и 1 перевод,-,confirmed_sink,False,0.0,False,3,1,0,22740.0,0.0,1,0,0.0,-1.0,0.0,0,0,0.000292,0.0,-,0.0269,0.0579,0.0734,0.0,0.0
100000008074304100,peripheral,0.97,3,0.1582,"Разовый перевод 6 тыс ₸ от 1 плательщика; 4-е колено, исходящие не выгружены",2001,R6: разовый перевод 6 тыс ₸ < 30 тыс ₸,-,truncated_depth,True,0.262,False,4,1,0,5500.0,0.0,1,0,0.0,-1.0,0.0,0,0,0.00033242,0.0,truncated,0.034,0.0075,0.1168,0.0,0.0
100000004611571100,peripheral,0.769,1,0.1581,Разовое поступление: 23 тыс ₸ от 1 плательщика (1 перевод); дальше не отправлял,2002,R6: in=23 тыс ₸<30 тыс ₸ и 1 перевод,-,confirmed_sink,False,0.0,False,3,1,0,22550.0,0.0,1,0,0.0,-1.0,0.0,0,0,0.00028684,0.0,-,0.0269,0.0578,0.0734,0.0,0.0
100000002534091100,peripheral,0.77,8,0.1579,Разовое поступление: 22 тыс ₸ от 1 плательщика (1 перевод); дальше не отправлял,2003,R6: in=22 тыс ₸<30 тыс ₸ и 1 перевод,-,confirmed_sink,False,0.0,False,3,1,0,22200.0,0.0,1,0,0.0,-1.0,0.0,0,0,0.00029637,0.0,-,0.027,0.0576,0.0734,0.0,0.0
100000006989232100,peripheral,0.77,1,0.1577,Разовое поступление: 22 тыс ₸ от 1 плательщика (1 перевод); дальше не отправлял,2004,R6: in=22 тыс ₸<30 тыс ₸ и 1 перевод,-,confirmed_sink,False,0.0,False,3,1,0,22194.0,0.0,1,0,0.0,-1.0,0.0,0,0,0.00028754,0.0,-,0.027,0.0574,0.0734,0.0,0.0
100000003338583100,peripheral,0.773,27,0.1572,Разовое поступление: 22 тыс ₸ от 1 плательщика (1 перевод); дальше не отправлял,2005,R6: in=22 тыс ₸<30 тыс ₸ и 1 перевод,-,confirmed_sink,False,0.0,False,3,1,0,21765.0,0.0,1,0,0.0,-1.0,0.0,0,0,0.00029016,0.0,-,0.0271,0.0567,0.0734,0.0,0.0
100000002130400100,peripheral,0.921,61,0.1571,"Разовый перевод 10 тыс ₸ от 1 плательщика; 4-е колено, исходящие не выгружены",2006,R6: разовый перевод 10 тыс ₸ < 30 тыс ₸,-,truncated_depth,True,0.262,False,4,1,0,10000.0,0.0,1,0,0.0,-1.0,0.0,0,0,0.00031755,0.0,truncated,0.0322,0.0197,0.1052,0.0,0.0
100000001155773100,peripheral,0.774,11,0.157,Разовое поступление: 22 тыс ₸ от 1 плательщика (1 перевод); дальше не отправлял,2007,R6: in=22 тыс ₸<30 тыс ₸ и 1 перевод,-,confirmed_sink,False,0.0,False,3,1,0,21500.0,0.0,1,0,0.0,-1.0,0.0,0,0,0.00028892,0.0,-,0.0271,0.0565,0.0734,0.0,0.0
100000008672603100,peripheral,0.775,5,0.1567,Разовое поступление: 21 тыс ₸ от 1 плательщика (1 перевод); дальше не отправлял,2008,R6: in=21 тыс ₸<30 тыс ₸ и 1 перевод,-,confirmed_sink,False,0.0,False,2,1,0,21200.0,0.0,1,0,0.0,-1.0,0.0,0,0,0.00029721,0.0,-,0.0271,0.0562,0.0734,0.0,0.0
100000008712036100,peripheral,0.778,11,0.1561,Разовое поступление: 21 тыс ₸ от 1 плательщика (1 перевод); дальше не отправлял,2009,R6: in=21 тыс ₸<30 тыс ₸ и 1 перевод,-,confirmed_sink,False,0.0,False,3,1,0,21000.0,0.0,1,0,0.0,-1.0,0.0,0,0,0.00028885,0.0,-,0.0272,0.0555,0.0734,0.0,0.0
100000008740793100,peripheral,0.778,11,0.1561,Разовое поступление: 21 тыс ₸ от 1 плательщика (1 перевод); дальше не отправлял,2010,R6: in=21 тыс ₸<30 тыс ₸ и 1 перевод,-,confirmed_sink,False,0.0,False,3,1,0,21000.0,0.0,1,0,0.0,-1.0,0.0,0,0,0.00028885,0.0,-,0.0272,0.0555,0.0734,0.0,0.0
100000008742266100,peripheral,0.778,11,0.1561,Разовое поступление: 21 тыс ₸ от 1 плательщика (1 перевод); дальше не отправлял,2011,R6: in=21 тыс ₸<30 тыс ₸ и 1 перевод,-,confirmed_sink,False,0.0,False,2,1,0,21000.0,0.0,1,0,0.0,-1.0,0.0,0,0,0.0002927,0.0,-,0.0272,0.0555,0.0734,0.0,0.0
100000008763688100,peripheral,0.778,11,0.1561,Разовое поступление: 21 тыс ₸ от 1 плательщика (1 перевод); дальше не отправлял,2012,R6: in=21 тыс ₸<30 тыс ₸ и 1 перевод,-,confirmed_sink,False,0.0,False,3,1,0,21000.0,0.0,1,0,0.0,-1.0,0.0,0,0,0.00028885,0.0,-,0.0272,0.0555,0.0734,0.0,0.0
100000001991973100,peripheral,0.781,59,0.1556,"Разовый перевод 21 тыс ₸ от 1 плательщика; 4-е колено, исходящие не выгружены",2013,R6: разовый перевод 21 тыс ₸ < 30 тыс ₸,-,truncated_depth,True,0.262,False,4,1,0,20800.0,0.0,1,0,0.0,-1.0,0.0,0,0,0.0002967,0.0,truncated,0.0273,0.0548,0.0734,0.0,0.0
100000001286703100,peripheral,0.782,26,0.1554,"Разовый перевод 20 тыс ₸ от 1 плательщика; 4-е колено, исходящие не выгружены",2014,R6: разовый перевод 20 тыс ₸ < 30 тыс ₸,-,truncated_depth,True,0.262,False,4,1,0,20500.0,0.0,1,0,0.0,-1.0,0.0,0,0,0.00028724,0.0,truncated,0.0274,0.0546,0.0734,0.0,0.0
100000004856746100,peripheral,0.795,35,0.1552,"Разовый перевод 20 тыс ₸ от 1 плательщика; 4-е колено, исходящие не выгружены",2015,R6: разовый перевод 20 тыс ₸ < 30 тыс ₸,-,truncated_depth,True,0.262,False,4,1,0,20000.0,0.0,1,0,0.0,-1.0,0.0,0,0,0.00030005,0.0,truncated,0.0278,0.0512,0.0762,0.0,0.0
100000000943371100,peripheral,0.853,21,0.1551,Разовое поступление: 16 тыс ₸ от 1 плательщика (1 перевод); дальше не отправлял,2016,R6: in=16 тыс ₸<30 тыс ₸ и 1 перевод,-,confirmed_sink,False,0.0,False,2,1,0,15500.0,0.0,1,0,0.0,-1.0,0.0,0,0,0.00030598,0.0,-,0.0299,0.0368,0.0884,0.0,0.0
100000000673915100,peripheral,0.783,32,0.155,"Разовый перевод 20 тыс ₸ от 1 плательщика; 4-е колено, исходящие не выгружены",2017,R6: разовый перевод 20 тыс ₸ < 30 тыс ₸,-,truncated_depth,True,0.262,False,4,1,0,20200.0,0.0,1,0,0.0,-1.0,0.0,0,0,0.00028758,0.0,truncated,0.0274,0.0542,0.0734,0.0,0.0
100000006658598100,peripheral,0.94,6,0.1546,Разовое поступление: 9 тыс ₸ от 1 плательщика (1 перевод); дальше не отправлял; seed среди плательщиков: 1,2018,R6: in=9 тыс ₸<30 тыс ₸ и 1 перевод,-,confirmed_sink,False,0.0,False,1,1,0,9000.0,0.0,1,0,0.0,-1.0,0.0,1,0,0.00028654,0.0,-,0.0329,0.015,0.0734,0.0333,0.0
100000006177176100,peripheral,0.942,6,0.1543,Разовое поступление: 9 тыс ₸ от 1 плательщика (1 перевод); дальше не отправлял; seed среди плательщиков: 1,2019,R6: in=9 тыс ₸<30 тыс ₸ и 1 перевод,-,confirmed_sink,False,0.0,False,1,1,0,8911.0,0.0,1,0,0.0,-1.0,0.0,1,0,0.00028653,0.0,-,0.033,0.0146,0.0734,0.0333,0.0
100000008672200100,peripheral,0.943,11,0.1541,Разовое поступление: 9 тыс ₸ от 1 плательщика (1 перевод); дальше не отправлял; seed среди плательщиков: 1,2020,R6: in=9 тыс ₸<30 тыс ₸ и 1 перевод,-,confirmed_sink,False,0.0,False,1,1,0,8511.0,0.0,1,0,0.0,-1.0,0.0,1,0,0.00028736,0.0,-,0.033,0.0143,0.0734,0.0333,0.0
100000002304943100,peripheral,0.861,52,0.1539,"Разовый перевод 15 тыс ₸ от 1 плательщика; 4-е колено, исходящие не выгружены",2021,R6: разовый перевод 15 тыс ₸ < 30 тыс ₸,-,truncated_depth,True,0.262,False,4,1,0,15000.0,0.0,1,0,0.0,-1.0,0.0,0,0,0.00030637,0.0,truncated,0.0301,0.0346,0.0891,0.0,0.0
100000000018102100,peripheral,0.954,8,0.1538,"Разовый перевод 7 тыс ₸ от 1 плательщика; 4-е колено, исходящие не выгружены",2022,R6: разовый перевод 7 тыс ₸ < 30 тыс ₸,-,truncated_depth,True,0.262,False,4,1,0,7000.0,0.0,1,0,0.0,-1.0,0.0,0,0,0.0003204,0.0,truncated,0.0334,0.0115,0.109,0.0,0.0
100000005940652100,peripheral,0.945,20,0.1536,Разовое поступление: 8 тыс ₸ от 1 плательщика (1 перевод); дальше не отправлял; seed среди плательщиков: 1,2023,R6: in=8 тыс ₸<30 тыс ₸ и 1 перевод,-,confirmed_sink,False,0.0,False,1,1,0,8395.0,0.0,1,0,0.0,-1.0,0.0,1,0,0.00028809,0.0,-,0.0331,0.0138,0.0734,0.0333,0.0
100000005807278100,peripheral,0.945,65,0.1535,Разовое поступление: 8 тыс ₸ от 1 плательщика (1 перевод); дальше не отправлял; seed среди плательщиков: 1,2024,R6: in=8 тыс ₸<30 тыс ₸ и 1 перевод,-,confirmed_sink,False,0.0,False,1,1,0,8385.0,0.0,1,0,0.0,-1.0,0.0,1,0,0.00029296,0.0,-,0.0331,0.0137,0.0734,0.0333,0.0
100000002836052100,peripheral,0.861,5,0.1528,Разовое поступление: 15 тыс ₸ от 1 плательщика (1 перевод); дальше не отправлял,2025,R6: in=15 тыс ₸<30 тыс ₸ и 1 перевод,-,confirmed_sink,False,0.0,False,2,1,0,15000.0,0.0,1,0,0.0,-1.0,0.0,0,0,0.00030567,0.0,-,0.0301,0.0346,0.088,0.0,0.0
100000003024542100,peripheral,0.944,5,0.1528,Разовое поступление: 8 тыс ₸ от 1 плательщика (1 перевод); дальше не отправлял,2026,R6: in=8 тыс ₸<30 тыс ₸ и 1 перевод,-,confirmed_sink,False,0.0,False,2,1,0,8500.0,0.0,1,0,0.0,-1.0,0.0,0,0,0.00031795,0.0,-,0.033,0.014,0.1058,0.0,0.0
100000002546921100,peripheral,0.795,10,0.1524,Разовое поступление: 20 тыс ₸ от 1 плательщика (1 перевод); дальше не отправлял,2027,R6: in=20 тыс ₸<30 тыс ₸ и 1 перевод,-,confirmed_sink,False,0.0,False,3,1,0,20000.0,0.0,1,0,0.0,-1.0,0.0,0,0,0.00029122,0.0,-,0.0278,0.0512,0.0734,0.0,0.0
100000003594472100,peripheral,0.795,22,0.1524,Разовое поступление: 20 тыс ₸ от 1 плательщика (1 перевод); дальше не отправлял,2028,R6: in=20 тыс ₸<30 тыс ₸ и 1 перевод,-,confirmed_sink,False,0.0,False,3,1,0,20000.0,0.0,1,0,0.0,-1.0,0.0,0,0,0.00029445,0.0,-,0.0278,0.0512,0.0734,0.0,0.0
100000004070530100,peripheral,0.795,26,0.1524,"Разовый перевод 20 тыс ₸ от 1 плательщика; 4-е колено, исходящие не выгружены",2029,R6: разовый перевод 20 тыс ₸ < 30 тыс ₸,-,truncated_depth,True,0.262,False,4,1,0,20000.0,0.0,1,0,0.0,-1.0,0.0,0,0,0.0002872,0.0,truncated,0.0278,0.0512,0.0734,0.0,0.0
100000006710485100,peripheral,0.795,11,0.1524,Разовое поступление: 20 тыс ₸ от 1 плательщика (1 перевод); дальше не отправлял,2030,R6: in=20 тыс ₸<30 тыс ₸ и 1 перевод,-,confirmed_sink,False,0.0,False,3,1,0,20000.0,0.0,1,0,0.0,-1.0,0.0,0,0,0.00028869,0.0,-,0.0278,0.0512,0.0734,0.0,0.0
100000008416433100,peripheral,0.795,10,0.1524,Разовое поступление: 20 тыс ₸ от 1 плательщика (1 перевод); дальше не отправлял,2031,R6: in=20 тыс ₸<30 тыс ₸ и 1 перевод,-,confirmed_sink,False,0.0,False,3,1,0,20000.0,0.0,1,0,0.0,-1.0,0.0,0,0,0.00029122,0.0,-,0.0278,0.0512,0.0734,0.0,0.0
100000008682426100,peripheral,0.795,10,0.1524,Разовое поступление: 20 тыс ₸ от 1 плательщика (1 перевод); дальше не отправлял,2032,R6: in=20 тыс ₸<30 тыс ₸ и 1 перевод,-,confirmed_sink,False,0.0,False,3,1,0,20000.0,0.0,1,0,0.0,-1.0,0.0,0,0,0.00029122,0.0,-,0.0278,0.0512,0.0734,0.0,0.0
100000008745884100,peripheral,0.795,11,0.1524,Разовое поступление: 20 тыс ₸ от 1 плательщика (1 перевод); дальше не отправлял,2033,R6: in=20 тыс ₸<30 тыс ₸ и 1 перевод,-,confirmed_sink,False,0.0,False,3,1,0,20000.0,0.0,1,0,0.0,-1.0,0.0,0,0,0.00028869,0.0,-,0.0278,0.0512,0.0734,0.0,0.0
100000003377795100,peripheral,0.954,7,0.1516,Разовое поступление: 7 тыс ₸ от 1 плательщика (1 перевод); дальше не отправлял; seed среди плательщиков: 1,2034,R6: in=7 тыс ₸<30 тыс ₸ и 1 перевод,-,confirmed_sink,False,0.0,False,1,1,0,7000.0,0.0,1,0,0.0,-1.0,0.0,1,0,0.00028597,0.0,-,0.0334,0.0115,0.0734,0.0333,0.0
100000000782285100,peripheral,0.961,8,0.1515,Разовое поступление: 6 тыс ₸ от 1 плательщика (1 перевод); дальше не отправлял,2035,R6: in=6 тыс ₸<30 тыс ₸ и 1 перевод,-,confirmed_sink,False,0.0,False,3,1,0,6151.0,0.0,1,0,0.0,-1.0,0.0,0,0,0.0003196,0.0,-,0.0336,0.0098,0.1081,0.0,0.0
100000004850609100,peripheral,0.921,1,0.1511,"Разовый перевод 10 тыс ₸ от 1 плательщика; 4-е колено, исходящие не выгружены",2036,R6: разовый перевод 10 тыс ₸ < 30 тыс ₸,-,truncated_depth,True,0.262,False,4,1,0,10000.0,0.0,1,0,0.0,-1.0,0.0,0,0,0.00031303,0.0,truncated,0.0322,0.0197,0.0992,0.0,0.0
100000008173359100,peripheral,0.961,6,0.15,Разовое поступление: 6 тыс ₸ от 1 плательщика (1 перевод); дальше не отправлял; seed среди плательщиков: 1,2037,R6: in=6 тыс ₸<30 тыс ₸ и 1 перевод,-,confirmed_sink,False,0.0,False,1,1,0,6110.0,0.0,1,0,0.0,-1.0,0.0,1,0,0.00028623,0.0,-,0.0336,0.0097,0.0734,0.0333,0.0
100000006444163100,peripheral,0.963,8,0.1499,Разовое поступление: 6 тыс ₸ от 1 плательщика (1 перевод); дальше не отправлял,2038,R6: in=6 тыс ₸<30 тыс ₸ и 1 перевод,-,confirmed_sink,False,0.0,False,3,1,0,6026.0,0.0,1,0,0.0,-1.0,0.0,0,0,0.00031891,0.0,-,0.0337,0.0093,0.1069,0.0,0.0
100000008776310100,peripheral,0.808,11,0.1497,Разовое поступление: 19 тыс ₸ от 1 плательщика (1 перевод); дальше не отправлял,2039,R6: in=19 тыс ₸<30 тыс ₸ и 1 перевод,-,truncated_time,False,0.0,False,3,1,0,19200.0,0.0,1,0,0.0,-1.0,0.0,0,0,0.00028857,0.0,late_inflow,0.0283,0.048,0.0734,0.0,0.0
100000001298099100,peripheral,0.809,12,0.1494,Разовое поступление: 19 тыс ₸ от 1 плательщика (1 перевод); дальше не отправлял,2040,R6: in=19 тыс ₸<30 тыс ₸ и 1 перевод,-,confirmed_sink,False,0.0,False,3,1,0,19000.0,0.0,1,0,0.0,-1.0,0.0,0,0,0.00029265,0.0,-,0.0283,0.0477,0.0734,0.0,0.0
100000008696692100,peripheral,0.809,11,0.1494,Разовое поступление: 19 тыс ₸ от 1 плательщика (1 перевод); дальше не отправлял,2041,R6: in=19 тыс ₸<30 тыс ₸ и 1 перевод,-,confirmed_sink,False,0.0,False,2,1,0,19000.0,0.0,1,0,0.0,-1.0,0.0,0,0,0.00029202,0.0,-,0.0283,0.0477,0.0734,0.0,0.0
100000003146511100,peripheral,0.921,21,0.1493,"Разовый перевод 10 тыс ₸ от 1 плательщика; 4-е колено, исходящие не выгружены",2042,R6: разовый перевод 10 тыс ₸ < 30 тыс ₸,-,truncated_depth,True,0.262,False,4,1,0,10000.0,0.0,1,0,0.0,-1.0,0.0,0,0,0.00031181,0.0,truncated,0.0322,0.0197,0.0973,0.0,0.0
100000003635660100,peripheral,0.81,1,0.1491,Разовое поступление: 19 тыс ₸ от 1 плательщика (1 перевод); дальше не отправлял,2043,R6: in=19 тыс ₸<30 тыс ₸ и 1 перевод,-,confirmed_sink,False,0.0,False,3,1,0,18985.0,0.0,1,0,0.0,-1.0,0.0,0,0,0.00029052,0.0,-,0.0284,0.0474,0.0734,0.0,0.0
100000004140994100,peripheral,0.811,11,0.149,Разовое поступление: 19 тыс ₸ от 1 плательщика (1 перевод); дальше не отправлял,2044,R6: in=19 тыс ₸<30 тыс ₸ и 1 перевод,-,confirmed_sink,False,0.0,False,3,1,0,18650.0,0.0,1,0,0.0,-1.0,0.0,0,0,0.00028848,0.0,-,0.0284,0.0473,0.0734,0.0,0.0
100000002893020100,peripheral,0.812,12,0.1487,Разовое поступление: 18 тыс ₸ от 1 плательщика (1 перевод); дальше не отправлял,2045,R6: in=18 тыс ₸<30 тыс ₸ и 1 перевод,-,confirmed_sink,False,0.0,False,3,1,0,18340.0,0.0,1,0,0.0,-1.0,0.0,0,0,0.0002924,0.0,-,0.0284,0.0469,0.0734,0.0,0.0
100000001251686100,peripheral,0.817,5,0.1479,Разовое поступление: 18 тыс ₸ от 1 плательщика (1 перевод); дальше не отправлял,2046,R6: in=18 тыс ₸<30 тыс ₸ и 1 перевод,-,confirmed_sink,False,0.0,False,2,1,0,18000.0,0.0,1,0,0.0,-1.0,0.0,0,0,0.00029657,0.0,-,0.0286,0.0459,0.0734,0.0,0.0
100000002748040100,peripheral,0.817,12,0.1479,"Разовый перевод 18 тыс ₸ от 1 плательщика; 4-е колено, исходящие не выгружены",2047,R6: разовый перевод 18 тыс ₸ < 30 тыс ₸,-,truncated_depth,True,0.262,False,4,1,0,18000.0,0.0,1,0,0.0,-1.0,0.0,0,0,0.00029231,0.0,truncated,0.0286,0.0459,0.0734,0.0,0.0
100000005059998100,peripheral,0.817,5,0.1479,Разовое поступление: 18 тыс ₸ от 1 плательщика (1 перевод); дальше не отправлял,2048,R6: in=18 тыс ₸<30 тыс ₸ и 1 перевод,-,confirmed_sink,False,0.0,False,2,1,0,18000.0,0.0,1,0,0.0,-1.0,0.0,0,0,0.00029592,0.0,-,0.0286,0.0459,0.0734,0.0,0.0
100000008712184100,peripheral,0.817,11,0.1479,Разовое поступление: 18 тыс ₸ от 1 плательщика (1 перевод); дальше не отправлял,2049,R6: in=18 тыс ₸<30 тыс ₸ и 1 перевод,-,confirmed_sink,False,0.0,False,3,1,0,18000.0,0.0,1,0,0.0,-1.0,0.0,0,0,0.00028838,0.0,-,0.0286,0.0459,0.0734,0.0,0.0
100000008715887100,peripheral,0.817,11,0.1479,Разовое поступление: 18 тыс ₸ от 1 плательщика (1 перевод); дальше не отправлял,2050,R6: in=18 тыс ₸<30 тыс ₸ и 1 перевод,-,confirmed_sink,False,0.0,False,3,1,0,18000.0,0.0,1,0,0.0,-1.0,0.0,0,0,0.00028838,0.0,-,0.0286,0.0459,0.0734,0.0,0.0
100000008754997100,peripheral,0.817,11,0.1479,Разовое поступление: 18 тыс ₸ от 1 плательщика (1 перевод); дальше не отправлял,2051,R6: in=18 тыс ₸<30 тыс ₸ и 1 перевод,-,confirmed_sink,False,0.0,False,3,1,0,18000.0,0.0,1,0,0.0,-1.0,0.0,0,0,0.00028838,0.0,-,0.0286,0.0459,0.0734,0.0,0.0
100000002116705100,peripheral,0.822,11,0.1467,Разовое поступление: 18 тыс ₸ от 1 плательщика (1 перевод); дальше не отправлял,2052,R6: in=18 тыс ₸<30 тыс ₸ и 1 перевод,-,confirmed_sink,False,0.0,False,3,1,0,17600.0,0.0,1,0,0.0,-1.0,0.0,0,0,0.00028832,0.0,-,0.0288,0.0445,0.0734,0.0,0.0
100000002511581100,peripheral,0.822,11,0.1467,Разовое поступление: 18 тыс ₸ от 1 плательщика (1 перевод); дальше не отправлял,2053,R6: in=18 тыс ₸<30 тыс ₸ и 1 перевод,-,confirmed_sink,False,0.0,False,3,1,0,17600.0,0.0,1,0,0.0,-1.0,0.0,0,0,0.00028832,0.0,-,0.0288,0.0445,0.0734,0.0,0.0
100000008687990100,peripheral,0.822,11,0.1467,Разовое поступление: 18 тыс ₸ от 1 плательщика (1 перевод); дальше не отправлял,2054,R6: in=18 тыс ₸<30 тыс ₸ и 1 перевод,-,confirmed_sink,False,0.0,False,3,1,0,17600.0,0.0,1,0,0.0,-1.0,0.0,0,0,0.00028832,0.0,-,0.0288,0.0445,0.0734,0.0,0.0
100000008735832100,peripheral,0.822,11,0.1467,Разовое поступление: 18 тыс ₸ от 1 плательщика (1 перевод); дальше не отправлял,2055,R6: in=18 тыс ₸<30 тыс ₸ и 1 перевод,-,confirmed_sink,False,0.0,False,3,1,0,17600.0,0.0,1,0,0.0,-1.0,0.0,0,0,0.00028832,0.0,-,0.0288,0.0445,0.0734,0.0,0.0
100000008755168100,peripheral,0.822,11,0.1467,Разовое поступление: 18 тыс ₸ от 1 плательщика (1 перевод); дальше не отправлял,2056,R6: in=18 тыс ₸<30 тыс ₸ и 1 перевод,-,confirmed_sink,False,0.0,False,3,1,0,17600.0,0.0,1,0,0.0,-1.0,0.0,0,0,0.00028832,0.0,-,0.0288,0.0445,0.0734,0.0,0.0
100000005553088100,peripheral,0.825,8,0.1459,"Разовый перевод 18 тыс ₸ от 1 плательщика; 4-е колено, исходящие не выгружены",2057,R6: разовый перевод 18 тыс ₸ < 30 тыс ₸,-,truncated_depth,True,0.262,False,4,1,0,17500.0,0.0,1,0,0.0,-1.0,0.0,0,0,0.00029429,0.0,truncated,0.0289,0.0436,0.0734,0.0,0.0
100000008683818100,peripheral,0.826,11,0.1458,Разовое поступление: 17 тыс ₸ от 1 плательщика (1 перевод); дальше не отправлял,2058,R6: in=17 тыс ₸<30 тыс ₸ и 1 перевод,-,confirmed_sink,False,0.0,False,2,1,0,17400.0,0.0,1,0,0.0,-1.0,0.0,0,0,0.00029148,0.0,-,0.0289,0.0435,0.0734,0.0,0.0
100000001249054100,peripheral,0.827,12,0.1457,"Разовый перевод 17 тыс ₸ от 1 плательщика; 4-е колено, исходящие не выгружены",2059,R6: разовый перевод 17 тыс ₸ < 30 тыс ₸,-,truncated_depth,True,0.262,False,4,1,0,17375.0,0.0,1,0,0.0,-1.0,0.0,0,0,0.00029207,0.0,truncated,0.0289,0.0434,0.0734,0.0,0.0
100000008767950100,peripheral,0.827,11,0.1456,Разовое поступление: 17 тыс ₸ от 1 плательщика (1 перевод); дальше не отправлял,2060,R6: in=17 тыс ₸<30 тыс ₸ и 1 перевод,-,confirmed_sink,False,0.0,False,3,1,0,17350.0,0.0,1,0,0.0,-1.0,0.0,0,0,0.00028828,0.0,-,0.0289,0.0433,0.0734,0.0,0.0
100000005995391100,peripheral,0.829,11,0.1453,Разовое поступление: 17 тыс ₸ от 1 плательщика (1 перевод); дальше не отправлял,2061,R6: in=17 тыс ₸<30 тыс ₸ и 1 перевод,-,confirmed_sink,False,0.0,False,3,1,0,17200.0,0.0,1,0,0.0,-1.0,0.0,0,0,0.00028825,0.0,-,0.029,0.0429,0.0734,0.0,0.0
100000007022818100,peripheral,0.829,11,0.1453,Разовое поступление: 17 тыс ₸ от 1 плательщика (1 перевод); дальше не отправлял,2062,R6: in=17 тыс ₸<30 тыс ₸ и 1 перевод,-,confirmed_sink,False,0.0,False,3,1,0,17200.0,0.0,1,0,0.0,-1.0,0.0,0,0,0.00028825,0.0,-,0.029,0.0429,0.0734,0.0,0.0
100000008309514100,peripheral,0.829,11,0.1453,Разовое поступление: 17 тыс ₸ от 1 плательщика (1 перевод); дальше не отправлял,2063,R6: in=17 тыс ₸<30 тыс ₸ и 1 перевод,-,confirmed_sink,False,0.0,False,3,1,0,17200.0,0.0,1,0,0.0,-1.0,0.0,0,0,0.00028825,0.0,-,0.029,0.0429,0.0734,0.0,0.0
100000008684951100,peripheral,0.829,11,0.1453,Разовое поступление: 17 тыс ₸ от 1 плательщика (1 перевод); дальше не отправлял,2064,R6: in=17 тыс ₸<30 тыс ₸ и 1 перевод,-,confirmed_sink,False,0.0,False,3,1,0,17200.0,0.0,1,0,0.0,-1.0,0.0,0,0,0.00028825,0.0,-,0.029,0.0429,0.0734,0.0,0.0
100000008706947100,peripheral,0.829,11,0.1453,Разовое поступление: 17 тыс ₸ от 1 плательщика (1 перевод); дальше не отправлял,2065,R6: in=17 тыс ₸<30 тыс ₸ и 1 перевод,-,confirmed_sink,False,0.0,False,3,1,0,17200.0,0.0,1,0,0.0,-1.0,0.0,0,0,0.00028825,0.0,-,0.029,0.0429,0.0734,0.0,0.0
100000008708595100,peripheral,0.829,11,0.1453,Разовое поступление: 17 тыс ₸ от 1 плательщика (1 перевод); дальше не отправлял,2066,R6: in=17 тыс ₸<30 тыс ₸ и 1 перевод,-,confirmed_sink,False,0.0,False,3,1,0,17200.0,0.0,1,0,0.0,-1.0,0.0,0,0,0.00028825,0.0,-,0.029,0.0429,0.0734,0.0,0.0
100000006965162100,peripheral,0.921,37,0.1453,Разовое поступление: 10 тыс ₸ от 1 плательщика (1 перевод); дальше не отправлял,2067,R6: in=10 тыс ₸<30 тыс ₸ и 1 перевод,-,confirmed_sink,False,0.0,False,3,1,0,10000.0,0.0,1,0,0.0,-1.0,0.0,0,0,0.00030929,0.0,-,0.0322,0.0197,0.0934,0.0,0.0
100000008708025100,peripheral,0.921,37,0.1453,Разовое поступление: 10 тыс ₸ от 1 плательщика (1 перевод); дальше не отправлял,2068,R6: in=10 тыс ₸<30 тыс ₸ и 1 перевод,-,confirmed_sink,False,0.0,False,3,1,0,10000.0,0.0,1,0,0.0,-1.0,0.0,0,0,0.00030929,0.0,-,0.0322,0.0197,0.0934,0.0,0.0
100000000424935100,peripheral,0.861,37,0.145,"Разовый перевод 15 тыс ₸ от 1 плательщика; 4-е колено, исходящие не выгружены",2069,R6: разовый перевод 15 тыс ₸ < 30 тыс ₸,-,truncated_depth,True,0.262,False,4,1,0,15000.0,0.0,1,0,0.0,-1.0,0.0,0,0,0.00030145,0.0,truncated,0.0301,0.0346,0.0802,0.0,0.0
100000005996909100,peripheral,0.97,19,0.145,Разовое поступление: 6 тыс ₸ от 1 плательщика (1 перевод); дальше не отправлял,2070,R6: in=6 тыс ₸<30 тыс ₸ и 1 перевод,-,confirmed_sink,False,0.0,False,3,1,0,5500.0,0.0,1,0,0.0,-1.0,0.0,0,0,0.00031595,0.0,-,0.034,0.0075,0.1036,0.0,0.0
100000008749900100,peripheral,0.83,11,0.1449,Разовое поступление: 17 тыс ₸ от 1 плательщика (1 перевод); дальше не отправлял,2071,R6: in=17 тыс ₸<30 тыс ₸ и 1 перевод,-,confirmed_sink,False,0.0,False,3,1,0,17150.0,0.0,1,0,0.0,-1.0,0.0,0,0,0.00028825,0.0,-,0.029,0.0425,0.0734,0.0,0.0
100000008029279100,peripheral,0.834,8,0.1441,Разовое поступление: 17 тыс ₸ от 1 плательщика (1 перевод); дальше не отправлял,2072,R6: in=17 тыс ₸<30 тыс ₸ и 1 перевод,-,confirmed_sink,False,0.0,False,3,1,0,17000.0,0.0,1,0,0.0,-1.0,0.0,0,0,0.00028903,0.0,-,0.0292,0.0415,0.0734,0.0,0.0
100000008759795100,peripheral,0.834,59,0.1441,"Разовый перевод 17 тыс ₸ от 1 плательщика; 4-е колено, исходящие не выгружены",2073,R6: разовый перевод 17 тыс ₸ < 30 тыс ₸,-,truncated_depth,True,0.262,False,4,1,0,17000.0,0.0,1,0,0.0,-1.0,0.0,0,0,0.00029467,0.0,truncated,0.0292,0.0415,0.0734,0.0,0.0
100000003336565100,peripheral,0.835,11,0.1438,Разовое поступление: 17 тыс ₸ от 1 плательщика (1 перевод); дальше не отправлял,2074,R6: in=17 тыс ₸<30 тыс ₸ и 1 перевод,-,confirmed_sink,False,0.0,False,2,1,0,16550.0,0.0,1,0,0.0,-1.0,0.0,0,0,0.00029119,0.0,-,0.0292,0.0411,0.0734,0.0,0.0
100000008662805100,peripheral,0.837,11,0.1436,Разовое поступление: 16 тыс ₸ от 1 плательщика (1 перевод); дальше не отправлял,2075,R6: in=16 тыс ₸<30 тыс ₸ и 1 перевод,-,confirmed_sink,False,0.0,False,3,1,0,16500.0,0.0,1,0,0.0,-1.0,0.0,0,0,0.00028814,0.0,-,0.0293,0.0409,0.0734,0.0,0.0
100000008771627100,peripheral,0.837,11,0.1436,Разовое поступление: 16 тыс ₸ от 1 плательщика (1 перевод); дальше не отправлял,2076,R6: in=16 тыс ₸<30 тыс ₸ и 1 перевод,-,confirmed_sink,False,0.0,False,2,1,0,16500.0,0.0,1,0,0.0,-1.0,0.0,0,0,0.00029117,0.0,-,0.0293,0.0409,0.0734,0.0,0.0
100000000733373100,peripheral,0.905,6,0.1436,Разовое поступление: 11 тыс ₸ от 1 плательщика (1 перевод); дальше не отправлял,2077,R6: in=11 тыс ₸<30 тыс ₸ и 1 перевод,-,confirmed_sink,False,0.0,False,2,1,0,10710.0,0.0,1,0,0.0,-1.0,0.0,0,0,0.00030578,0.0,-,0.0317,0.0238,0.0881,0.0,0.0
100000002597623100,peripheral,0.838,1,0.1433,Разовое поступление: 16 тыс ₸ от 1 плательщика (1 перевод); дальше не отправлял,2078,R6: in=16 тыс ₸<30 тыс ₸ и 1 перевод,-,confirmed_sink,False,0.0,False,3,1,0,16418.0,0.0,1,0,0.0,-1.0,0.0,0,0,0.00028649,0.0,-,0.0293,0.0406,0.0734,0.0,0.0
100000003096787100,peripheral,0.838,12,0.1432,"Разовый перевод 16 тыс ₸ от 1 плательщика; 4-е колено, исходящие не выгружены",2079,R6: разовый перевод 16 тыс ₸ < 30 тыс ₸,-,truncated_depth,True,0.262,False,4,1,0,16400.0,0.0,1,0,0.0,-1.0,0.0,0,0,0.00029171,0.0,truncated,0.0293,0.0404,0.0734,0.0,0.0
100000005847078100,peripheral,0.839,11,0.143,Разовое поступление: 16 тыс ₸ от 1 плательщика (1 перевод); дальше не отправлял,2080,R6: in=16 тыс ₸<30 тыс ₸ и 1 перевод,-,confirmed_sink,False,0.0,False,3,1,0,16300.0,0.0,1,0,0.0,-1.0,0.0,0,0,0.00028811,0.0,-,0.0294,0.0402,0.0734,0.0,0.0
100000008664774100,peripheral,0.839,11,0.143,Разовое поступление: 16 тыс ₸ от 1 плательщика (1 перевод); дальше не отправлял,2081,R6: in=16 тыс ₸<30 тыс ₸ и 1 перевод,-,confirmed_sink,False,0.0,False,3,1,0,16300.0,0.0,1,0,0.0,-1.0,0.0,0,0,0.00028811,0.0,-,0.0294,0.0402,0.0734,0.0,0.0
100000008720668100,peripheral,0.842,11,0.1423,Разовое поступление: 16 тыс ₸ от 1 плательщика (1 перевод); дальше не отправлял,2082,R6: in=16 тыс ₸<30 тыс ₸ и 1 перевод,-,confirmed_sink,False,0.0,False,3,1,0,16000.0,0.0,1,0,0.0,-1.0,0.0,0,0,0.00028807,0.0,-,0.0295,0.0394,0.0734,0.0,0.0
100000008736394100,peripheral,0.842,11,0.1423,Разовое поступление: 16 тыс ₸ от 1 плательщика (1 перевод); дальше не отправлял,2083,R6: in=16 тыс ₸<30 тыс ₸ и 1 перевод,-,confirmed_sink,False,0.0,False,2,1,0,16000.0,0.0,1,0,0.0,-1.0,0.0,0,0,0.000291,0.0,-,0.0295,0.0394,0.0734,0.0,0.0
100000008749989100,peripheral,0.842,11,0.1423,Разовое поступление: 16 тыс ₸ от 1 плательщика (1 перевод); дальше не отправлял,2084,R6: in=16 тыс ₸<30 тыс ₸ и 1 перевод,-,confirmed_sink,False,0.0,False,2,1,0,16000.0,0.0,1,0,0.0,-1.0,0.0,0,0,0.000291,0.0,-,0.0295,0.0394,0.0734,0.0,0.0
100000008755580100,peripheral,0.842,11,0.1423,Разовое поступление: 16 тыс ₸ от 1 плательщика (1 перевод); дальше не отправлял,2085,R6: in=16 тыс ₸<30 тыс ₸ и 1 перевод,-,confirmed_sink,False,0.0,False,3,1,0,16000.0,0.0,1,0,0.0,-1.0,0.0,0,0,0.00028807,0.0,-,0.0295,0.0394,0.0734,0.0,0.0
100000003009900100,peripheral,0.845,12,0.1418,Разовое поступление: 16 тыс ₸ от 1 плательщика (1 перевод); дальше не отправлял,2086,R6: in=16 тыс ₸<30 тыс ₸ и 1 перевод,-,confirmed_sink,False,0.0,False,3,1,0,15998.0,0.0,1,0,0.0,-1.0,0.0,0,0,0.00029153,0.0,-,0.0296,0.0388,0.0734,0.0,0.0
100000005025629100,peripheral,0.975,3,0.1418,"Разовый перевод 5 тыс ₸ от 1 плательщика; 4-е колено, исходящие не выгружены",2087,R6: разовый перевод 5 тыс ₸ < 30 тыс ₸,-,truncated_depth,True,0.262,False,4,1,0,5227.0,0.0,1,0,0.0,-1.0,0.0,0,0,0.00031415,0.0,truncated,0.0341,0.0063,0.1013,0.0,0.0
100000002528978100,peripheral,0.845,12,0.1417,"Разовый перевод 16 тыс ₸ от 1 плательщика; 4-е колено, исходящие не выгружены",2088,R6: разовый перевод 16 тыс ₸ < 30 тыс ₸,-,truncated_depth,True,0.262,False,4,1,0,15900.0,0.0,1,0,0.0,-1.0,0.0,0,0,0.00029152,0.0,truncated,0.0296,0.0387,0.0734,0.0,0.0
100000000765628100,peripheral,0.984,6,0.1417,Разовое поступление: 5 тыс ₸ от 1 плательщика (1 перевод); дальше не отправлял,2089,R6: in=5 тыс ₸<30 тыс ₸ и 1 перевод,-,confirmed_sink,False,0.0,False,2,1,0,5000.0,0.0,1,0,0.0,-1.0,0.0,0,0,0.00031542,0.0,-,0.0344,0.004,0.1033,0.0,0.0
100000002597074100,peripheral,0.947,1,0.1416,"Разовый перевод 8 тыс ₸ от 1 плательщика; 4-е колено, исходящие не выгружены",2090,R6: разовый перевод 8 тыс ₸ < 30 тыс ₸,-,truncated_depth,True,0.262,False,4,1,0,8000.0,0.0,1,0,0.0,-1.0,0.0,0,0,0.00031043,0.0,truncated,0.0331,0.0132,0.0953,0.0,0.0
100000007597382100,peripheral,0.847,3,0.1414,Разовое поступление: 16 тыс ₸ от 1 плательщика (1 перевод); дальше не отправлял,2091,R6: in=16 тыс ₸<30 тыс ₸ и 1 перевод,-,confirmed_sink,False,0.0,False,3,1,0,15700.0,0.0,1,0,0.0,-1.0,0.0,0,0,0.00028608,0.0,-,0.0296,0.0384,0.0734,0.0,0.0
100000008668099100,peripheral,0.847,11,0.1414,Разовое поступление: 16 тыс ₸ от 1 плательщика (1 перевод); дальше не отправлял,2092,R6: in=16 тыс ₸<30 тыс ₸ и 1 перевод,-,confirmed_sink,False,0.0,False,3,1,0,15700.0,0.0,1,0,0.0,-1.0,0.0,0,0,0.00028802,0.0,-,0.0296,0.0384,0.0734,0.0,0.0
100000008686494100,peripheral,0.847,11,0.1414,Разовое поступление: 16 тыс ₸ от 1 плательщика (1 перевод); дальше не отправлял,2093,R6: in=16 тыс ₸<30 тыс ₸ и 1 перевод,-,confirmed_sink,False,0.0,False,3,1,0,15700.0,0.0,1,0,0.0,-1.0,0.0,0,0,0.00028802,0.0,-,0.0296,0.0384,0.0734,0.0,0.0
100000000661131100,peripheral,0.849,11,0.1409,Разовое поступление: 16 тыс ₸ от 1 плательщика (1 перевод); дальше не отправлял,2094,R6: in=16 тыс ₸<30 тыс ₸ и 1 перевод,-,confirmed_sink,False,0.0,False,3,1,0,15600.0,0.0,1,0,0.0,-1.0,0.0,0,0,0.000288,0.0,-,0.0297,0.0378,0.0734,0.0,0.0
100000008663723100,peripheral,0.849,11,0.1409,Разовое поступление: 16 тыс ₸ от 1 плательщика (1 перевод); дальше не отправлял,2095,R6: in=16 тыс ₸<30 тыс ₸ и 1 перевод,-,confirmed_sink,False,0.0,False,3,1,0,15600.0,0.0,1,0,0.0,-1.0,0.0,0,0,0.000288,0.0,-,0.0297,0.0378,0.0734,0.0,0.0
100000008708743100,peripheral,0.85,11,0.1407,Разовое поступление: 16 тыс ₸ от 1 плательщика (1 перевод); дальше не отправлял,2096,R6: in=16 тыс ₸<30 тыс ₸ и 1 перевод,-,confirmed_sink,False,0.0,False,3,1,0,15550.0,0.0,1,0,0.0,-1.0,0.0,0,0,0.000288,0.0,-,0.0298,0.0375,0.0734,0.0,0.0
100000005205745100,peripheral,0.965,7,0.1407,Разовое поступление: 6 тыс ₸ от 1 плательщика (1 перевод); дальше не отправлял,2097,R6: in=6 тыс ₸<30 тыс ₸ и 1 перевод,-,confirmed_sink,False,0.0,False,2,1,0,6000.0,0.0,1,0,0.0,-1.0,0.0,0,0,0.00031226,0.0,-,0.0338,0.0088,0.098,0.0,0.0
100000001138376100,peripheral,0.854,19,0.1398,Разовое поступление: 15 тыс ₸ от 1 плательщика (1 перевод); дальше не отправлял,2098,R6: in=15 тыс ₸<30 тыс ₸ и 1 перевод,-,truncated_time,False,0.0,False,2,1,0,15300.0,0.0,1,0,0.0,-1.0,0.0,0,0,0.00029044,0.0,late_inflow,0.0299,0.0365,0.0734,0.0,0.0
100000005172860100,peripheral,0.855,1,0.1397,Разовое поступление: 15 тыс ₸ от 1 плательщика (1 перевод); дальше не отправлял,2099,R6: in=15 тыс ₸<30 тыс ₸ и 1 перевод,-,confirmed_sink,False,0.0,False,3,1,0,15209.2,0.0,1,0,0.0,-1.0,0.0,0,0,0.0002918,0.0,-,0.0299,0.0364,0.0734,0.0,0.0
100000002733083100,peripheral,0.855,12,0.1395,"Разовый перевод 15 тыс ₸ от 1 плательщика; 4-е колено, исходящие не выгружены",2100,R6: разовый перевод 15 тыс ₸ < 30 тыс ₸,-,truncated_depth,True,0.262,False,4,1,0,15200.0,0.0,1,0,0.0,-1.0,0.0,0,0,0.00029126,0.0,truncated,0.0299,0.0362,0.0734,0.0,0.0
100000003650146100,peripheral,0.871,6,0.1391,Разовое поступление: 14 тыс ₸ от 1 плательщика (1 перевод); дальше не отправлял,2101,R6: in=14 тыс ₸<30 тыс ₸ и 1 перевод,-,confirmed_sink,False,0.0,False,3,1,0,14400.0,0.0,1,0,0.0,-1.0,0.0,0,0,0.00030013,0.0,-,0.0305,0.0321,0.0765,0.0,0.0
100000002945031100,peripheral,0.861,21,0.1382,Разовое поступление: 15 тыс ₸ от 1 плательщика (1 перевод); дальше не отправлял,2102,R6: in=15 тыс ₸<30 тыс ₸ и 1 перевод,-,confirmed_sink,False,0.0,False,3,1,0,15000.0,0.0,1,0,0.0,-1.0,0.0,0,0,0.00029112,0.0,-,0.0301,0.0346,0.0734,0.0,0.0
100000002975287100,peripheral,0.861,17,0.1382,Разовое поступление: 15 тыс ₸ от 1 плательщика (1 перевод); дальше не отправлял,2103,R6: in=15 тыс ₸<30 тыс ₸ и 1 перевод,-,confirmed_sink,False,0.0,False,3,1,0,15000.0,0.0,1,0,0.0,-1.0,0.0,0,0,0.00028919,0.0,-,0.0301,0.0346,0.0734,0.0,0.0
100000003036198100,peripheral,0.861,5,0.1382,Разовое поступление: 15 тыс ₸ от 1 плательщика (1 перевод); дальше не отправлял,2104,R6: in=15 тыс ₸<30 тыс ₸ и 1 перевод,-,confirmed_sink,False,0.0,False,2,1,0,15000.0,0.0,1,0,0.0,-1.0,0.0,0,0,0.00028793,0.0,-,0.0301,0.0346,0.0734,0.0,0.0
100000003083865100,peripheral,0.861,12,0.1382,"Разовый перевод 15 тыс ₸ от 1 плательщика; 4-е колено, исходящие не выгружены",2105,R6: разовый перевод 15 тыс ₸ < 30 тыс ₸,-,truncated_depth,True,0.262,False,4,1,0,15000.0,0.0,1,0,0.0,-1.0,0.0,0,0,0.00029118,0.0,truncated,0.0301,0.0346,0.0734,0.0,0.0
100000003093299100,peripheral,0.861,1,0.1382,Разовое поступление: 15 тыс ₸ от 1 плательщика (1 перевод); дальше не отправлял,2106,R6: in=15 тыс ₸<30 тыс ₸ и 1 перевод,-,confirmed_sink,False,0.0,False,3,1,0,15000.0,0.0,1,0,0.0,-1.0,0.0,0,0,0.00028641,0.0,-,0.0301,0.0346,0.0734,0.0,0.0
100000003166017100,peripheral,0.861,12,0.1382,"Разовый перевод 15 тыс ₸ от 1 плательщика; 4-е колено, исходящие не выгружены",2107,R6: разовый перевод 15 тыс ₸ < 30 тыс ₸,-,truncated_depth,True,0.262,False,4,1,0,15000.0,0.0,1,0,0.0,-1.0,0.0,0,0,0.00029118,0.0,truncated,0.0301,0.0346,0.0734,0.0,0.0
100000003241965100,peripheral,0.861,12,0.1382,Разовое поступление: 15 тыс ₸ от 1 плательщика (1 перевод); дальше не отправлял,2108,R6: in=15 тыс ₸<30 тыс ₸ и 1 перевод,-,confirmed_sink,False,0.0,False,3,1,0,15000.0,0.0,1,0,0.0,-1.0,0.0,0,0,0.00029116,0.0,-,0.0301,0.0346,0.0734,0.0,0.0
100000008011573100,peripheral,0.861,17,0.1382,Разовое поступление: 15 тыс ₸ от 1 плательщика (1 перевод); дальше не отправлял,2109,R6: in=15 тыс ₸<30 тыс ₸ и 1 перевод,-,confirmed_sink,False,0.0,False,3,1,0,15000.0,0.0,1,0,0.0,-1.0,0.0,0,0,0.00028919,0.0,-,0.0301,0.0346,0.0734,0.0,0.0
100000008687492100,peripheral,0.861,11,0.1382,Разовое поступление: 15 тыс ₸ от 1 плательщика (1 перевод); дальше не отправлял,2110,R6: in=15 тыс ₸<30 тыс ₸ и 1 перевод,-,confirmed_sink,False,0.0,False,2,1,0,15000.0,0.0,1,0,0.0,-1.0,0.0,0,0,0.00029066,0.0,-,0.0301,0.0346,0.0734,0.0,0.0
100000004848236100,peripheral,0.951,1,0.1382,"Разовый перевод 8 тыс ₸ от 1 плательщика; 4-е колено, исходящие не выгружены",2111,R6: разовый перевод 8 тыс ₸ < 30 тыс ₸,-,truncated_depth,True,0.262,False,4,1,0,7500.0,0.0,1,0,0.0,-1.0,0.0,0,0,0.00030887,0.0,truncated,0.0333,0.0123,0.0926,0.0,0.0
100000008289539100,peripheral,0.867,19,0.1369,Разовое поступление: 15 тыс ₸ от 1 плательщика (1 перевод); дальше не отправлял,2112,R6: in=15 тыс ₸<30 тыс ₸ и 1 перевод,-,confirmed_sink,False,0.0,False,2,1,0,14912.0,0.0,1,0,0.0,-1.0,0.0,0,0,0.00029031,0.0,-,0.0303,0.0331,0.0734,0.0,0.0
100000008687733100,peripheral,0.869,11,0.1366,Разовое поступление: 15 тыс ₸ от 1 плательщика (1 перевод); дальше не отправлял,2113,R6: in=15 тыс ₸<30 тыс ₸ и 1 перевод,-,confirmed_sink,False,0.0,False,3,1,0,14650.0,0.0,1,0,0.0,-1.0,0.0,0,0,0.00028786,0.0,-,0.0304,0.0328,0.0734,0.0,0.0
100000008706846100,peripheral,0.872,11,0.1359,Разовое поступление: 14 тыс ₸ от 1 плательщика (1 перевод); дальше не отправлял,2114,R6: in=14 тыс ₸<30 тыс ₸ и 1 перевод,-,confirmed_sink,False,0.0,False,3,1,0,14200.0,0.0,1,0,0.0,-1.0,0.0,0,0,0.00028779,0.0,-,0.0305,0.032,0.0734,0.0,0.0
100000004433250100,peripheral,0.947,1,0.1358,"Разовый перевод 8 тыс ₸ от 1 плательщика; 4-е колено, исходящие не выгружены",2115,R6: разовый перевод 8 тыс ₸ < 30 тыс ₸,-,truncated_depth,True,0.262,False,4,1,0,8000.0,0.0,1,0,0.0,-1.0,0.0,0,0,0.00030657,0.0,truncated,0.0331,0.0132,0.0895,0.0,0.0
100000008525136100,peripheral,0.873,8,0.1356,"Разовый перевод 14 тыс ₸ от 1 плательщика; 4-е колено, исходящие не выгружены",2116,R6: разовый перевод 14 тыс ₸ < 30 тыс ₸,-,truncated_depth,True,0.262,False,4,1,0,14100.0,0.0,1,0,0.0,-1.0,0.0,0,0,0.00028852,0.0,truncated,0.0306,0.0317,0.0734,0.0,0.0
100000008548853100,peripheral,0.876,11,0.1351,Разовое поступление: 14 тыс ₸ от 1 плательщика (1 перевод); дальше не отправлял,2117,R6: in=14 тыс ₸<30 тыс ₸ и 1 перевод,-,confirmed_sink,False,0.0,False,3,1,0,14000.0,0.0,1,0,0.0,-1.0,0.0,0,0,0.00028775,0.0,-,0.0307,0.0311,0.0734,0.0,0.0
100000008554390100,peripheral,0.876,59,0.1351,"Разовый перевод 14 тыс ₸ от 1 плательщика; 4-е колено, исходящие не выгружены",2118,R6: разовый перевод 14 тыс ₸ < 30 тыс ₸,-,truncated_depth,True,0.262,False,4,1,0,14000.0,0.0,1,0,0.0,-1.0,0.0,0,0,0.00029306,0.0,truncated,0.0307,0.0311,0.0734,0.0,0.0
100000008672493100,peripheral,0.876,11,0.1351,Разовое поступление: 14 тыс ₸ от 1 плательщика (1 перевод); дальше не отправлял,2119,R6: in=14 тыс ₸<30 тыс ₸ и 1 перевод,-,confirmed_sink,False,0.0,False,3,1,0,14000.0,0.0,1,0,0.0,-1.0,0.0,0,0,0.00028775,0.0,-,0.0307,0.0311,0.0734,0.0,0.0
100000008710913100,peripheral,0.876,2,0.1351,"Разовый перевод 14 тыс ₸ от 1 плательщика; 4-е колено, исходящие не выгружены",2120,R6: разовый перевод 14 тыс ₸ < 30 тыс ₸,-,truncated_depth,True,0.262,False,4,1,0,14000.0,0.0,1,0,0.0,-1.0,0.0,0,0,0.00028811,0.0,truncated,0.0307,0.0311,0.0734,0.0,0.0
100000008677215100,peripheral,0.94,25,0.1341,Разовое поступление: 9 тыс ₸ от 1 плательщика (1 перевод); дальше не отправлял,2121,R6: in=9 тыс ₸<30 тыс ₸ и 1 перевод,-,confirmed_sink,False,0.0,False,3,1,0,9000.0,0.0,1,0,0.0,-1.0,0.0,0,0,0.00030438,0.0,-,0.0329,0.015,0.0862,0.0,0.0
100000008764436100,peripheral,0.883,11,0.1337,Разовое поступление: 13 тыс ₸ от 1 плательщика (1 перевод); дальше не отправлял,2122,R6: in=13 тыс ₸<30 тыс ₸ и 1 перевод,-,confirmed_sink,False,0.0,False,2,1,0,13100.0,0.0,1,0,0.0,-1.0,0.0,0,0,0.00029002,0.0,-,0.0309,0.0294,0.0734,0.0,0.0
100000003927792100,peripheral,0.883,19,0.1336,Разовое поступление: 13 тыс ₸ от 1 плательщика (1 перевод); дальше не отправлял,2123,R6: in=13 тыс ₸<30 тыс ₸ и 1 перевод,-,truncated_time,False,0.0,False,2,1,0,13067.0,0.0,1,0,0.0,-1.0,0.0,0,0,0.00028973,0.0,late_inflow,0.0309,0.0292,0.0734,0.0,0.0
100000006522972100,peripheral,0.936,3,0.1334,Разовое поступление: 10 тыс ₸ от 1 плательщика (1 перевод); дальше не отправлял,2124,R6: in=10 тыс ₸<30 тыс ₸ и 1 перевод,-,confirmed_sink,False,0.0,False,3,1,0,9515.0,0.0,1,0,0.0,-1.0,0.0,0,0,0.00030331,0.0,-,0.0328,0.016,0.0846,0.0,0.0
100000008190442100,peripheral,0.885,11,0.1332,Разовое поступление: 13 тыс ₸ от 1 плательщика (1 перевод); дальше не отправлял,2125,R6: in=13 тыс ₸<30 тыс ₸ и 1 перевод,-,confirmed_sink,False,0.0,False,3,1,0,13000.0,0.0,1,0,0.0,-1.0,0.0,0,0,0.0002876,0.0,-,0.031,0.0289,0.0734,0.0,0.0
100000008672480100,peripheral,0.885,11,0.1332,Разовое поступление: 13 тыс ₸ от 1 плательщика (1 перевод); дальше не отправлял,2126,R6: in=13 тыс ₸<30 тыс ₸ и 1 перевод,-,confirmed_sink,False,0.0,False,2,1,0,13000.0,0.0,1,0,0.0,-1.0,0.0,0,0,0.00028998,0.0,-,0.031,0.0289,0.0734,0.0,0.0
100000008672762100,peripheral,0.885,11,0.1332,Разовое поступление: 13 тыс ₸ от 1 плательщика (1 перевод); дальше не отправлял,2127,R6: in=13 тыс ₸<30 тыс ₸ и 1 перевод,-,confirmed_sink,False,0.0,False,2,1,0,13000.0,0.0,1,0,0.0,-1.0,0.0,0,0,0.00028998,0.0,-,0.031,0.0289,0.0734,0.0,0.0
100000008631800100,peripheral,0.886,59,0.1329,"Разовый перевод 13 тыс ₸ от 1 плательщика; 4-е колено, исходящие не выгружены",2128,R6: разовый перевод 13 тыс ₸ < 30 тыс ₸,-,truncated_depth,True,0.262,False,4,1,0,12850.0,0.0,1,0,0.0,-1.0,0.0,0,0,0.00029245,0.0,truncated,0.031,0.0285,0.0734,0.0,0.0
100000008688109100,peripheral,0.887,11,0.1328,Разовое поступление: 13 тыс ₸ от 1 плательщика (1 перевод); дальше не отправлял,2129,R6: in=13 тыс ₸<30 тыс ₸ и 1 перевод,-,confirmed_sink,False,0.0,False,3,1,0,12800.0,0.0,1,0,0.0,-1.0,0.0,0,0,0.00028757,0.0,-,0.031,0.0284,0.0734,0.0,0.0
100000002742067100,peripheral,0.887,19,0.1327,Разовое поступление: 13 тыс ₸ от 1 плательщика (1 перевод); дальше не отправлял,2130,R6: in=13 тыс ₸<30 тыс ₸ и 1 перевод,-,truncated_time,False,0.0,False,2,1,0,12730.0,0.0,1,0,0.0,-1.0,0.0,0,0,0.00028962,0.0,late_inflow,0.031,0.0282,0.0734,0.0,0.0
100000008744799100,peripheral,0.888,11,0.1325,Разовое поступление: 13 тыс ₸ от 1 плательщика (1 перевод); дальше не отправлял,2131,R6: in=13 тыс ₸<30 тыс ₸ и 1 перевод,-,confirmed_sink,False,0.0,False,3,1,0,12600.0,0.0,1,0,0.0,-1.0,0.0,0,0,0.00028754,0.0,-,0.0311,0.028,0.0734,0.0,0.0
100000007005380100,peripheral,0.937,3,0.1322,Разовое поступление: 9 тыс ₸ от 1 плательщика (1 перевод); дальше не отправлял,2132,R6: in=9 тыс ₸<30 тыс ₸ и 1 перевод,-,confirmed_sink,False,0.0,False,3,1,0,9400.0,0.0,1,0,0.0,-1.0,0.0,0,0,0.0003031,0.0,-,0.0328,0.0158,0.0836,0.0,0.0
100000002646745100,peripheral,0.891,11,0.1318,Разовое поступление: 12 тыс ₸ от 1 плательщика (1 перевод); дальше не отправлял,2133,R6: in=12 тыс ₸<30 тыс ₸ и 1 перевод,-,confirmed_sink,False,0.0,False,3,1,0,12300.0,0.0,1,0,0.0,-1.0,0.0,0,0,0.00028749,0.0,-,0.0312,0.0272,0.0734,0.0,0.0
100000005089460100,peripheral,0.891,11,0.1318,Разовое поступление: 12 тыс ₸ от 1 плательщика (1 перевод); дальше не отправлял,2134,R6: in=12 тыс ₸<30 тыс ₸ и 1 перевод,-,confirmed_sink,False,0.0,False,3,1,0,12300.0,0.0,1,0,0.0,-1.0,0.0,0,0,0.00028749,0.0,-,0.0312,0.0272,0.0734,0.0,0.0
100000008754608100,peripheral,0.891,11,0.1318,Разовое поступление: 12 тыс ₸ от 1 плательщика (1 перевод); дальше не отправлял,2135,R6: in=12 тыс ₸<30 тыс ₸ и 1 перевод,-,truncated_time,False,0.0,False,3,1,0,12300.0,0.0,1,0,0.0,-1.0,0.0,0,0,0.00028749,0.0,late_inflow,0.0312,0.0272,0.0734,0.0,0.0
100000008716072100,peripheral,0.893,11,0.1313,Разовое поступление: 12 тыс ₸ от 1 плательщика (1 перевод); дальше не отправлял,2136,R6: in=12 тыс ₸<30 тыс ₸ и 1 перевод,-,confirmed_sink,False,0.0,False,3,1,0,12100.0,0.0,1,0,0.0,-1.0,0.0,0,0,0.00028746,0.0,-,0.0313,0.0267,0.0734,0.0,0.0
100000001149815100,peripheral,0.895,11,0.1309,Разовое поступление: 12 тыс ₸ от 1 плательщика (1 перевод); дальше не отправлял,2137,R6: in=12 тыс ₸<30 тыс ₸ и 1 перевод,-,confirmed_sink,False,0.0,False,3,1,0,12000.0,0.0,1,0,0.0,-1.0,0.0,0,0,0.00028744,0.0,-,0.0313,0.0261,0.0734,0.0,0.0
100000002645046100,peripheral,0.895,59,0.1309,"Разовый перевод 12 тыс ₸ от 1 плательщика; 4-е колено, исходящие не выгружены",2138,R6: разовый перевод 12 тыс ₸ < 30 тыс ₸,-,truncated_depth,True,0.262,False,4,1,0,12000.0,0.0,1,0,0.0,-1.0,0.0,0,0,0.00029199,0.0,truncated,0.0313,0.0261,0.0734,0.0,0.0
100000002876914100,peripheral,0.895,59,0.1309,"Разовый перевод 12 тыс ₸ от 1 плательщика; 4-е колено, исходящие не выгружены",2139,R6: разовый перевод 12 тыс ₸ < 30 тыс ₸,-,truncated_depth,True,0.262,False,4,1,0,12000.0,0.0,1,0,0.0,-1.0,0.0,0,0,0.00029199,0.0,truncated,0.0313,0.0261,0.0734,0.0,0.0
100000004158362100,peripheral,0.895,1,0.1309,Разовое поступление: 12 тыс ₸ от 1 плательщика (1 перевод); дальше не отправлял,2140,R6: in=12 тыс ₸<30 тыс ₸ и 1 перевод,-,confirmed_sink,False,0.0,False,2,1,0,12000.0,0.0,1,0,0.0,-1.0,0.0,0,0,0.00029138,0.0,-,0.0313,0.0261,0.0734,0.0,0.0
100000004780327100,peripheral,0.895,59,0.1309,"Разовый перевод 12 тыс ₸ от 1 плательщика; 4-е колено, исходящие не выгружены",2141,R6: разовый перевод 12 тыс ₸ < 30 тыс ₸,-,truncated_depth,True,0.262,False,4,1,0,12000.0,0.0,1,0,0.0,-1.0,0.0,0,0,0.00029199,0.0,truncated,0.0313,0.0261,0.0734,0.0,0.0
100000008751349100,peripheral,0.899,23,0.1302,Разовое поступление: 12 тыс ₸ от 1 плательщика (1 перевод); дальше не отправлял,2142,R6: in=12 тыс ₸<30 тыс ₸ и 1 перевод,-,confirmed_sink,False,0.0,False,3,1,0,11630.0,0.0,1,0,0.0,-1.0,0.0,0,0,0.00028849,0.0,-,0.0315,0.0254,0.0734,0.0,0.0
100000003218308100,peripheral,0.899,1,0.13,Разовое поступление: 11 тыс ₸ от 1 плательщика (1 перевод); дальше не отправлял,2143,R6: in=11 тыс ₸<30 тыс ₸ и 1 перевод,-,confirmed_sink,False,0.0,False,3,1,0,11165.0,0.0,1,0,0.0,-1.0,0.0,0,0,0.0002862,0.0,-,0.0315,0.0251,0.0734,0.0,0.0
100000007381662100,peripheral,0.902,1,0.1295,"Разовый перевод 11 тыс ₸ от 1 плательщика; 4-е колено, исходящие не выгружены",2144,R6: разовый перевод 11 тыс ₸ < 30 тыс ₸,-,truncated_depth,True,0.262,False,4,1,0,11000.0,0.0,1,0,0.0,-1.0,0.0,0,0,0.00029683,0.0,truncated,0.0316,0.0246,0.0734,0.0,0.0
100000008489604100,peripheral,0.902,11,0.1295,Разовое поступление: 11 тыс ₸ от 1 плательщика (1 перевод); дальше не отправлял,2145,R6: in=11 тыс ₸<30 тыс ₸ и 1 перевод,-,confirmed_sink,False,0.0,False,3,1,0,11000.0,0.0,1,0,0.0,-1.0,0.0,0,0,0.00028729,0.0,-,0.0316,0.0246,0.0734,0.0,0.0
100000002818726100,peripheral,0.903,21,0.1291,Разовое поступление: 11 тыс ₸ от 1 плательщика (1 перевод); дальше не отправлял,2146,R6: in=11 тыс ₸<30 тыс ₸ и 1 перевод,-,confirmed_sink,False,0.0,False,3,1,0,10879.0,0.0,1,0,0.0,-1.0,0.0,0,0,0.0002896,0.0,-,0.0316,0.0241,0.0734,0.0,0.0
100000006903193100,peripheral,0.94,1,0.1286,"Разовый перевод 9 тыс ₸ от 1 плательщика; 4-е колено, исходящие не выгружены",2147,R6: разовый перевод 9 тыс ₸ < 30 тыс ₸,-,truncated_depth,True,0.262,False,4,1,0,9000.0,0.0,1,0,0.0,-1.0,0.0,0,0,0.0003016,0.0,truncated,0.0329,0.015,0.0807,0.0,0.0
100000004007197100,peripheral,0.907,27,0.1283,Разовое поступление: 10 тыс ₸ от 1 плательщика (1 перевод); дальше не отправлял,2148,R6: in=10 тыс ₸<30 тыс ₸ и 1 перевод,-,confirmed_sink,False,0.0,False,3,1,0,10048.0,0.0,1,0,0.0,-1.0,0.0,0,0,0.00028769,0.0,-,0.0317,0.0231,0.0734,0.0,0.0
100000008321975100,peripheral,0.967,52,0.1264,"Разовый перевод 6 тыс ₸ от 1 плательщика; 4-е колено, исходящие не выгружены",2149,R6: разовый перевод 6 тыс ₸ < 30 тыс ₸,-,truncated_depth,True,0.262,False,4,1,0,5900.0,0.0,1,0,0.0,-1.0,0.0,0,0,0.00030323,0.0,truncated,0.0338,0.0083,0.0843,0.0,0.0
100000007737775100,peripheral,0.965,53,0.1263,Разовое поступление: 6 тыс ₸ от 1 плательщика (1 перевод); дальше не отправлял,2150,R6: in=6 тыс ₸<30 тыс ₸ и 1 перевод,-,confirmed_sink,False,0.0,False,3,1,0,6000.0,0.0,1,0,0.0,-1.0,0.0,0,0,0.00030313,0.0,-,0.0338,0.0088,0.0837,0.0,0.0
100000002227960100,peripheral,0.921,52,0.1261,"Разовый перевод 10 тыс ₸ от 1 плательщика; 4-е колено, исходящие не выгружены",2151,R6: разовый перевод 10 тыс ₸ < 30 тыс ₸,-,truncated_depth,True,0.262,False,4,1,0,10000.0,0.0,1,0,0.0,-1.0,0.0,0,0,0.00029944,0.0,truncated,0.0322,0.0197,0.0742,0.0,0.0
100000003105089100,peripheral,0.921,52,0.1261,"Разовый перевод 10 тыс ₸ от 1 плательщика; 4-е колено, исходящие не выгружены",2152,R6: разовый перевод 10 тыс ₸ < 30 тыс ₸,-,truncated_depth,True,0.262,False,4,1,0,10000.0,0.0,1,0,0.0,-1.0,0.0,0,0,0.00029944,0.0,truncated,0.0322,0.0197,0.0742,0.0,0.0
100000000625169100,peripheral,0.921,11,0.1253,Разовое поступление: 10 тыс ₸ от 1 плательщика (1 перевод); дальше не отправлял,2153,R6: in=10 тыс ₸<30 тыс ₸ и 1 перевод,-,confirmed_sink,False,0.0,False,2,1,0,10000.0,0.0,1,0,0.0,-1.0,0.0,0,0,0.00028897,0.0,-,0.0322,0.0197,0.0734,0.0,0.0
100000000912487100,peripheral,0.921,5,0.1253,Разовое поступление: 10 тыс ₸ от 1 плательщика (1 перевод); дальше не отправлял,2154,R6: in=10 тыс ₸<30 тыс ₸ и 1 перевод,-,confirmed_sink,False,0.0,False,2,1,0,10000.0,0.0,1,0,0.0,-1.0,0.0,0,0,0.00029168,0.0,-,0.0322,0.0197,0.0734,0.0,0.0
100000002981489100,peripheral,0.921,3,0.1253,"Разовый перевод 10 тыс ₸ от 1 плательщика; 4-е колено, исходящие не выгружены",2155,R6: разовый перевод 10 тыс ₸ < 30 тыс ₸,-,truncated_depth,True,0.262,False,4,1,0,10000.0,0.0,1,0,0.0,-1.0,0.0,0,0,0.00028833,0.0,truncated,0.0322,0.0197,0.0734,0.0,0.0
100000003006633100,peripheral,0.921,41,0.1253,Разовое поступление: 10 тыс ₸ от 1 плательщика (1 перевод); дальше не отправлял,2156,R6: in=10 тыс ₸<30 тыс ₸ и 1 перевод,-,confirmed_sink,False,0.0,False,3,1,0,10000.0,0.0,1,0,0.0,-1.0,0.0,0,0,0.0002932,0.0,-,0.0322,0.0197,0.0734,0.0,0.0
100000004272302100,peripheral,0.921,31,0.1253,"Разовый перевод 10 тыс ₸ от 1 плательщика; 4-е колено, исходящие не выгружены",2157,R6: разовый перевод 10 тыс ₸ < 30 тыс ₸,-,truncated_depth,True,0.262,False,4,1,0,10000.0,0.0,1,0,0.0,-1.0,0.0,0,0,0.00028774,0.0,truncated,0.0322,0.0197,0.0734,0.0,0.0
100000004400361100,peripheral,0.921,6,0.1253,Разовое поступление: 10 тыс ₸ от 1 плательщика (1 перевод); дальше не отправлял,2158,R6: in=10 тыс ₸<30 тыс ₸ и 1 перевод,-,confirmed_sink,False,0.0,False,2,1,0,10000.0,0.0,1,0,0.0,-1.0,0.0,0,0,0.00028723,0.0,-,0.0322,0.0197,0.0734,0.0,0.0
100000005030592100,peripheral,0.921,19,0.1253,Разовое поступление: 10 тыс ₸ от 1 плательщика (1 перевод); дальше не отправлял,2159,R6: in=10 тыс ₸<30 тыс ₸ и 1 перевод,-,truncated_time,False,0.0,False,2,1,0,10000.0,0.0,1,0,0.0,-1.0,0.0,0,0,0.00028875,0.0,late_inflow,0.0322,0.0197,0.0734,0.0,0.0
100000006684930100,peripheral,0.921,21,0.1253,Разовое поступление: 10 тыс ₸ от 1 плательщика (1 перевод); дальше не отправлял,2160,R6: in=10 тыс ₸<30 тыс ₸ и 1 перевод,-,confirmed_sink,False,0.0,False,2,1,0,10000.0,0.0,1,0,0.0,-1.0,0.0,0,0,0.00029873,0.0,-,0.0322,0.0197,0.0734,0.0,0.0
100000007173936100,peripheral,0.921,15,0.1253,Разовое поступление: 10 тыс ₸ от 1 плательщика (1 перевод); дальше не отправлял,2161,R6: in=10 тыс ₸<30 тыс ₸ и 1 перевод,-,confirmed_sink,False,0.0,False,2,1,0,10000.0,0.0,1,0,0.0,-1.0,0.0,0,0,0.00028682,0.0,-,0.0322,0.0197,0.0734,0.0,0.0
100000008463968100,peripheral,0.921,11,0.1253,Разовое поступление: 10 тыс ₸ от 1 плательщика (1 перевод); дальше не отправлял,2162,R6: in=10 тыс ₸<30 тыс ₸ и 1 перевод,-,truncated_time,False,0.0,False,3,1,0,10000.0,0.0,1,0,0.0,-1.0,0.0,0,0,0.00028713,0.0,late_inflow,0.0322,0.0197,0.0734,0.0,0.0
100000008478414100,peripheral,0.921,11,0.1253,Разовое поступление: 10 тыс ₸ от 1 плательщика (1 перевод); дальше не отправлял,2163,R6: in=10 тыс ₸<30 тыс ₸ и 1 перевод,-,confirmed_sink,False,0.0,False,2,1,0,10000.0,0.0,1,0,0.0,-1.0,0.0,0,0,0.00028897,0.0,-,0.0322,0.0197,0.0734,0.0,0.0
100000008733049100,peripheral,0.921,19,0.1253,Разовое поступление: 10 тыс ₸ от 1 плательщика (1 перевод); дальше не отправлял,2164,R6: in=10 тыс ₸<30 тыс ₸ и 1 перевод,-,confirmed_sink,False,0.0,False,2,1,0,10000.0,0.0,1,0,0.0,-1.0,0.0,0,0,0.00028875,0.0,-,0.0322,0.0197,0.0734,0.0,0.0
100000008758106100,peripheral,0.921,2,0.1253,"Разовый перевод 10 тыс ₸ от 1 плательщика; 4-е колено, исходящие не выгружены",2165,R6: разовый перевод 10 тыс ₸ < 30 тыс ₸,-,truncated_depth,True,0.262,False,4,1,0,10000.0,0.0,1,0,0.0,-1.0,0.0,0,0,0.00028688,0.0,truncated,0.0322,0.0197,0.0734,0.0,0.0
100000008761132100,peripheral,0.921,2,0.1253,"Разовый перевод 10 тыс ₸ от 1 плательщика; 4-е колено, исходящие не выгружены",2166,R6: разовый перевод 10 тыс ₸ < 30 тыс ₸,-,truncated_depth,True,0.262,False,4,1,0,10000.0,0.0,1,0,0.0,-1.0,0.0,0,0,0.00028688,0.0,truncated,0.0322,0.0197,0.0734,0.0,0.0
100000008761220100,peripheral,0.921,2,0.1253,"Разовый перевод 10 тыс ₸ от 1 плательщика; 4-е колено, исходящие не выгружены",2167,R6: разовый перевод 10 тыс ₸ < 30 тыс ₸,-,truncated_depth,True,0.262,False,4,1,0,10000.0,0.0,1,0,0.0,-1.0,0.0,0,0,0.00028688,0.0,truncated,0.0322,0.0197,0.0734,0.0,0.0
100000008767065100,peripheral,0.921,13,0.1253,Разовое поступление: 10 тыс ₸ от 1 плательщика (1 перевод); дальше не отправлял,2168,R6: in=10 тыс ₸<30 тыс ₸ и 1 перевод,-,confirmed_sink,False,0.0,False,3,1,0,10000.0,0.0,1,0,0.0,-1.0,0.0,0,0,0.0002871,0.0,-,0.0322,0.0197,0.0734,0.0,0.0
100000008778753100,peripheral,0.921,47,0.1253,"Разовый перевод 10 тыс ₸ от 1 плательщика; 4-е колено, исходящие не выгружены",2169,R6: разовый перевод 10 тыс ₸ < 30 тыс ₸,-,truncated_depth,True,0.262,False,4,1,0,10000.0,0.0,1,0,0.0,-1.0,0.0,0,0,0.00029416,0.0,truncated,0.0322,0.0197,0.0734,0.0,0.0
100000004780083100,peripheral,0.935,63,0.1224,"Разовый перевод 10 тыс ₸ от 1 плательщика; 4-е колено, исходящие не выгружены",2170,R6: разовый перевод 10 тыс ₸ < 30 тыс ₸,-,truncated_depth,True,0.262,False,4,1,0,9999.0,0.0,1,0,0.0,-1.0,0.0,0,0,0.00029339,0.0,truncated,0.0327,0.0162,0.0734,0.0,0.0
100000005357034100,peripheral,0.935,1,0.1222,Разовое поступление: 10 тыс ₸ от 1 плательщика (1 перевод); дальше не отправлял,2171,R6: in=10 тыс ₸<30 тыс ₸ и 1 перевод,-,confirmed_sink,False,0.0,False,3,1,0,9754.0,0.0,1,0,0.0,-1.0,0.0,0,0,0.00028612,0.0,-,0.0327,0.0161,0.0734,0.0,0.0
100000008612257100,peripheral,0.936,17,0.1221,Разовое поступление: 10 тыс ₸ от 1 плательщика (1 перевод); дальше не отправлял,2172,R6: in=10 тыс ₸<30 тыс ₸ и 1 перевод,-,confirmed_sink,False,0.0,False,3,1,0,9500.0,0.0,1,0,0.0,-1.0,0.0,0,0,0.00028786,0.0,-,0.0328,0.0159,0.0734,0.0,0.0
100000004553349100,peripheral,0.949,3,0.122,Разовое поступление: 8 тыс ₸ от 1 плательщика (1 перевод); дальше не отправлял,2173,R6: in=8 тыс ₸<30 тыс ₸ и 1 перевод,-,confirmed_sink,False,0.0,False,3,1,0,7755.0,0.0,1,0,0.0,-1.0,0.0,0,0,0.00030003,0.0,-,0.0332,0.0127,0.0761,0.0,0.0
100000001325618100,peripheral,0.938,59,0.1218,"Разовый перевод 9 тыс ₸ от 1 плательщика; 4-е колено, исходящие не выгружены",2174,R6: разовый перевод 9 тыс ₸ < 30 тыс ₸,-,truncated_depth,True,0.262,False,4,1,0,9300.0,0.0,1,0,0.0,-1.0,0.0,0,0,0.00029055,0.0,truncated,0.0328,0.0156,0.0734,0.0,0.0
100000002558173100,peripheral,0.938,64,0.1218,Разовое поступление: 9 тыс ₸ от 1 плательщика (1 перевод); дальше не отправлял,2175,R6: in=9 тыс ₸<30 тыс ₸ и 1 перевод,-,confirmed_sink,False,0.0,False,2,1,0,9300.0,0.0,1,0,0.0,-1.0,0.0,0,0,0.00029583,0.0,-,0.0328,0.0156,0.0734,0.0,0.0
100000002603371100,peripheral,0.938,1,0.1218,Разовое поступление: 9 тыс ₸ от 1 плательщика (1 перевод); дальше не отправлял,2176,R6: in=9 тыс ₸<30 тыс ₸ и 1 перевод,-,confirmed_sink,False,0.0,False,3,1,0,9300.0,0.0,1,0,0.0,-1.0,0.0,0,0,0.00028938,0.0,-,0.0328,0.0156,0.0734,0.0,0.0
100000004263867100,peripheral,0.94,59,0.1213,"Разовый перевод 9 тыс ₸ от 1 плательщика; 4-е колено, исходящие не выгружены",2177,R6: разовый перевод 9 тыс ₸ < 30 тыс ₸,-,truncated_depth,True,0.262,False,4,1,0,9000.0,0.0,1,0,0.0,-1.0,0.0,0,0,0.00029039,0.0,truncated,0.0329,0.015,0.0734,0.0,0.0
100000004449824100,peripheral,0.94,59,0.1213,"Разовый перевод 9 тыс ₸ от 1 плательщика; 4-е колено, исходящие не выгружены",2178,R6: разовый перевод 9 тыс ₸ < 30 тыс ₸,-,truncated_depth,True,0.262,False,4,1,0,9000.0,0.0,1,0,0.0,-1.0,0.0,0,0,0.00029039,0.0,truncated,0.0329,0.015,0.0734,0.0,0.0
100000008708061100,peripheral,0.942,11,0.1208,Разовое поступление: 9 тыс ₸ от 1 плательщика (1 перевод); дальше не отправлял,2179,R6: in=9 тыс ₸<30 тыс ₸ и 1 перевод,-,confirmed_sink,False,0.0,False,3,1,0,8650.0,0.0,1,0,0.0,-1.0,0.0,0,0,0.00028692,0.0,-,0.033,0.0145,0.0734,0.0,0.0
100000000542087100,peripheral,0.943,32,0.1206,"Разовый перевод 9 тыс ₸ от 1 плательщика; 4-е колено, исходящие не выгружены",2180,R6: разовый перевод 9 тыс ₸ < 30 тыс ₸,-,truncated_depth,True,0.262,False,4,1,0,8506.91,0.0,1,0,0.0,-1.0,0.0,0,0,0.00028641,0.0,truncated,0.033,0.0142,0.0734,0.0,0.0
100000008750464100,peripheral,0.944,11,0.1205,Разовое поступление: 8 тыс ₸ от 1 плательщика (1 перевод); дальше не отправлял,2181,R6: in=8 тыс ₸<30 тыс ₸ и 1 перевод,-,confirmed_sink,False,0.0,False,3,1,0,8500.0,0.0,1,0,0.0,-1.0,0.0,0,0,0.0002869,0.0,-,0.033,0.014,0.0734,0.0,0.0
100000001299443100,peripheral,0.947,59,0.1197,"Разовый перевод 8 тыс ₸ от 1 плательщика; 4-е колено, исходящие не выгружены",2182,R6: разовый перевод 8 тыс ₸ < 30 тыс ₸,-,truncated_depth,True,0.262,False,4,1,0,8000.0,0.0,1,0,0.0,-1.0,0.0,0,0,0.00028985,0.0,truncated,0.0331,0.0132,0.0734,0.0,0.0
100000008537380100,peripheral,0.947,11,0.1197,Разовое поступление: 8 тыс ₸ от 1 плательщика (1 перевод); дальше не отправлял,2183,R6: in=8 тыс ₸<30 тыс ₸ и 1 перевод,-,confirmed_sink,False,0.0,False,3,1,0,8000.0,0.0,1,0,0.0,-1.0,0.0,0,0,0.00028682,0.0,-,0.0331,0.0132,0.0734,0.0,0.0
100000004493586100,peripheral,0.951,1,0.119,Разовое поступление: 8 тыс ₸ от 1 плательщика (1 перевод); дальше не отправлял,2184,R6: in=8 тыс ₸<30 тыс ₸ и 1 перевод,-,confirmed_sink,False,0.0,False,3,1,0,7500.0,0.0,1,0,0.0,-1.0,0.0,0,0,0.00028864,0.0,-,0.0333,0.0123,0.0734,0.0,0.0
100000003005167100,peripheral,0.954,59,0.1182,"Разовый перевод 7 тыс ₸ от 1 плательщика; 4-е колено, исходящие не выгружены",2185,R6: разовый перевод 7 тыс ₸ < 30 тыс ₸,-,truncated_depth,True,0.262,False,4,1,0,7000.0,0.0,1,0,0.0,-1.0,0.0,0,0,0.00028932,0.0,truncated,0.0334,0.0115,0.0734,0.0,0.0
100000004592467100,peripheral,0.954,5,0.1182,Разовое поступление: 7 тыс ₸ от 1 плательщика (1 перевод); дальше не отправлял,2186,R6: in=7 тыс ₸<30 тыс ₸ и 1 перевод,-,confirmed_sink,False,0.0,False,2,1,0,7000.0,0.0,1,0,0.0,-1.0,0.0,0,0,0.00028662,0.0,-,0.0334,0.0115,0.0734,0.0,0.0
100000008755754100,peripheral,0.954,9,0.1182,Разовое поступление: 7 тыс ₸ от 1 плательщика (1 перевод); дальше не отправлял,2187,R6: in=7 тыс ₸<30 тыс ₸ и 1 перевод,-,confirmed_sink,False,0.0,False,3,1,0,7000.0,0.0,1,0,0.0,-1.0,0.0,0,0,0.0002959,0.0,-,0.0334,0.0115,0.0734,0.0,0.0
100000008762843100,peripheral,0.954,2,0.1182,"Разовый перевод 7 тыс ₸ от 1 плательщика; 4-е колено, исходящие не выгружены",2188,R6: разовый перевод 7 тыс ₸ < 30 тыс ₸,-,truncated_depth,True,0.262,False,4,1,0,7000.0,0.0,1,0,0.0,-1.0,0.0,0,0,0.00028726,0.0,truncated,0.0334,0.0115,0.0734,0.0,0.0
100000008762885100,peripheral,0.954,2,0.1182,"Разовый перевод 7 тыс ₸ от 1 плательщика; 4-е колено, исходящие не выгружены",2189,R6: разовый перевод 7 тыс ₸ < 30 тыс ₸,-,truncated_depth,True,0.262,False,4,1,0,7000.0,0.0,1,0,0.0,-1.0,0.0,0,0,0.00028726,0.0,truncated,0.0334,0.0115,0.0734,0.0,0.0
100000001714883100,peripheral,0.957,59,0.1177,"Разовый перевод 7 тыс ₸ от 1 плательщика; 4-е колено, исходящие не выгружены",2190,R6: разовый перевод 7 тыс ₸ < 30 тыс ₸,-,truncated_depth,True,0.262,False,4,1,0,6900.0,0.0,1,0,0.0,-1.0,0.0,0,0,0.00028926,0.0,truncated,0.0335,0.0108,0.0734,0.0,0.0
100000001297206100,peripheral,0.957,1,0.1176,"Разовый перевод 7 тыс ₸ от 1 плательщика; 4-е колено, исходящие не выгружены",2191,R6: разовый перевод 7 тыс ₸ < 30 тыс ₸,-,truncated_depth,True,0.262,False,4,1,0,6758.0,0.0,1,0,0.0,-1.0,0.0,0,0,0.00029851,0.0,truncated,0.0335,0.0107,0.0734,0.0,0.0
100000002299948100,peripheral,0.958,64,0.1174,Разовое поступление: 7 тыс ₸ от 1 плательщика (1 перевод); дальше не отправлял,2192,R6: in=7 тыс ₸<30 тыс ₸ и 1 перевод,-,confirmed_sink,False,0.0,False,2,1,0,6750.0,0.0,1,0,0.0,-1.0,0.0,0,0,0.00029302,0.0,-,0.0335,0.0105,0.0734,0.0,0.0
100000002474570100,peripheral,0.958,59,0.1174,"Разовый перевод 7 тыс ₸ от 1 плательщика; 4-е колено, исходящие не выгружены",2193,R6: разовый перевод 7 тыс ₸ < 30 тыс ₸,-,truncated_depth,True,0.262,False,4,1,0,6750.0,0.0,1,0,0.0,-1.0,0.0,0,0,0.00028918,0.0,truncated,0.0335,0.0105,0.0734,0.0,0.0
100000000627521100,peripheral,0.96,26,0.1171,"Разовый перевод 6 тыс ₸ от 1 плательщика; 4-е колено, исходящие не выгружены",2194,R6: разовый перевод 6 тыс ₸ < 30 тыс ₸,-,truncated_depth,True,0.262,False,4,1,0,6500.0,0.0,1,0,0.0,-1.0,0.0,0,0,0.0002861,0.0,truncated,0.0336,0.0101,0.0734,0.0,0.0
100000003194831100,peripheral,0.96,14,0.1169,"Разовый перевод 6 тыс ₸ от 1 плательщика; 4-е колено, исходящие не выгружены",2195,R6: разовый перевод 6 тыс ₸ < 30 тыс ₸,-,truncated_depth,True,0.262,False,4,1,0,6265.0,0.0,1,0,0.0,-1.0,0.0,0,0,0.00029083,0.0,truncated,0.0336,0.0099,0.0734,0.0,0.0
100000000783406100,peripheral,0.962,41,0.1166,Разовое поступление: 6 тыс ₸ от 1 плательщика (1 перевод); дальше не отправлял,2196,R6: in=6 тыс ₸<30 тыс ₸ и 1 перевод,-,confirmed_sink,False,0.0,False,3,1,0,6066.0,0.0,1,0,0.0,-1.0,0.0,0,0,0.0002902,0.0,-,0.0337,0.0095,0.0734,0.0,0.0
100000002184107100,peripheral,0.962,41,0.1166,Разовое поступление: 6 тыс ₸ от 1 плательщика (1 перевод); дальше не отправлял,2197,R6: in=6 тыс ₸<30 тыс ₸ и 1 перевод,-,confirmed_sink,False,0.0,False,3,1,0,6066.0,0.0,1,0,0.0,-1.0,0.0,0,0,0.0002902,0.0,-,0.0337,0.0095,0.0734,0.0,0.0
100000000718427100,peripheral,0.965,11,0.116,Разовое поступление: 6 тыс ₸ от 1 плательщика (1 перевод); дальше не отправлял,2198,R6: in=6 тыс ₸<30 тыс ₸ и 1 перевод,-,confirmed_sink,False,0.0,False,2,1,0,6000.0,0.0,1,0,0.0,-1.0,0.0,0,0,0.00028761,0.0,-,0.0338,0.0088,0.0734,0.0,0.0
100000001380107100,peripheral,0.965,56,0.116,Разовое поступление: 6 тыс ₸ от 1 плательщика (1 перевод); дальше не отправлял,2199,R6: in=6 тыс ₸<30 тыс ₸ и 1 перевод,-,confirmed_sink,False,0.0,False,3,1,0,6000.0,0.0,1,0,0.0,-1.0,0.0,0,0,0.00029095,0.0,-,0.0338,0.0088,0.0734,0.0,0.0
100000002346166100,peripheral,0.965,11,0.116,Разовое поступление: 6 тыс ₸ от 1 плательщика (1 перевод); дальше не отправлял,2200,R6: in=6 тыс ₸<30 тыс ₸ и 1 перевод,-,confirmed_sink,False,0.0,False,3,1,0,6000.0,0.0,1,0,0.0,-1.0,0.0,0,0,0.00028651,0.0,-,0.0338,0.0088,0.0734,0.0,0.0
100000002512742100,peripheral,0.965,59,0.116,"Разовый перевод 6 тыс ₸ от 1 плательщика; 4-е колено, исходящие не выгружены",2201,R6: разовый перевод 6 тыс ₸ < 30 тыс ₸,-,truncated_depth,True,0.262,False,4,1,0,6000.0,0.0,1,0,0.0,-1.0,0.0,0,0,0.00028878,0.0,truncated,0.0338,0.0088,0.0734,0.0,0.0
100000002878483100,peripheral,0.965,59,0.116,"Разовый перевод 6 тыс ₸ от 1 плательщика; 4-е колено, исходящие не выгружены",2202,R6: разовый перевод 6 тыс ₸ < 30 тыс ₸,-,truncated_depth,True,0.262,False,4,1,0,6000.0,0.0,1,0,0.0,-1.0,0.0,0,0,0.00028878,0.0,truncated,0.0338,0.0088,0.0734,0.0,0.0
100000007382152100,peripheral,0.967,1,0.1155,Разовое поступление: 6 тыс ₸ от 1 плательщика (1 перевод); дальше не отправлял,2203,R6: in=6 тыс ₸<30 тыс ₸ и 1 перевод,-,truncated_time,False,0.0,False,2,1,0,5860.0,0.0,1,0,0.0,-1.0,0.0,0,0,0.00028648,0.0,late_inflow,0.0338,0.0082,0.0734,0.0,0.0
100000002986245100,peripheral,0.968,59,0.1154,"Разовый перевод 6 тыс ₸ от 1 плательщика; 4-е колено, исходящие не выгружены",2204,R6: разовый перевод 6 тыс ₸ < 30 тыс ₸,-,truncated_depth,True,0.262,False,4,1,0,5750.0,0.0,1,0,0.0,-1.0,0.0,0,0,0.00028865,0.0,truncated,0.0339,0.0081,0.0734,0.0,0.0
100000008488166100,peripheral,0.968,11,0.1152,Разовое поступление: 6 тыс ₸ от 1 плательщика (1 перевод); дальше не отправлял,2205,R6: in=6 тыс ₸<30 тыс ₸ и 1 перевод,-,confirmed_sink,False,0.0,False,3,1,0,5600.0,0.0,1,0,0.0,-1.0,0.0,0,0,0.00028644,0.0,-,0.0339,0.0079,0.0734,0.0,0.0
100000001498732100,peripheral,0.97,2,0.1148,"Разовый перевод 6 тыс ₸ от 1 плательщика; 4-е колено, исходящие не выгружены",2206,R6: разовый перевод 6 тыс ₸ < 30 тыс ₸,-,truncated_depth,True,0.262,False,4,1,0,5500.0,0.0,1,0,0.0,-1.0,0.0,0,0,0.00028941,0.0,truncated,0.034,0.0075,0.0734,0.0,0.0
100000004268036100,peripheral,0.97,59,0.1148,"Разовый перевод 6 тыс ₸ от 1 плательщика; 4-е колено, исходящие не выгружены",2207,R6: разовый перевод 6 тыс ₸ < 30 тыс ₸,-,truncated_depth,True,0.262,False,4,1,0,5500.0,0.0,1,0,0.0,-1.0,0.0,0,0,0.00028851,0.0,truncated,0.034,0.0075,0.0734,0.0,0.0
100000005146665100,peripheral,0.97,38,0.1148,"Разовый перевод 6 тыс ₸ от 1 плательщика; 4-е колено, исходящие не выгружены",2208,R6: разовый перевод 6 тыс ₸ < 30 тыс ₸,-,truncated_depth,True,0.262,False,4,1,0,5500.0,0.0,1,0,0.0,-1.0,0.0,0,0,0.00028645,0.0,truncated,0.034,0.0075,0.0734,0.0,0.0
100000002614095100,peripheral,0.973,11,0.1141,Разовое поступление: 5 тыс ₸ от 1 плательщика (1 перевод); дальше не отправлял,2209,R6: in=5 тыс ₸<30 тыс ₸ и 1 перевод,-,confirmed_sink,False,0.0,False,3,1,0,5300.0,0.0,1,0,0.0,-1.0,0.0,0,0,0.0002864,0.0,-,0.0341,0.0067,0.0734,0.0,0.0
100000002635746100,peripheral,0.973,59,0.1141,"Разовый перевод 5 тыс ₸ от 1 плательщика; 4-е колено, исходящие не выгружены",2210,R6: разовый перевод 5 тыс ₸ < 30 тыс ₸,-,truncated_depth,True,0.262,False,4,1,0,5300.0,0.0,1,0,0.0,-1.0,0.0,0,0,0.00028841,0.0,truncated,0.0341,0.0067,0.0734,0.0,0.0
100000003986141100,peripheral,0.974,17,0.1139,Разовое поступление: 5 тыс ₸ от 1 плательщика (1 перевод); дальше не отправлял,2211,R6: in=5 тыс ₸<30 тыс ₸ и 1 перевод,-,confirmed_sink,False,0.0,False,3,1,0,5286.32,0.0,1,0,0.0,-1.0,0.0,0,0,0.00028685,0.0,-,0.0341,0.0065,0.0734,0.0,0.0
100000008648783100,peripheral,0.975,59,0.1137,"Разовый перевод 5 тыс ₸ от 1 плательщика; 4-е колено, исходящие не выгружены",2212,R6: разовый перевод 5 тыс ₸ < 30 тыс ₸,-,truncated_depth,True,0.262,False,4,1,0,5200.0,0.0,1,0,0.0,-1.0,0.0,0,0,0.00028835,0.0,truncated,0.0341,0.0062,0.0734,0.0,0.0
100000001590795100,peripheral,0.976,59,0.1135,"Разовый перевод 5 тыс ₸ от 1 плательщика; 4-е колено, исходящие не выгружены",2213,R6: разовый перевод 5 тыс ₸ < 30 тыс ₸,-,truncated_depth,True,0.262,False,4,1,0,5060.0,0.0,1,0,0.0,-1.0,0.0,0,0,0.00028828,0.0,truncated,0.0342,0.0059,0.0734,0.0,0.0
100000000307908100,peripheral,0.984,36,0.1118,Разовое поступление: 5 тыс ₸ от 1 плательщика (1 перевод); дальше не отправлял,2214,R6: in=5 тыс ₸<30 тыс ₸ и 1 перевод,-,confirmed_sink,False,0.0,False,2,1,0,5000.0,0.0,1,0,0.0,-1.0,0.0,0,0,0.00029643,0.0,-,0.0344,0.004,0.0734,0.0,0.0
100000000581682100,peripheral,0.984,37,0.1118,"Разовый перевод 5 тыс ₸ от 1 плательщика; 4-е колено, исходящие не выгружены",2215,R6: разовый перевод 5 тыс ₸ < 30 тыс ₸,-,truncated_depth,True,0.262,False,4,1,0,5000.0,0.0,1,0,0.0,-1.0,0.0,0,0,0.00029086,0.0,truncated,0.0344,0.004,0.0734,0.0,0.0
100000003786516100,peripheral,0.984,1,0.1118,"Разовый перевод 5 тыс ₸ от 1 плательщика; 4-е колено, исходящие не выгружены",2216,R6: разовый перевод 5 тыс ₸ < 30 тыс ₸,-,truncated_depth,True,0.262,False,4,1,0,5000.0,0.0,1,0,0.0,-1.0,0.0,0,0,0.00029316,0.0,truncated,0.0344,0.004,0.0734,0.0,0.0
100000004107228100,peripheral,0.984,5,0.1118,"Разовый перевод 5 тыс ₸ от 1 плательщика; 4-е колено, исходящие не выгружены",2217,R6: разовый перевод 5 тыс ₸ < 30 тыс ₸,-,truncated_depth,True,0.262,False,4,1,0,5000.0,0.0,1,0,0.0,-1.0,0.0,0,0,0.00028871,0.0,truncated,0.0344,0.004,0.0734,0.0,0.0
100000005370558100,peripheral,0.984,1,0.1118,"Разовый перевод 5 тыс ₸ от 1 плательщика; 4-е колено, исходящие не выгружены",2218,R6: разовый перевод 5 тыс ₸ < 30 тыс ₸,-,truncated_depth,True,0.262,False,4,1,0,5000.0,0.0,1,0,0.0,-1.0,0.0,0,0,0.0002993,0.0,truncated,0.0344,0.004,0.0734,0.0,0.0
100000006490557100,peripheral,0.984,7,0.1118,Разовое поступление: 5 тыс ₸ от 1 плательщика (1 перевод); дальше не отправлял,2219,R6: in=5 тыс ₸<30 тыс ₸ и 1 перевод,-,confirmed_sink,False,0.0,False,2,1,0,5000.0,0.0,1,0,0.0,-1.0,0.0,0,0,0.00028616,0.0,-,0.0344,0.004,0.0734,0.0,0.0
100000006573438100,peripheral,0.984,44,0.1118,Разовое поступление: 5 тыс ₸ от 1 плательщика (1 перевод); дальше не отправлял,2220,R6: in=5 тыс ₸<30 тыс ₸ и 1 перевод,-,confirmed_sink,False,0.0,False,3,1,0,5000.0,0.0,1,0,0.0,-1.0,0.0,0,0,0.00029909,0.0,-,0.0344,0.004,0.0734,0.0,0.0
100000006735545100,peripheral,0.984,8,0.1118,"Разовый перевод 5 тыс ₸ от 1 плательщика; 4-е колено, исходящие не выгружены",2221,R6: разовый перевод 5 тыс ₸ < 30 тыс ₸,-,truncated_depth,True,0.262,False,4,1,0,5000.0,0.0,1,0,0.0,-1.0,0.0,0,0,0.00029327,0.0,truncated,0.0344,0.004,0.0734,0.0,0.0
100000008042075100,peripheral,0.984,4,0.1118,Разовое поступление: 5 тыс ₸ от 1 плательщика (1 перевод); дальше не отправлял,2222,R6: in=5 тыс ₸<30 тыс ₸ и 1 перевод,-,confirmed_sink,False,0.0,False,3,1,0,5000.0,0.0,1,0,0.0,-1.0,0.0,0,0,0.00029196,0.0,-,0.0344,0.004,0.0734,0.0,0.0
100000008758607100,peripheral,0.984,2,0.1118,"Разовый перевод 5 тыс ₸ от 1 плательщика; 4-е колено, исходящие не выгружены",2223,R6: разовый перевод 5 тыс ₸ < 30 тыс ₸,-,truncated_depth,True,0.262,False,4,1,0,5000.0,0.0,1,0,0.0,-1.0,0.0,0,0,0.00028623,0.0,truncated,0.0344,0.004,0.0734,0.0,0.0
100000008762005100,peripheral,0.984,2,0.1118,"Разовый перевод 5 тыс ₸ от 1 плательщика; 4-е колено, исходящие не выгружены",2224,R6: разовый перевод 5 тыс ₸ < 30 тыс ₸,-,truncated_depth,True,0.262,False,4,1,0,5000.0,0.0,1,0,0.0,-1.0,0.0,0,0,0.00028678,0.0,truncated,0.0344,0.004,0.0734,0.0,0.0
100000008766031100,peripheral,0.984,2,0.1118,"Разовый перевод 5 тыс ₸ от 1 плательщика; 4-е колено, исходящие не выгружены",2225,R6: разовый перевод 5 тыс ₸ < 30 тыс ₸,-,truncated_depth,True,0.262,False,4,1,0,5000.0,0.0,1,0,0.0,-1.0,0.0,0,0,0.00028648,0.0,truncated,0.0344,0.004,0.0734,0.0,0.0
100000008766764100,peripheral,0.984,2,0.1118,"Разовый перевод 5 тыс ₸ от 1 плательщика; 4-е колено, исходящие не выгружены",2226,R6: разовый перевод 5 тыс ₸ < 30 тыс ₸,-,truncated_depth,True,0.262,False,4,1,0,5000.0,0.0,1,0,0.0,-1.0,0.0,0,0,0.00028623,0.0,truncated,0.0344,0.004,0.0734,0.0,0.0
100000008767027100,peripheral,0.984,13,0.1118,Разовое поступление: 5 тыс ₸ от 1 плательщика (1 перевод); дальше не отправлял,2227,R6: in=5 тыс ₸<30 тыс ₸ и 1 перевод,-,confirmed_sink,False,0.0,False,3,1,0,5000.0,0.0,1,0,0.0,-1.0,0.0,0,0,0.00028633,0.0,-,0.0344,0.004,0.0734,0.0,0.0
100000008770483100,peripheral,0.984,50,0.1118,"Разовый перевод 5 тыс ₸ от 1 плательщика; 4-е колено, исходящие не выгружены",2228,R6: разовый перевод 5 тыс ₸ < 30 тыс ₸,-,truncated_depth,True,0.262,False,4,1,0,5000.0,0.0,1,0,0.0,-1.0,0.0,0,0,0.00028889,0.0,truncated,0.0344,0.004,0.0734,0.0,0.0
100000008775747100,peripheral,0.984,2,0.1118,"Разовый перевод 5 тыс ₸ от 1 плательщика; 4-е колено, исходящие не выгружены",2229,R6: разовый перевод 5 тыс ₸ < 30 тыс ₸,-,truncated_depth,True,0.262,False,4,1,0,5000.0,0.0,1,0,0.0,-1.0,0.0,0,0,0.00028623,0.0,truncated,0.0344,0.004,0.0734,0.0,0.0
100000000456947100,peripheral,1.0,0,0.0986,Seed без внутрибанковских переводов ≥5 000 ₸ за июль: 0 входящих и 0 исходящих — данных для роли нет,2230,R6: нет переводов ≥5 000 ₸,-,no_data,False,0.0,True,0,0,0,0.0,0.0,0,0,-1.0,-1.0,0.0,0,0,0.00028557,0.0,-,0.0315,0.001,0.0661,0.0,0.0
100000003265658100,peripheral,1.0,0,0.0986,Seed без внутрибанковских переводов ≥5 000 ₸ за июль: 0 входящих и 0 исходящих — данных для роли нет,2231,R6: нет переводов ≥5 000 ₸,-,no_data,False,0.0,True,0,0,0,0.0,0.0,0,0,-1.0,-1.0,0.0,0,0,0.00028557,0.0,-,0.0315,0.001,0.0661,0.0,0.0
100000003349739100,peripheral,1.0,0,0.0986,Seed без внутрибанковских переводов ≥5 000 ₸ за июль: 0 входящих и 0 исходящих — данных для роли нет,2232,R6: нет переводов ≥5 000 ₸,-,no_data,False,0.0,True,0,0,0,0.0,0.0,0,0,-1.0,-1.0,0.0,0,0,0.00028557,0.0,-,0.0315,0.001,0.0661,0.0,0.0
100000003770083100,peripheral,1.0,0,0.0986,Seed без внутрибанковских переводов ≥5 000 ₸ за июль: 0 входящих и 0 исходящих — данных для роли нет,2233,R6: нет переводов ≥5 000 ₸,-,no_data,False,0.0,True,0,0,0,0.0,0.0,0,0,-1.0,-1.0,0.0,0,0,0.00028557,0.0,-,0.0315,0.001,0.0661,0.0,0.0
100000004021459100,peripheral,1.0,0,0.0986,Seed без внутрибанковских переводов ≥5 000 ₸ за июль: 0 входящих и 0 исходящих — данных для роли нет,2234,R6: нет переводов ≥5 000 ₸,-,no_data,False,0.0,True,0,0,0,0.0,0.0,0,0,-1.0,-1.0,0.0,0,0,0.00028557,0.0,-,0.0315,0.001,0.0661,0.0,0.0
100000004174835100,peripheral,1.0,0,0.0986,Seed без внутрибанковских переводов ≥5 000 ₸ за июль: 0 входящих и 0 исходящих — данных для роли нет,2235,R6: нет переводов ≥5 000 ₸,-,no_data,False,0.0,True,0,0,0,0.0,0.0,0,0,-1.0,-1.0,0.0,0,0,0.00028557,0.0,-,0.0315,0.001,0.0661,0.0,0.0
100000005017150100,peripheral,1.0,0,0.0986,Seed без внутрибанковских переводов ≥5 000 ₸ за июль: 0 входящих и 0 исходящих — данных для роли нет,2236,R6: нет переводов ≥5 000 ₸,-,no_data,False,0.0,True,0,0,0,0.0,0.0,0,0,-1.0,-1.0,0.0,0,0,0.00028557,0.0,-,0.0315,0.001,0.0661,0.0,0.0
100000005087431100,peripheral,1.0,0,0.0986,Seed без внутрибанковских переводов ≥5 000 ₸ за июль: 0 входящих и 0 исходящих — данных для роли нет,2237,R6: нет переводов ≥5 000 ₸,-,no_data,False,0.0,True,0,0,0,0.0,0.0,0,0,-1.0,-1.0,0.0,0,0,0.00028557,0.0,-,0.0315,0.001,0.0661,0.0,0.0
100000005235389100,peripheral,1.0,0,0.0986,Seed без внутрибанковских переводов ≥5 000 ₸ за июль: 0 входящих и 0 исходящих — данных для роли нет,2238,R6: нет переводов ≥5 000 ₸,-,no_data,False,0.0,True,0,0,0,0.0,0.0,0,0,-1.0,-1.0,0.0,0,0,0.00028557,0.0,-,0.0315,0.001,0.0661,0.0,0.0
100000005480435100,peripheral,1.0,0,0.0986,Seed без внутрибанковских переводов ≥5 000 ₸ за июль: 0 входящих и 0 исходящих — данных для роли нет,2239,R6: нет переводов ≥5 000 ₸,-,no_data,False,0.0,True,0,0,0,0.0,0.0,0,0,-1.0,-1.0,0.0,0,0,0.00028557,0.0,-,0.0315,0.001,0.0661,0.0,0.0
100000005495722100,peripheral,1.0,0,0.0986,Seed без внутрибанковских переводов ≥5 000 ₸ за июль: 0 входящих и 0 исходящих — данных для роли нет,2240,R6: нет переводов ≥5 000 ₸,-,no_data,False,0.0,True,0,0,0,0.0,0.0,0,0,-1.0,-1.0,0.0,0,0,0.00028557,0.0,-,0.0315,0.001,0.0661,0.0,0.0
100000005550592100,peripheral,1.0,0,0.0986,Seed без внутрибанковских переводов ≥5 000 ₸ за июль: 0 входящих и 0 исходящих — данных для роли нет,2241,R6: нет переводов ≥5 000 ₸,-,no_data,False,0.0,True,0,0,0,0.0,0.0,0,0,-1.0,-1.0,0.0,0,0,0.00028557,0.0,-,0.0315,0.001,0.0661,0.0,0.0
100000005560900100,peripheral,1.0,0,0.0986,Seed без внутрибанковских переводов ≥5 000 ₸ за июль: 0 входящих и 0 исходящих — данных для роли нет,2242,R6: нет переводов ≥5 000 ₸,-,no_data,False,0.0,True,0,0,0,0.0,0.0,0,0,-1.0,-1.0,0.0,0,0,0.00028557,0.0,-,0.0315,0.001,0.0661,0.0,0.0
100000005568407100,peripheral,1.0,0,0.0986,Seed без внутрибанковских переводов ≥5 000 ₸ за июль: 0 входящих и 0 исходящих — данных для роли нет,2243,R6: нет переводов ≥5 000 ₸,-,no_data,False,0.0,True,0,0,0,0.0,0.0,0,0,-1.0,-1.0,0.0,0,0,0.00028557,0.0,-,0.0315,0.001,0.0661,0.0,0.0
100000008117324100,peripheral,1.0,0,0.0986,Seed без внутрибанковских переводов ≥5 000 ₸ за июль: 0 входящих и 0 исходящих — данных для роли нет,2244,R6: нет переводов ≥5 000 ₸,-,no_data,False,0.0,True,0,0,0,0.0,0.0,0,0,-1.0,-1.0,0.0,0,0,0.00028557,0.0,-,0.0315,0.001,0.0661,0.0,0.0
100000008205000100,peripheral,1.0,0,0.0986,Seed без внутрибанковских переводов ≥5 000 ₸ за июль: 0 входящих и 0 исходящих — данных для роли нет,2245,R6: нет переводов ≥5 000 ₸,-,no_data,False,0.0,True,0,0,0,0.0,0.0,0,0,-1.0,-1.0,0.0,0,0,0.00028557,0.0,-,0.0315,0.001,0.0661,0.0,0.0
100000008513251100,peripheral,1.0,0,0.0986,Seed без внутрибанковских переводов ≥5 000 ₸ за июль: 0 входящих и 0 исходящих — данных для роли нет,2246,R6: нет переводов ≥5 000 ₸,-,no_data,False,0.0,True,0,0,0,0.0,0.0,0,0,-1.0,-1.0,0.0,0,0,0.00028557,0.0,-,0.0315,0.001,0.0661,0.0,0.0
100000008669037100,peripheral,1.0,0,0.0986,Seed без внутрибанковских переводов ≥5 000 ₸ за июль: 0 входящих и 0 исходящих — данных для роли нет,2247,R6: нет переводов ≥5 000 ₸,-,no_data,False,0.0,True,0,0,0,0.0,0.0,0,0,-1.0,-1.0,0.0,0,0,0.00028557,0.0,-,0.0315,0.001,0.0661,0.0,0.0
100000008701222100,peripheral,1.0,0,0.0986,Seed без внутрибанковских переводов ≥5 000 ₸ за июль: 0 входящих и 0 исходящих — данных для роли нет,2248,R6: нет переводов ≥5 000 ₸,-,no_data,False,0.0,True,0,0,0,0.0,0.0,0,0,-1.0,-1.0,0.0,0,0,0.00028557,0.0,-,0.0315,0.001,0.0661,0.0,0.0
